Variation	Genes	Type	Condition	Classification	Review status	Molecular consequence	Protein change	Germline date last evaluated	Somatic clinical impact date last evaluated	Oncogenicity date last evaluated	GRCh37 Location	GRCh38 Location	Variation ID	VCV accession	rs_ID
NM_000314.4(PTEN):c.-2500_-2499delinsCC	KLLN|PTEN	single nucleotide variant	not specified	G: Uncertain significance	criteria provided, single submitter	missense variant	K173R	2019/07/23			10:89621727	10:87861970	1337289	VCV001337289	rs2132136585
NM_001126049.2(KLLN):c.445T>A (p.Trp149Arg)	KLLN|PTEN	single nucleotide variant	not specified, not provided	G: Benign/Likely benign	criteria provided, multiple submitters, no conflicts	missense variant	W149R	2026/01/01			10:89621800	10:87862043	1337818	VCV001337818	rs144811392
NM_001126049.2(KLLN):c.392A>G (p.Asn131Ser)	KLLN|PTEN	single nucleotide variant	not specified, not provided	G: Benign/Likely benign	criteria provided, multiple submitters, no conflicts	missense variant	N131S	2026/01/01			10:89621853	10:87862096	1337856	VCV001337856	rs147932146
NM_001126049.2(KLLN):c.382C>G (p.Arg128Gly)	KLLN|PTEN	single nucleotide variant	not specified, not provided	G: Benign/Likely benign	criteria provided, multiple submitters, no conflicts	missense variant	R128G	2026/01/01			10:89621863	10:87862106	1174734	VCV001174734	rs201652303
NM_000314.6(PTEN):c.-2216G>T	KLLN|PTEN	single nucleotide variant	not specified	G: Uncertain significance	criteria provided, single submitter	missense variant	P79T	2020/04/20			10:89622010	10:87862253	1336732	VCV001336732	rs955543891
NM_000314.7(PTEN):c.-2112C>G	KLLN|PTEN	single nucleotide variant	not specified	G: Uncertain significance	criteria provided, single submitter	missense variant	G44A	2020/12/18			10:89622114	10:87862357	1338012	VCV001338012	rs2132137578
NM_000314.4(PTEN):c.-2111C>G	KLLN|PTEN	single nucleotide variant	not specified, not provided	G: Uncertain significance	criteria provided, multiple submitters, no conflicts	missense variant	G44R	2020/12/18			10:89622115	10:87862358	1337958	VCV001337958	rs186106725
NM_000314.6(PTEN):c.-2039A>G	KLLN|PTEN	single nucleotide variant	not specified	G: Likely benign	criteria provided, single submitter	missense variant	Y20H	2019/04/02			10:89622187	10:87862430	1337087	VCV001337087	rs2132137800
NM_000314.4(PTEN):c.-1998G>A	KLLN|PTEN	single nucleotide variant	not specified	G: Uncertain significance	criteria provided, single submitter	missense variant	P6L	2021/01/04			10:89622228	10:87862471	1337796	VCV001337796	rs1261597861
NM_000314.4(PTEN):c.-907T>G	LOC130004273|MLDHR|PTEN	single nucleotide variant	Hereditary cancer-predisposing syndrome, not provided	G: Uncertain significance	criteria provided, multiple submitters, no conflicts	missense variant	W2G	2025/05/07			10:89623319	10:87863562	127680	VCV000127680	rs587779998
NM_000314.4(PTEN):c.-906G>C	LOC130004273|MLDHR|PTEN	single nucleotide variant	not provided, Hereditary cancer-predisposing syndrome	G: Uncertain significance	criteria provided, multiple submitters, no conflicts	missense variant	W2S	2019/10/18			10:89623320	10:87863563	822982	VCV000822982	rs1064796116
NM_000314.4(PTEN):c.-904C>T	LOC130004273|MLDHR|PTEN	single nucleotide variant	not provided	G: Uncertain significance	criteria provided, single submitter	missense variant	R3W	2024/04/24			10:89623322	10:87863565	3372886	VCV003372886	
NM_000314.4(PTEN):c.-904_-903delCGinsGA	LOC130004273|MLDHR|PTEN	Indel	not provided	G: Uncertain significance	criteria provided, single submitter	missense variant	R3E	2024/03/03			10:89623322	10:87863565	503734	VCV000503734	rs1554889939
NM_000314.4(PTEN):c.-903G>T	LOC130004273|MLDHR|PTEN	single nucleotide variant	Hereditary cancer-predisposing syndrome	G: Uncertain significance	criteria provided, multiple submitters, no conflicts	missense variant	R3L	2025/06/20			10:89623323	10:87863566	822924	VCV000822924	rs1044322
NM_000314.8(PTEN):c.-902G>A	MLDHR|LOC130004273|PTEN	single nucleotide variant	not specified, not provided	G: Uncertain significance	criteria provided, multiple submitters, no conflicts	missense variant	D4N	2026/03/17			10:89623325	10:87863568	495811	VCV000495811	rs1402130017
NM_000314.8(PTEN):c.-898C>G	LOC130004273|MLDHR|PTEN	single nucleotide variant	Hereditary cancer-predisposing syndrome, not provided	G: Uncertain significance	criteria provided, multiple submitters, no conflicts	missense variant	S5C	2025/08/28			10:89623329	10:87863572	141748	VCV000141748	rs587781981
NM_000314.4(PTEN):c.-892T>C	LOC130004273|MLDHR|PTEN	single nucleotide variant	not provided	G: Uncertain significance	criteria provided, single submitter	missense variant	C7R	2023/11/25			10:89623334	10:87863577	189493	VCV000189493	rs786204938
NM_000314.4(PTEN):c.-889G>A	LOC130004273|MLDHR|PTEN	single nucleotide variant	not provided	G: Uncertain significance	criteria provided, single submitter	missense variant	A8T	2025/05/29			10:89623337	10:87863580	4532369	VCV004532369	
NM_000314.4(PTEN):c.-877T>C	LOC130004273|MLDHR|PTEN	single nucleotide variant	not provided	G: Uncertain significance	criteria provided, single submitter	missense variant	Y12H	2023/01/10			10:89623349	10:87863592	2571767	VCV002571767	rs2493584710
NM_000314.4(PTEN):c.-871C>T	LOC130004273|MLDHR|PTEN	single nucleotide variant	not provided	G: Uncertain significance	criteria provided, single submitter	missense variant	L14F	2019/12/09			10:89623355	10:87863598	1048098	VCV001048098	rs1858338852
NM_000314.4(PTEN):c.-868G>T	MLDHR|PTEN|LOC130004273	single nucleotide variant	not provided	G: Uncertain significance	criteria provided, single submitter	missense variant	G15C	2018/07/20			10:89623358	10:87863601	189495	VCV000189495	rs587782133
NM_000314.4(PTEN):c.-864C>G	LOC130004273|MLDHR|PTEN	single nucleotide variant	not provided	G: Uncertain significance	criteria provided, single submitter	missense variant	A16G	2024/12/20			10:89623362	10:87863605	3906484	VCV003906484	
NM_000314.4(PTEN):c.-864C>T	LOC130004273|MLDHR|PTEN	single nucleotide variant	not provided	G: Uncertain significance	criteria provided, single submitter	missense variant	A16V	2024/08/16			10:89623362	10:87863605	488857	VCV000488857	rs537241946
NM_000314.4(PTEN):c.-862G>C	LOC130004273|MLDHR|PTEN	single nucleotide variant	Hereditary cancer-predisposing syndrome	G: Uncertain significance	criteria provided, single submitter	missense variant	G17R	2019/07/10			10:89623364	10:87863607	822613	VCV000822613	rs587781706
NM_000314.4(PTEN):c.-862G>A	LOC130004273|MLDHR|PTEN	single nucleotide variant	Hereditary cancer-predisposing syndrome, not provided	G: Uncertain significance	criteria provided, multiple submitters, no conflicts	missense variant	G17R	2019/05/31			10:89623364	10:87863607	234823	VCV000234823	rs587781706
NM_000314.4(PTEN):c.-862G>T	LOC130004273|MLDHR|PTEN	single nucleotide variant	Hereditary cancer-predisposing syndrome, not provided	G: Uncertain significance	criteria provided, multiple submitters, no conflicts	missense variant	G17W	2025/02/18			10:89623364	10:87863607	141383	VCV000141383	rs587781706
NM_000314.4(PTEN):c.-861G>A	LOC130004273|MLDHR|PTEN	single nucleotide variant	Hereditary cancer-predisposing syndrome, not provided	G: Uncertain significance	criteria provided, multiple submitters, no conflicts	missense variant	G17E	2023/06/22			10:89623365	10:87863608	822606	VCV000822606	rs587776675
NM_000314.4(PTEN):c.-861G>C	LOC130004273|MLDHR|PTEN	single nucleotide variant	not provided	G: Uncertain significance	criteria provided, single submitter	missense variant	G17A	2023/05/23			10:89623365	10:87863608	189496	VCV000189496	rs587776675
NM_000314.4(PTEN):c.-859A>C	LOC130004273|MLDHR|PTEN	single nucleotide variant	not provided	G: Uncertain significance	criteria provided, single submitter	missense variant	T18P	2024/08/29			10:89623367	10:87863610	234457	VCV000234457	rs876661029
NM_000314.4(PTEN):c.-858C>T	LOC130004273|MLDHR|PTEN	single nucleotide variant	not provided	G: Uncertain significance	criteria provided, single submitter	missense variant	T18M	2025/06/29			10:89623368	10:87863611	4540289	VCV004540289	
NM_000314.4(PTEN):c.-858C>G	LOC130004273|MLDHR|PTEN	single nucleotide variant	not provided	G: Uncertain significance	criteria provided, multiple submitters, no conflicts	missense variant	T18R	2019/04/15			10:89623368	10:87863611	488764	VCV000488764	rs1034838800
NC_000010.11:g.87863613C>G	MLDHR|LOC130004273|PTEN	single nucleotide variant	not specified, not provided	G: Uncertain significance	criteria provided, multiple submitters, no conflicts	missense variant	R19G	2023/08/20			10:89623370	10:87863613	127678	VCV000127678	rs587779996
NM_000314.4(PTEN):c.-852T>A	LOC130004273|MLDHR|PTEN	single nucleotide variant	not provided	G: Uncertain significance	criteria provided, single submitter	missense variant	L20Q	2015/03/19			10:89623374	10:87863617	488747	VCV000488747	rs1554889968
NM_000314.6(PTEN):c.-850C>T	LOC130004273|MLDHR|PTEN	single nucleotide variant	not specified, not provided	G: Uncertain significance	criteria provided, multiple submitters, no conflicts	missense variant	R21C	2024/02/07			10:89623376	10:87863619	234486	VCV000234486	rs559145151
NM_000314.4(PTEN):c.-849G>T	LOC130004273|MLDHR|PTEN	single nucleotide variant	not provided	G: Uncertain significance	criteria provided, single submitter	missense variant	R21L	2024/01/17			10:89623377	10:87863620	3367963	VCV003367963	
NM_000314.4(PTEN):c.-849G>C	LOC130004273|MLDHR|PTEN	single nucleotide variant	not provided	G: Uncertain significance	criteria provided, single submitter	missense variant	R21P	2023/06/09			10:89623377	10:87863620	3253488	VCV003253488	rs978410497
NM_000314.4(PTEN):c.-849G>A	LOC130004273|MLDHR|PTEN	single nucleotide variant	not provided	G: Uncertain significance	criteria provided, single submitter	missense variant	R21H	2025/03/13			10:89623377	10:87863620	2579638	VCV002579638	rs978410497
NM_000314.4(PTEN):c.-847T>G	LOC130004273|MLDHR|PTEN	single nucleotide variant	not provided	G: Uncertain significance	criteria provided, single submitter	missense variant	S22A	2023/12/07			10:89623379	10:87863622	3252413	VCV003252413	rs2493585070
NM_000314.4(PTEN):c.-846C>T	LOC130004273|MLDHR|PTEN	single nucleotide variant	not provided	G: Uncertain significance	criteria provided, single submitter	missense variant	S22L	2023/10/03			10:89623380	10:87863623	189407	VCV000189407	rs786204860
NM_000314.8(PTEN):c.-513G>T	PTEN	single nucleotide variant	not provided	G: Likely benign	criteria provided, single submitter	5 prime UTR variant, missense variant	R3L	2025/10/01			10:89623714	10:87863957	3051450	VCV003051450	rs546504608
NM_000314.8(PTEN):c.-513G>C	PTEN	single nucleotide variant	Hereditary cancer, not provided	G: Benign/Likely benign	criteria provided, multiple submitters, no conflicts	5 prime UTR variant, missense variant	R3P	2025/06/01			10:89623714	10:87863957	1701142	VCV001701142	rs546504608
NM_000314.8(PTEN):c.-501C>G	PTEN	single nucleotide variant	not provided	G: Uncertain significance	criteria provided, single submitter	5 prime UTR variant, missense variant	A7G	2023/06/01			10:89623726	10:87863969	2640662	VCV002640662	rs1564800851
NM_000314.8(PTEN):c.-478G>A	PTEN	single nucleotide variant	Cowden syndrome 1	G: Uncertain significance	criteria provided, single submitter	5 prime UTR variant, missense variant	A15T	2025/05/16			10:89623749	10:87863992	4277216	VCV004277216	
NM_000314.8(PTEN):c.-475G>T	PTEN	single nucleotide variant	Hereditary breast ovarian cancer syndrome	G: Uncertain significance	criteria provided, single submitter	5 prime UTR variant, missense variant	A16S	2019/05/01			10:89623752	10:87863995	830308	VCV000830308	rs889404566
NM_000314.8(PTEN):c.-471C>T	PTEN	single nucleotide variant	not provided	G: Uncertain significance	criteria provided, single submitter	5 prime UTR variant, missense variant	A17V	2023/05/01			10:89623756	10:87863999	2640663	VCV002640663	rs1589595246
NM_000314.8(PTEN):c.-466G>A	PTEN	single nucleotide variant	not provided	G: Likely benign	criteria provided, single submitter	5 prime UTR variant, missense variant	G19R				10:89623761	10:87864004	3051078	VCV003051078	rs1012291977
NM_000314.8(PTEN):c.-462G>A	PTEN	single nucleotide variant	not specified	G: Uncertain significance	criteria provided, single submitter	5 prime UTR variant, missense variant	R20K	2020/02/13			10:89623765	10:87864008	301410	VCV000301410	rs886047388
NM_000314.8(PTEN):c.-460G>C	PTEN	single nucleotide variant	PTEN-related disorder	G: Likely benign	no assertion criteria provided	5 prime UTR variant, missense variant	G21R	2019/11/13			10:89623767	10:87864010	3045216	VCV003045216	rs2493587691
NM_000314.8(PTEN):c.-448C>T	PTEN	single nucleotide variant	not provided	G: Uncertain significance	criteria provided, single submitter	5 prime UTR variant, missense variant	P25S	2021/12/22			10:89623779	10:87864022	1693024	VCV001693024	rs2132142738
NM_000314.8(PTEN):c.-438T>C	PTEN	single nucleotide variant	PTEN-related disorder	G: Likely benign	no assertion criteria provided	5 prime UTR variant, missense variant	I28T	2024/05/07			10:89623789	10:87864032	3358543	VCV003358543	
NM_000314.8(PTEN):c.-400C>T	PTEN	single nucleotide variant	not provided	G: Likely benign	criteria provided, single submitter	5 prime UTR variant, missense variant	L41F	2026/04/29			10:89623827	10:87864070	4851839	VCV004851839	
NM_000314.8(PTEN):c.-354G>A	PTEN	single nucleotide variant	not provided	G: Uncertain significance	criteria provided, single submitter	5 prime UTR variant, missense variant	G56R	2021/01/28			10:89623873	10:87864116	1330055	VCV001330055	rs1242894494
NM_000314.8(PTEN):c.-329C>T	PTEN	single nucleotide variant	PTEN-related disorder	G: Likely benign	no assertion criteria provided	5 prime UTR variant, missense variant	P64L	2020/02/10			10:89623898	10:87864141	3051701	VCV003051701	rs1001571902
NM_000314.8(PTEN):c.-326=	PTEN	Variation	Myeloproliferative neoplasm, unclassifiable	G: Pathogenic	criteria provided, single submitter	no sequence alteration, missense variant, 5 prime UTR variant	S65C	2022/08/25			10:89623901	10:87864144	1705890	VCV001705890	
NM_000314.8(PTEN):c.-318G>T	PTEN	single nucleotide variant	Cowden syndrome 1	G: Uncertain significance	criteria provided, single submitter	5 prime UTR variant, missense variant	A68S	2022/09/02			10:89623909	10:87864152	1699095	VCV001699095	rs2132143454
NM_000314.8(PTEN):c.-309C>G	PTEN	single nucleotide variant	not provided	G: Likely benign	no assertion criteria provided	5 prime UTR variant, missense variant	P71A	2026/04/02			10:89623918	10:87864161	4852728	VCV004852728	
NM_000314.8(PTEN):c.-290A>T	PTEN	single nucleotide variant	not provided	G: Likely benign	criteria provided, single submitter	5 prime UTR variant, missense variant	E77V	2024/03/01			10:89623937	10:87864180	492724	VCV000492724	rs985226639
NM_000314.8(PTEN):c.-289G>C	PTEN	single nucleotide variant	Hereditary cancer-predisposing syndrome	G: Uncertain significance	criteria provided, single submitter	5 prime UTR variant, missense variant	E77D	2021/07/08			10:89623938	10:87864181	1692368	VCV001692368	rs1589595561
NM_000314.8(PTEN):c.-284C>T	PTEN	single nucleotide variant	not provided, PTEN hamartoma tumor syndrome	G: Benign	criteria provided, multiple submitters, no conflicts	5 prime UTR variant, missense variant	A79V	2022/07/01			10:89623943	10:87864186	301415	VCV000301415	rs552470098
NM_000314.8(PTEN):c.-270C>A	PTEN	single nucleotide variant	not provided	G: Uncertain significance	criteria provided, single submitter	5 prime UTR variant, missense variant	R84S	2025/04/17			10:89623957	10:87864200	4282421	VCV004282421	
NM_000314.8(PTEN):c.-266C>G	PTEN	single nucleotide variant	PTEN hamartoma tumor syndrome	G: Uncertain significance	criteria provided, single submitter	5 prime UTR variant, missense variant	S85W	2017/11/19			10:89623961	10:87864204	879312	VCV000879312	rs1337121620
NM_000314.8(PTEN):c.-260A>G	PTEN	single nucleotide variant	not provided	G: Uncertain significance	criteria provided, single submitter	5 prime UTR variant, missense variant	D87G	2022/09/01			10:89623967	10:87864210	1711262	VCV001711262	rs2132143839
NM_000314.8(PTEN):c.-254C>T	PTEN	single nucleotide variant	PTEN-related disorder	G: Uncertain significance	no assertion criteria provided	5 prime UTR variant, missense variant	S89L	2024/03/25			10:89623973	10:87864216	3354213	VCV003354213	
NM_000314.8(PTEN):c.-252T>C	PTEN	single nucleotide variant	PTEN-related disorder	G: Likely benign	no assertion criteria provided	5 prime UTR variant, missense variant	S90P	2024/08/29			10:89623975	10:87864218	3355529	VCV003355529	
NM_000314.8(PTEN):c.-224C>T	PTEN	single nucleotide variant	not provided	G: Uncertain significance	criteria provided, single submitter	5 prime UTR variant, missense variant	A99V	2026/02/01			10:89624003	10:87864246	4821745	VCV004821745	
NM_000314.8(PTEN):c.-176C>G	PTEN	single nucleotide variant	not provided	G: Uncertain significance	criteria provided, single submitter	5 prime UTR variant, missense variant	S115C	2025/09/22			10:89624051	10:87864294	4813906	VCV004813906	
NM_000314.8(PTEN):c.-176C>A	PTEN	single nucleotide variant	not provided	G: Uncertain significance	criteria provided, single submitter	5 prime UTR variant, missense variant	S115Y	2025/04/02			10:89624051	10:87864294	4278568	VCV004278568	
NM_000314.8(PTEN):c.-174A>G	PTEN	single nucleotide variant	not provided	G: Uncertain significance	criteria provided, single submitter	5 prime UTR variant, missense variant	S116G	2025/03/11			10:89624053	10:87864296	4083023	VCV004083023	
NM_000314.8(PTEN):c.-159A>G	PTEN	single nucleotide variant	PTEN hamartoma tumor syndrome	G: Uncertain significance	criteria provided, single submitter	5 prime UTR variant, missense variant	S121G	2018/01/13			10:89624068	10:87864311	879313	VCV000879313	rs1858384585
NM_000314.8(PTEN):c.-156C>G	PTEN	single nucleotide variant	Macrocephaly-autism syndrome, Familial meningioma, Glioma susceptibility 2, Familial prostate cancer, Cowden syndrome 1, Hereditary breast ovarian cancer syndrome	G: Uncertain significance	criteria provided, multiple submitters, no conflicts	5 prime UTR variant, missense variant	H122D	2024/05/29			10:89624071	10:87864314	830309	VCV000830309	rs535471450
NM_000314.8(PTEN):c.-153T>C	PTEN	single nucleotide variant	not provided	G: Uncertain significance	criteria provided, single submitter	5 prime UTR variant, missense variant	Y123H	2023/06/17			10:89624074	10:87864317	3340562	VCV003340562	
NM_000314.8(PTEN):c.-152A>G	PTEN	single nucleotide variant	PTEN hamartoma tumor syndrome	G: Benign	criteria provided, single submitter	5 prime UTR variant, missense variant	Y123C	2018/01/12			10:89624075	10:87864318	301419	VCV000301419	rs369849061
NM_000314.8(PTEN):c.-150C>T	PTEN	single nucleotide variant	not provided	G: Uncertain significance	criteria provided, single submitter	5 prime UTR variant, missense variant	P124S	2025/02/18			10:89624077	10:87864320	4075521	VCV004075521	
NM_000314.8(PTEN):c.-136G>C	PTEN	single nucleotide variant	Hamartomatous polyposis	G: Pathogenic	no assertion criteria provided	5 prime UTR variant, missense variant	Q128H				10:89624091	10:87864334	1264324	VCV001264324	rs2132144454
NM_000314.8(PTEN):c.-122C>T	PTEN	single nucleotide variant	PTEN-related disorder	G: Uncertain significance	criteria provided, single submitter	5 prime UTR variant, missense variant	A133V	2023/03/24			10:89624105	10:87864348	2629086	VCV002629086	rs1858386306
NM_000314.8(PTEN):c.-118G>C	PTEN	single nucleotide variant	not provided	G: Uncertain significance	criteria provided, single submitter	5 prime UTR variant, missense variant	E134D	2025/07/18			10:89624109	10:87864352	4686519	VCV004686519	
NM_000314.8(PTEN):c.-86C>T	PTEN	single nucleotide variant	not provided	G: Uncertain significance	criteria provided, single submitter	5 prime UTR variant, missense variant	A145V	2023/11/20			10:89624141	10:87864384	3572055	VCV003572055	
NM_000314.8(PTEN):c.-66A>C	PTEN	single nucleotide variant	not provided	G: Uncertain significance	criteria provided, single submitter	5 prime UTR variant, missense variant	K152Q	2024/10/30			10:89624161	10:87864404	3039090	VCV003039090	rs1252194901
NM_000314.8(PTEN):c.-65A>C	PTEN	single nucleotide variant	not provided	G: Uncertain significance	criteria provided, single submitter	5 prime UTR variant, missense variant	K152T	2024/09/29			10:89624162	10:87864405	2682057	VCV002682057	rs2132144836
NM_000314.8(PTEN):c.-33T>C	PTEN	single nucleotide variant	not provided	G: Uncertain significance	criteria provided, single submitter	5 prime UTR variant, missense variant	S163P	2019/07/01			10:89624194	10:87864437	1319022	VCV001319022	rs1858391081
NM_000314.8(PTEN):c.-32C>T	PTEN	single nucleotide variant	not provided	G: Uncertain significance	criteria provided, single submitter	5 prime UTR variant, missense variant	S163F	2016/05/05			10:89624195	10:87864438	421109	VCV000421109	rs376610243
NM_000314.8(PTEN):c.-27T>C	PTEN	single nucleotide variant	not provided	G: Uncertain significance	criteria provided, single submitter	5 prime UTR variant, missense variant	F165L	2020/09/01			10:89624200	10:87864443	1013569	VCV001013569	rs1858391629
NM_000314.8(PTEN):c.-26T>C	PTEN	single nucleotide variant	not provided	G: Uncertain significance	criteria provided, multiple submitters, no conflicts	5 prime UTR variant, missense variant	F165S	2025/08/26			10:89624201	10:87864444	189456	VCV000189456	rs750098228
NM_000314.8(PTEN):c.-17G>C	PTEN	single nucleotide variant	Cowden syndrome 1	G: Uncertain significance	criteria provided, single submitter	5 prime UTR variant, missense variant	S168T	2020/01/07			10:89624210	10:87864453	998282	VCV000998282	rs1064793744
NM_000314.8(PTEN):c.-17G>T	PTEN	single nucleotide variant	not provided	G: Uncertain significance	criteria provided, single submitter	5 prime UTR variant, missense variant	S168I	2015/06/11			10:89624210	10:87864453	419243	VCV000419243	rs1064793744
NM_000314.8(PTEN):c.-15C>T	PTEN	single nucleotide variant	not provided, PTEN hamartoma tumor syndrome	G: Uncertain significance	criteria provided, multiple submitters, no conflicts	5 prime UTR variant, missense variant	H169Y	2025/05/19			10:89624212	10:87864455	418433	VCV000418433	rs1064793241
NM_000314.8(PTEN):c.-14A>G	PTEN	single nucleotide variant	Hereditary cancer-predisposing syndrome, not provided	G: Uncertain significance	criteria provided, multiple submitters, no conflicts	5 prime UTR variant, missense variant	H169R	2022/04/06			10:89624213	10:87864456	421343	VCV000421343	rs755295390
NM_000314.8(PTEN):c.-12A>T	PTEN	single nucleotide variant	not specified, Hereditary cancer-predisposing syndrome	G: Likely benign	criteria provided, multiple submitters, no conflicts	5 prime UTR variant, missense variant	R170W	2020/12/23			10:89624215	10:87864458	381346	VCV000381346	rs753142719
NM_000314.8(PTEN):c.-9C>T	PTEN	single nucleotide variant	not provided	G: Uncertain significance	criteria provided, single submitter	5 prime UTR variant, missense variant	L171F	2020/11/27			10:89624218	10:87864461	1330033	VCV001330033	rs11202592
NM_000314.8(PTEN):c.-9C>G	PTEN	single nucleotide variant	PTEN hamartoma tumor syndrome	G: Benign	reviewed by expert panel	5 prime UTR variant, missense variant	L171V	2016/11/09			10:89624218	10:87864461	92808	VCV000092808	rs11202592
NM_000314.8(PTEN):c.-8T>G	PTEN	single nucleotide variant	Hereditary cancer-predisposing syndrome	G: Uncertain significance	criteria provided, single submitter	5 prime UTR variant, missense variant	L171R	2025/06/23			10:89624219	10:87864462	4757098	VCV004757098	
NM_000314.8(PTEN):c.-8T>C	PTEN	single nucleotide variant	Hereditary cancer-predisposing syndrome, not provided	G: Uncertain significance	criteria provided, multiple submitters, no conflicts	5 prime UTR variant, missense variant	L171P	2025/03/11			10:89624219	10:87864462	631126	VCV000631126	rs749356977
NM_000314.8(PTEN):c.-6C>T	PTEN	single nucleotide variant	Hereditary cancer-predisposing syndrome	G: Uncertain significance	criteria provided, single submitter	5 prime UTR variant, missense variant	P172S	2025/07/07			10:89624221	10:87864464	4757514	VCV004757514	
NM_000314.8(PTEN):c.-6C>A	PTEN	single nucleotide variant	Hereditary cancer-predisposing syndrome, not provided	G: Uncertain significance	criteria provided, multiple submitters, no conflicts	5 prime UTR variant, missense variant	P172T	2025/04/13			10:89624221	10:87864464	490109	VCV000490109	rs1554890322
NM_000314.8(PTEN):c.1A>C (p.Met1Leu)	PTEN	single nucleotide variant	not provided	G: Pathogenic	criteria provided, single submitter	missense variant, initiator_codon_variant, 5 prime UTR variant	M174L, M1L	2023/06/08			10:89624227	10:87864470	3340277	VCV003340277	
NM_000314.8(PTEN):c.1A>T (p.Met1Leu)	PTEN	single nucleotide variant	Macrocephaly-autism syndrome, Cowden syndrome 1	G: Pathogenic/Likely pathogenic	criteria provided, multiple submitters, no conflicts	missense variant, initiator_codon_variant, 5 prime UTR variant	M174L, M1L	2026/06/07			10:89624227	10:87864470	3148533	VCV003148533	rs1554890324
NM_000314.8(PTEN):c.2T>G (p.Met1Arg)	PTEN	single nucleotide variant	Cowden syndrome 1, Hereditary cancer-predisposing syndrome, Syndromic microphthalmia, PTEN-related disorder	G: Pathogenic/Likely pathogenic	criteria provided, multiple submitters, no conflicts	missense variant, initiator_codon_variant, 5 prime UTR variant	M174R, M1R	2025/10/05			10:89624228	10:87864471	2674279	VCV002674279	rs1858394001
NM_000314.8(PTEN):c.2T>C (p.Met1Thr)	PTEN	single nucleotide variant	Cowden syndrome 1	G: Pathogenic	criteria provided, single submitter	missense variant, initiator_codon_variant, 5 prime UTR variant	M174T, M1T	2022/05/04			10:89624228	10:87864471	1686106	VCV001686106	rs1858394001
NM_000314.8(PTEN):c.3G>A (p.Met1Ile)	PTEN	single nucleotide variant	PTEN hamartoma tumor syndrome	G: Pathogenic	criteria provided, single submitter	missense variant, initiator_codon_variant, 5 prime UTR variant	M1I, M174I	2021/06/29			10:89624229	10:87864472	1457954	VCV001457954	rs2132145343
NM_000314.8(PTEN):c.4A>G (p.Thr2Ala)	PTEN	single nucleotide variant	PTEN hamartoma tumor syndrome	G: Uncertain significance	criteria provided, single submitter	missense variant, 5 prime UTR variant	T175A, T2A	2025/12/18			10:89624230	10:87864473	4797564	VCV004797564	
NM_000314.8(PTEN):c.7G>A (p.Ala3Thr)	PTEN	single nucleotide variant	PTEN hamartoma tumor syndrome, Hereditary cancer-predisposing syndrome	G: Uncertain significance	criteria provided, multiple submitters, no conflicts	missense variant, 5 prime UTR variant	A3T, A176T	2025/05/06			10:89624233	10:87864476	827381	VCV000827381	rs1589596120
NM_000314.8(PTEN):c.8C>A (p.Ala3Asp)	PTEN	single nucleotide variant	Hereditary cancer-predisposing syndrome	G: Uncertain significance	criteria provided, single submitter	missense variant, 5 prime UTR variant	A3D, A176D	2025/10/07			10:89624234	10:87864477	4676905	VCV004676905	
NM_000314.8(PTEN):c.8C>T (p.Ala3Val)	PTEN	single nucleotide variant	PTEN hamartoma tumor syndrome, Hereditary cancer-predisposing syndrome	G: Uncertain significance	criteria provided, multiple submitters, no conflicts	missense variant, 5 prime UTR variant	A3V, A176V	2024/10/18			10:89624234	10:87864477	629265	VCV000629265	rs1564801650
NM_000314.8(PTEN):c.11T>C (p.Ile4Thr)	PTEN	single nucleotide variant	PTEN hamartoma tumor syndrome, Hereditary cancer-predisposing syndrome	G: Uncertain significance	criteria provided, multiple submitters, no conflicts	missense variant, 5 prime UTR variant	I177T, I4T	2025/02/20			10:89624237	10:87864480	1420594	VCV001420594	rs1858394571
NM_000314.8(PTEN):c.11T>G (p.Ile4Ser)	PTEN	single nucleotide variant	Hereditary cancer-predisposing syndrome	G: Uncertain significance	criteria provided, single submitter	missense variant, 5 prime UTR variant	I4S, I177S	2024/03/06			10:89624237	10:87864480	922734	VCV000922734	rs1858394571
NM_000314.8(PTEN):c.13A>T (p.Ile5Phe)	PTEN	single nucleotide variant	PTEN hamartoma tumor syndrome	G: Uncertain significance	criteria provided, single submitter	missense variant, 5 prime UTR variant	I178F, I5F	2022/04/22			10:89624239	10:87864482	1518129	VCV001518129	rs1060500109
NM_000314.8(PTEN):c.13A>G (p.Ile5Val)	PTEN	single nucleotide variant	PTEN hamartoma tumor syndrome	G: Uncertain significance	criteria provided, single submitter	missense variant, 5 prime UTR variant	I5V, I178V	2018/09/29			10:89624239	10:87864482	404139	VCV000404139	rs1060500109
NM_000314.8(PTEN):c.14T>A (p.Ile5Asn)	PTEN	single nucleotide variant	PTEN hamartoma tumor syndrome, Hereditary cancer-predisposing syndrome	G: Uncertain significance	criteria provided, multiple submitters, no conflicts	missense variant, 5 prime UTR variant	I178N, I5N	2023/05/12			10:89624240	10:87864483	1447678	VCV001447678	rs2132145451
NM_000314.8(PTEN):c.17A>T (p.Lys6Ile)	PTEN	single nucleotide variant	not provided	G: Likely pathogenic	criteria provided, single submitter	missense variant, 5 prime UTR variant	K179I, K6I	2024/12/12			10:89624243	10:87864486	3903209	VCV003903209	
NM_000314.8(PTEN):c.17A>C (p.Lys6Thr)	PTEN	single nucleotide variant	PTEN hamartoma tumor syndrome, Hereditary cancer-predisposing syndrome	G: Uncertain significance	criteria provided, multiple submitters, no conflicts	missense variant, 5 prime UTR variant	K179T, K6T	2025/11/05			10:89624243	10:87864486	3387544	VCV003387544	
NM_000314.8(PTEN):c.17A>G (p.Lys6Arg)	PTEN	single nucleotide variant	Hereditary cancer-predisposing syndrome, PTEN hamartoma tumor syndrome	G: Uncertain significance	criteria provided, multiple submitters, no conflicts	missense variant, 5 prime UTR variant	K179R, K6R	2025/09/10			10:89624243	10:87864486	1780350	VCV001780350	rs2493591646
NM_000314.8(PTEN):c.18A>C (p.Lys6Asn)	PTEN	single nucleotide variant	Hereditary cancer-predisposing syndrome	G: Uncertain significance	criteria provided, single submitter	missense variant, 5 prime UTR variant	K6N, K179N	2023/05/08		2025/03/04	10:89624244	10:87864487	2561217	VCV002561217	rs876660391
NM_000314.8(PTEN):c.21G>C (p.Glu7Asp)	PTEN	single nucleotide variant	Hereditary cancer-predisposing syndrome, PTEN hamartoma tumor syndrome	G: Uncertain significance	criteria provided, multiple submitters, no conflicts	missense variant, 5 prime UTR variant	E7D, E180D	2024/07/23			10:89624247	10:87864490	536560	VCV000536560	rs1554890337
NM_000314.8(PTEN):c.22A>G (p.Ile8Val)	PTEN	single nucleotide variant	not provided	G: Uncertain significance	criteria provided, single submitter	missense variant, 5 prime UTR variant	I181V, I8V	2024/03/20			10:89624248	10:87864491	3340638	VCV003340638	
NM_000314.8(PTEN):c.22A>T (p.Ile8Phe)	PTEN	single nucleotide variant	Hereditary cancer-predisposing syndrome	G: Uncertain significance	criteria provided, single submitter	missense variant, 5 prime UTR variant	I181F, I8F	2024/03/01			10:89624248	10:87864491	3231148	VCV003231148	rs2132145527
NM_000314.8(PTEN):c.25G>C (p.Val9Leu)	PTEN	single nucleotide variant	PTEN hamartoma tumor syndrome	G: Uncertain significance	criteria provided, single submitter	missense variant, 5 prime UTR variant	V9L, V182L	2024/04/04			10:89624251	10:87864494	3648820	VCV003648820	
NM_000314.8(PTEN):c.25G>A (p.Val9Ile)	PTEN	single nucleotide variant	Hereditary cancer-predisposing syndrome	G: Uncertain significance	criteria provided, single submitter	missense variant, 5 prime UTR variant	V9I, V182I	2019/04/05			10:89624251	10:87864494	631333	VCV000631333	rs1564801672
NM_000314.8(PTEN):c.29G>A (p.Ser10Asn)	PTEN	single nucleotide variant	Hereditary cancer-predisposing syndrome	G: Uncertain significance	criteria provided, single submitter	missense variant, 5 prime UTR variant	S183N, S10N	2025/10/27			10:89624255	10:87864498	4676376	VCV004676376	
NM_000314.8(PTEN):c.29G>C (p.Ser10Thr)	PTEN	single nucleotide variant	PTEN hamartoma tumor syndrome	G: Uncertain significance	reviewed by expert panel	missense variant, 5 prime UTR variant	S10T, S183T	2024/02/09			10:89624255	10:87864498	3236456	VCV003236456	rs2132145601
NM_000314.8(PTEN):c.30C>A (p.Ser10Arg)	PTEN	single nucleotide variant	Hereditary cancer-predisposing syndrome	G: Uncertain significance	criteria provided, single submitter	missense variant, 5 prime UTR variant	S10R, S183R	2025/10/09			10:89624256	10:87864499	4676866	VCV004676866	
NM_000314.8(PTEN):c.30C>G (p.Ser10Arg)	PTEN	single nucleotide variant	developmental delay with seizures	G: Uncertain significance	criteria provided, single submitter	missense variant, 5 prime UTR variant	S10R, S183R	2017/04/11			10:89624256	10:87864499	560657	VCV000560657	rs1564801689
NM_000314.8(PTEN):c.31A>G (p.Arg11Gly)	PTEN	single nucleotide variant	PTEN hamartoma tumor syndrome	G: Uncertain significance	criteria provided, single submitter	missense variant, 5 prime UTR variant	R11G, R184G	2022/07/01			10:89624257	10:87864500	1003310	VCV001003310	rs1858395868
NM_000314.8(PTEN):c.32G>C (p.Arg11Thr)	PTEN	single nucleotide variant	not provided	G: Uncertain significance	criteria provided, single submitter	missense variant, 5 prime UTR variant	R11T, R184T	2024/04/15			10:89624258	10:87864501	3372634	VCV003372634	
NM_000314.8(PTEN):c.32G>A (p.Arg11Lys)	PTEN	single nucleotide variant	PTEN hamartoma tumor syndrome	G: Uncertain significance	criteria provided, single submitter	missense variant, 5 prime UTR variant	R184K, R11K	2022/01/21			10:89624258	10:87864501	2088470	VCV002088470	rs2132145621
NM_000314.8(PTEN):c.34A>C (p.Asn12His)	PTEN	single nucleotide variant	PTEN hamartoma tumor syndrome, Hereditary cancer-predisposing syndrome	G: Uncertain significance	criteria provided, multiple submitters, no conflicts	missense variant, 5 prime UTR variant	N12H, N185H	2025/03/11			10:89624260	10:87864503	1473634	VCV001473634	rs1554890340
NM_000314.8(PTEN):c.34A>G (p.Asn12Asp)	PTEN	single nucleotide variant	Hereditary cancer-predisposing syndrome, PTEN hamartoma tumor syndrome	G: Uncertain significance	criteria provided, multiple submitters, no conflicts	missense variant, 5 prime UTR variant	N12D, N185D	2022/09/26			10:89624260	10:87864503	484601	VCV000484601	rs1554890340
NM_000314.8(PTEN):c.35A>T (p.Asn12Ile)	PTEN	single nucleotide variant	PTEN hamartoma tumor syndrome	G: Likely pathogenic	criteria provided, single submitter	missense variant, 5 prime UTR variant	N185I, N12I	2019/08/12			10:89624261	10:87864504	944445	VCV000944445	rs1085308044
NM_000314.8(PTEN):c.35A>C (p.Asn12Thr)	PTEN	single nucleotide variant	PTEN hamartoma tumor syndrome	G: Pathogenic	criteria provided, single submitter	missense variant, 5 prime UTR variant	N12T, N185T	2017/03/01			10:89624261	10:87864504	427586	VCV000427586	rs1085308044
NM_000314.8(PTEN):c.36C>G (p.Asn12Lys)	PTEN	single nucleotide variant	Hereditary cancer-predisposing syndrome	G: Uncertain significance	criteria provided, single submitter	missense variant, 5 prime UTR variant	N12K, N185K	2014/01/17			10:89624262	10:87864505	141715	VCV000141715	rs587781957
NM_000314.8(PTEN):c.37A>G (p.Lys13Glu)	PTEN	single nucleotide variant	Hereditary cancer-predisposing syndrome, Cowden syndrome 1, PTEN hamartoma tumor syndrome, Cowden syndrome, not provided	G: Pathogenic/Likely pathogenic	criteria provided, multiple submitters, no conflicts	missense variant, 5 prime UTR variant	K13E, K186E	2026/05/14		2025/12/29	10:89624263	10:87864506	988004	VCV000988004	rs1554890348
NM_000314.8(PTEN):c.37A>C (p.Lys13Gln)	PTEN	single nucleotide variant	PTEN hamartoma tumor syndrome	G: Likely pathogenic	criteria provided, single submitter	missense variant, 5 prime UTR variant	K13Q, K186Q	2023/01/06			10:89624263	10:87864506	846550	VCV000846550	rs1554890348
NM_000314.8(PTEN):c.38A>G (p.Lys13Arg)	PTEN	single nucleotide variant	Hereditary cancer-predisposing syndrome	G: Uncertain significance	criteria provided, single submitter	missense variant, 5 prime UTR variant	K13R, K186R	2022/08/09			10:89624264	10:87864507	2774177	VCV002774177	rs1414611362
NM_000314.8(PTEN):c.39A>C (p.Lys13Asn)	PTEN	single nucleotide variant	Hereditary cancer-predisposing syndrome	G: Uncertain significance	criteria provided, multiple submitters, no conflicts	missense variant, 5 prime UTR variant	K186N, K13N	2025/07/14			10:89624265	10:87864508	1736845	VCV001736845	rs2132145687
NM_000314.8(PTEN):c.40A>T (p.Arg14Trp)	PTEN	single nucleotide variant	PTEN hamartoma tumor syndrome	G: Uncertain significance	criteria provided, single submitter	missense variant, 5 prime UTR variant	R14W, R187W	2024/07/09			10:89624266	10:87864509	2819090	VCV002819090	rs1085308047
NM_000314.8(PTEN):c.41G>C (p.Arg14Thr)	PTEN	single nucleotide variant	Hereditary cancer-predisposing syndrome, PTEN hamartoma tumor syndrome	G: Uncertain significance	criteria provided, multiple submitters, no conflicts	missense variant, 5 prime UTR variant	R14T, R187T	2026/04/16			10:89624267	10:87864510	852741	VCV000852741	rs1589596246
NM_000314.8(PTEN):c.41G>A (p.Arg14Lys)	PTEN	single nucleotide variant	Hereditary cancer-predisposing syndrome	G: Uncertain significance	criteria provided, single submitter	missense variant, 5 prime UTR variant	R187K, R14K	2018/07/06			10:89624267	10:87864510	824671	VCV000824671	rs1589596246
NM_000314.8(PTEN):c.43A>G (p.Arg15Gly)	PTEN	single nucleotide variant	Hereditary cancer-predisposing syndrome	G: Likely pathogenic	criteria provided, single submitter	missense variant, 5 prime UTR variant	R15G, R188G	2026/03/02			10:89624269	10:87864512	2561216	VCV002561216	rs2132145750
NM_000314.8(PTEN):c.44G>T (p.Arg15Ile)	PTEN	single nucleotide variant	Hereditary cancer-predisposing syndrome	G: Likely pathogenic	criteria provided, single submitter	missense variant, 5 prime UTR variant	R15I, R188I	2025/07/29	2023/10/17		10:89624270	10:87864513	4530405	VCV004530405	rs398123324
NM_000314.8(PTEN):c.45A>C (p.Arg15Ser)	PTEN	single nucleotide variant	Hereditary cancer-predisposing syndrome, not provided, PTEN hamartoma tumor syndrome, Cowden syndrome 1	G: Pathogenic/Likely pathogenic	criteria provided, multiple submitters, no conflicts	missense variant, 5 prime UTR variant	R15S, R188S	2026/05/14		2025/12/29	10:89624271	10:87864514	428194	VCV000428194	rs1064794096
NM_000314.8(PTEN):c.45A>T (p.Arg15Ser)	PTEN	single nucleotide variant	Hereditary cancer-predisposing syndrome, not provided, Cowden syndrome 1, PTEN hamartoma tumor syndrome	G: Pathogenic/Likely pathogenic	criteria provided, multiple submitters, no conflicts	missense variant, 5 prime UTR variant	R15S, R188S	2026/05/14			10:89624271	10:87864514	419769	VCV000419769	rs1064794096
NM_000314.8(PTEN):c.46T>A (p.Tyr16Asn)	PTEN	single nucleotide variant	PTEN hamartoma tumor syndrome	G: Uncertain significance	criteria provided, single submitter	missense variant, 5 prime UTR variant	Y16N, Y189N	2019/04/28			10:89624272	10:87864515	857591	VCV000857591	rs1064796078
NM_000314.8(PTEN):c.46T>G (p.Tyr16Asp)	PTEN	single nucleotide variant	not provided, PTEN hamartoma tumor syndrome	G: Pathogenic/Likely pathogenic	criteria provided, multiple submitters, no conflicts	missense variant, 5 prime UTR variant	Y16D, Y189D	2025/11/25			10:89624272	10:87864515	422899	VCV000422899	rs1064796078
NM_000314.8(PTEN):c.47A>C (p.Tyr16Ser)	PTEN	single nucleotide variant	PTEN hamartoma tumor syndrome	G: Uncertain significance	criteria provided, single submitter	missense variant, 5 prime UTR variant	Y189S, Y16S	2022/12/15			10:89624273	10:87864516	2811915	VCV002811915	rs2132145799
NM_000314.8(PTEN):c.47A>G (p.Tyr16Cys)	PTEN	single nucleotide variant	PTEN hamartoma tumor syndrome	G: Uncertain significance	criteria provided, single submitter	missense variant, 5 prime UTR variant	Y189C, Y16C	2025/02/24			10:89624273	10:87864516	2798148	VCV002798148	rs2132145799
NM_000314.8(PTEN):c.50A>G (p.Gln17Arg)	PTEN	single nucleotide variant	PTEN hamartoma tumor syndrome	G: Uncertain significance	criteria provided, single submitter	missense variant, 5 prime UTR variant	Q17R, Q190R	2019/05/22			10:89624276	10:87864519	948026	VCV000948026	rs1858398407
NM_000314.8(PTEN):c.53A>G (p.Glu18Gly)	PTEN	single nucleotide variant	PTEN hamartoma tumor syndrome	G: Uncertain significance	criteria provided, single submitter	missense variant, 5 prime UTR variant	E18G, E191G	2025/12/05			10:89624279	10:87864522	4741973	VCV004741973	
NM_000314.8(PTEN):c.54G>T (p.Glu18Asp)	PTEN	single nucleotide variant	PTEN hamartoma tumor syndrome, Hereditary cancer-predisposing syndrome	G: Uncertain significance	criteria provided, multiple submitters, no conflicts	missense variant, 5 prime UTR variant	E191D, E18D	2024/05/01			10:89624280	10:87864523	850232	VCV000850232	rs1554890388
NM_000314.8(PTEN):c.55_56delinsTT (p.Asp19Phe)	PTEN	Indel	Hereditary cancer-predisposing syndrome	G: Uncertain significance	criteria provided, single submitter	missense variant, 5 prime UTR variant	D192F, D19F	2019/08/12			10:89624281	10:87864524	825786	VCV000825786	rs1589596354
NM_000314.8(PTEN):c.56A>T (p.Asp19Val)	PTEN	single nucleotide variant	PTEN hamartoma tumor syndrome	G: Pathogenic	criteria provided, single submitter	missense variant, 5 prime UTR variant	D19V, D192V	2022/06/23		2025/03/04	10:89624282	10:87864525	2001733	VCV002001733	rs1554890392
NM_000314.8(PTEN):c.56A>G (p.Asp19Gly)	PTEN	single nucleotide variant	PTEN hamartoma tumor syndrome, Hereditary cancer-predisposing syndrome, not provided	G: Uncertain significance	criteria provided, multiple submitters, no conflicts	missense variant, 5 prime UTR variant	D19G, D192G	2025/09/29			10:89624282	10:87864525	492333	VCV000492333	rs1554890392
NM_000314.8(PTEN):c.59G>C (p.Gly20Ala)	PTEN	single nucleotide variant	PTEN hamartoma tumor syndrome	G: Uncertain significance	criteria provided, single submitter	missense variant, 5 prime UTR variant	G193A, G20A	2021/11/08			10:89624285	10:87864528	1392070	VCV001392070	rs1064795967
NM_000314.8(PTEN):c.59G>A (p.Gly20Glu)	PTEN	single nucleotide variant	not provided, PTEN hamartoma tumor syndrome	G: Uncertain significance	criteria provided, multiple submitters, no conflicts	missense variant, 5 prime UTR variant	G20E, G193E	2024/06/11			10:89624285	10:87864528	422740	VCV000422740	rs1064795967
NM_000314.8(PTEN):c.62T>C (p.Phe21Ser)	PTEN	single nucleotide variant	not provided	G: Pathogenic	criteria provided, single submitter	missense variant, 5 prime UTR variant	F194S, F21S	2023/09/08			10:89624288	10:87864531	3338761	VCV003338761	
NM_000314.8(PTEN):c.63C>G (p.Phe21Leu)	PTEN	single nucleotide variant		S: Tier I - Strong	criteria provided, single submitter	missense variant, 5 prime UTR variant	F194L, F21L		2025/05/13		10:89624289	10:87864532	4530407	VCV004530407	
NM_000314.8(PTEN):c.63C>A (p.Phe21Leu)	PTEN	single nucleotide variant	PTEN hamartoma tumor syndrome	G: Uncertain significance	criteria provided, single submitter	missense variant, 5 prime UTR variant	F194L, F21L	2021/02/22			10:89624289	10:87864532	1411463	VCV001411463	rs1858399493
NM_000314.8(PTEN):c.65A>T (p.Asp22Val)	PTEN	single nucleotide variant	Hereditary cancer-predisposing syndrome	G: Likely pathogenic	criteria provided, single submitter	missense variant, 5 prime UTR variant	D195V, D22V	2025/01/24			10:89624291	10:87864534	3231166	VCV003231166	rs1554890398
NM_000314.8(PTEN):c.66C>G (p.Asp22Glu)	PTEN	single nucleotide variant	Macrocephaly-autism syndrome, not provided, Cowden syndrome 1	G: Uncertain significance	criteria provided, multiple submitters, no conflicts	missense variant, 5 prime UTR variant	D195E, D22E	2023/08/29			10:89624292	10:87864535	1333229	VCV001333229	rs786201335
NM_000314.8(PTEN):c.70G>T (p.Asp24Tyr)	PTEN	single nucleotide variant	not provided, Cowden syndrome 1	G: Pathogenic	criteria provided, multiple submitters, no conflicts	missense variant, 5 prime UTR variant	D24Y, D197Y	2023/09/25			10:89624296	10:87864539	189398	VCV000189398	rs786201995
NM_000314.8(PTEN):c.71A>C (p.Asp24Ala)	PTEN	single nucleotide variant	PTEN hamartoma tumor syndrome	G: Uncertain significance	criteria provided, single submitter	missense variant, 5 prime UTR variant	D197A, D24A	2022/09/23			10:89624297	10:87864540	2032096	VCV002032096	rs797044910
NM_000314.8(PTEN):c.71A>T (p.Asp24Val)	PTEN	single nucleotide variant	Cowden syndrome 1, PTEN hamartoma tumor syndrome	G: Pathogenic/Likely pathogenic	criteria provided, multiple submitters, no conflicts	missense variant, 5 prime UTR variant	D24V, D197V	2026/05/14			10:89624297	10:87864540	1511392	VCV001511392	rs797044910
NM_000314.8(PTEN):c.71A>G (p.Asp24Gly)	PTEN	single nucleotide variant	Hereditary cancer-predisposing syndrome, not provided, Cowden syndrome 1, PTEN hamartoma tumor syndrome	G: Pathogenic/Likely pathogenic	criteria provided, multiple submitters, no conflicts	missense variant, 5 prime UTR variant	D24G, D197G	2023/09/25			10:89624297	10:87864540	208723	VCV000208723	rs797044910
NM_000314.8(PTEN):c.72C>A (p.Asp24Glu)	PTEN	single nucleotide variant	PTEN hamartoma tumor syndrome	G: Uncertain significance	criteria provided, single submitter	missense variant, 5 prime UTR variant	D197E, D24E	2023/10/26			10:89624298	10:87864541	2896983	VCV002896983	rs1320222638
NM_000314.8(PTEN):c.72C>G (p.Asp24Glu)	PTEN	single nucleotide variant	Hereditary cancer-predisposing syndrome, PTEN-related disorder, PTEN hamartoma tumor syndrome	G: Uncertain significance	criteria provided, multiple submitters, no conflicts	missense variant, 5 prime UTR variant	D24E, D197E	2026/01/30		2025/12/29	10:89624298	10:87864541	482071	VCV000482071	rs1320222638
NM_000314.8(PTEN):c.73T>G (p.Leu25Val)	PTEN	single nucleotide variant	not provided, PTEN hamartoma tumor syndrome	G: Uncertain significance	criteria provided, multiple submitters, no conflicts	missense variant, 5 prime UTR variant	L25V, L198V	2019/07/01			10:89624299	10:87864542	92826	VCV000092826	rs398123326
NM_000314.8(PTEN):c.75G>C (p.Leu25Phe)	PTEN	single nucleotide variant	PTEN hamartoma tumor syndrome, not provided	G: Pathogenic	criteria provided, multiple submitters, no conflicts	missense variant, 5 prime UTR variant	L198F, L25F	2025/07/17			10:89624301	10:87864544	1068214	VCV001068214	rs786201506
NM_000314.8(PTEN):c.75G>T (p.Leu25Phe)	PTEN	single nucleotide variant	Hereditary cancer-predisposing syndrome, Cowden syndrome 1	G: Uncertain significance	criteria provided, multiple submitters, no conflicts	missense variant, 5 prime UTR variant	L25F, L198F	2026/05/14			10:89624301	10:87864544	490117	VCV000490117	rs786201506
NM_000314.8(PTEN):c.76A>G (p.Thr26Ala)	PTEN	single nucleotide variant	Hereditary cancer-predisposing syndrome	G: Uncertain significance	criteria provided, single submitter	missense variant, 5 prime UTR variant	T199A, T26A	2025/05/28			10:89624302	10:87864545	4756743	VCV004756743	
NM_000314.8(PTEN):c.76A>C (p.Thr26Pro)	PTEN	single nucleotide variant	not provided, PTEN hamartoma tumor syndrome	G: Pathogenic	criteria provided, multiple submitters, no conflicts	missense variant, 5 prime UTR variant	T26P, T199P	2022/12/19			10:89624302	10:87864545	234410	VCV000234410	rs876661010
NM_000314.8(PTEN):c.77C>A (p.Thr26Asn)	PTEN	single nucleotide variant	Hereditary cancer-predisposing syndrome, PTEN hamartoma tumor syndrome, Cowden syndrome 1	G: Likely pathogenic	criteria provided, multiple submitters, no conflicts	missense variant, 5 prime UTR variant	T199N, T26N	2026/05/14			10:89624303	10:87864546	949068	VCV000949068	rs786204853
NM_000314.8(PTEN):c.79T>G (p.Tyr27Asp)	PTEN	single nucleotide variant	Cowden syndrome 1, PTEN hamartoma tumor syndrome	G: Uncertain significance	criteria provided, multiple submitters, no conflicts	missense variant, 5 prime UTR variant	Y200D, Y27D	2025/11/15			10:89624305	10:87864548	4293400	VCV004293400	
NM_000314.8(PTEN):c.80A>T (p.Tyr27Phe)	PTEN	single nucleotide variant	not provided	G: Pathogenic	criteria provided, single submitter	missense variant, 5 prime UTR variant	Y200F, Y27F	2023/04/11			10:89653782	10:87894025	2663192	VCV002663192	rs886041877
NM_000314.8(PTEN):c.82A>G (p.Ile28Val)	PTEN	single nucleotide variant	Cowden syndrome 1, PTEN hamartoma tumor syndrome	G: Uncertain significance	criteria provided, multiple submitters, no conflicts	missense variant, 5 prime UTR variant	I201V, I28V	2023/11/27			10:89653784	10:87894027	864251	VCV000864251	rs1859092645
NM_000314.8(PTEN):c.84T>G (p.Ile28Met)	PTEN	single nucleotide variant	PTEN hamartoma tumor syndrome	G: Uncertain significance	criteria provided, single submitter	missense variant, 5 prime UTR variant	I28M, I201M	2021/06/15			10:89653786	10:87894029	1489216	VCV001489216	rs2132187113
NM_000314.8(PTEN):c.88C>T (p.Pro30Ser)	PTEN	single nucleotide variant	Hereditary cancer-predisposing syndrome	G: Uncertain significance	criteria provided, single submitter	missense variant, 5 prime UTR variant	P203S, P30S	2024/09/11			10:89653790	10:87894033	3427421	VCV003427421	
NM_000314.8(PTEN):c.88C>G (p.Pro30Ala)	PTEN	single nucleotide variant	PTEN hamartoma tumor syndrome, Hereditary cancer-predisposing syndrome	G: Uncertain significance	criteria provided, multiple submitters, no conflicts	missense variant, 5 prime UTR variant	P30A, P203A	2024/11/14			10:89653790	10:87894033	2567270	VCV002567270	rs794727243
NM_000314.8(PTEN):c.88C>A (p.Pro30Thr)	PTEN	single nucleotide variant	not provided	G: Uncertain significance	criteria provided, single submitter	missense variant, 5 prime UTR variant	P30T, P203T	2014/11/20			10:89653790	10:87894033	195060	VCV000195060	rs794727243
NM_000314.8(PTEN):c.89C>T (p.Pro30Leu)	PTEN	single nucleotide variant	Glioma susceptibility 2, PTEN hamartoma tumor syndrome	G: Uncertain significance	criteria provided, multiple submitters, no conflicts	missense variant, 5 prime UTR variant	P203L, P30L	2024/09/05			10:89653791	10:87894034	1052223	VCV001052223	rs1589617164
NM_000314.8(PTEN):c.89C>G (p.Pro30Arg)	PTEN	single nucleotide variant	PTEN hamartoma tumor syndrome, Hereditary cancer-predisposing syndrome	G: Uncertain significance	criteria provided, multiple submitters, no conflicts	missense variant, 5 prime UTR variant	P30R, P203R	2026/05/18			10:89653791	10:87894034	822881	VCV000822881	rs1589617164
NM_000314.8(PTEN):c.92A>T (p.Asn31Ile)	PTEN	single nucleotide variant	PTEN hamartoma tumor syndrome	G: Uncertain significance	criteria provided, single submitter	missense variant, 5 prime UTR variant	N204I, N31I	2025/10/14			10:89653794	10:87894037	4741829	VCV004741829	
NM_000314.8(PTEN):c.92A>G (p.Asn31Ser)	PTEN	single nucleotide variant	Intellectual disability	G: Uncertain significance	criteria provided, single submitter	missense variant, 5 prime UTR variant	N204S, N31S	2020/02/18			10:89653794	10:87894037	4075011	VCV004075011	
NM_000314.8(PTEN):c.93C>A (p.Asn31Lys)	PTEN	single nucleotide variant	PTEN hamartoma tumor syndrome	G: Uncertain significance	criteria provided, single submitter	missense variant, 5 prime UTR variant	N31K, N204K	2017/06/29			10:89653795	10:87894038	468722	VCV000468722	rs1170214930
NM_000314.8(PTEN):c.94A>G (p.Ile32Val)	PTEN	single nucleotide variant	Hereditary cancer-predisposing syndrome, PTEN hamartoma tumor syndrome	G: Uncertain significance	criteria provided, multiple submitters, no conflicts	missense variant, 5 prime UTR variant	I205V, I32V	2025/02/27			10:89653796	10:87894039	1958206	VCV001958206	rs2493648341
NM_000314.8(PTEN):c.95T>G (p.Ile32Ser)	PTEN	single nucleotide variant	PTEN hamartoma tumor syndrome	G: Likely pathogenic	criteria provided, single submitter	missense variant, 5 prime UTR variant	I205S, I32S	2026/01/28			10:89653797	10:87894040	4744225	VCV004744225	
NM_000314.8(PTEN):c.95T>A (p.Ile32Asn)	PTEN	single nucleotide variant	PTEN hamartoma tumor syndrome	G: Uncertain significance	criteria provided, single submitter	missense variant, 5 prime UTR variant	I205N, I32N	2021/03/13			10:89653797	10:87894040	1462894	VCV001462894	rs1057518329
NM_000314.8(PTEN):c.95T>C (p.Ile32Thr)	PTEN	single nucleotide variant	not specified, PTEN hamartoma tumor syndrome	G: Uncertain significance	criteria provided, multiple submitters, no conflicts	missense variant, 5 prime UTR variant	I32T, I205T	2023/10/18			10:89653797	10:87894040	373288	VCV000373288	rs1057518329
NM_000314.8(PTEN):c.96T>G (p.Ile32Met)	PTEN	single nucleotide variant	PTEN hamartoma tumor syndrome	G: Uncertain significance	criteria provided, multiple submitters, no conflicts	missense variant, 5 prime UTR variant	I205M, I32M	2025/08/24			10:89653798	10:87894041	3071692	VCV003071692	rs2132187219
NM_000314.8(PTEN):c.98T>A (p.Ile33Asn)	PTEN	single nucleotide variant	not specified, PTEN hamartoma tumor syndrome	G: Uncertain significance	criteria provided, multiple submitters, no conflicts	missense variant, 5 prime UTR variant	I206N, I33N	2026/01/21			10:89653800	10:87894043	4539266	VCV004539266	
NM_000314.8(PTEN):c.99T>G (p.Ile33Met)	PTEN	single nucleotide variant	PTEN hamartoma tumor syndrome, Hereditary cancer-predisposing syndrome	G: Uncertain significance	criteria provided, multiple submitters, no conflicts	missense variant, 5 prime UTR variant	I206M, I33M	2025/12/08			10:89653801	10:87894044	3940094	VCV003940094	
NM_000314.8(PTEN):c.101C>T (p.Ala34Val)	PTEN	single nucleotide variant	PTEN hamartoma tumor syndrome, Hereditary cancer-predisposing syndrome	G: Uncertain significance	criteria provided, multiple submitters, no conflicts	missense variant, 5 prime UTR variant	A34V, A207V	2025/03/27			10:89653803	10:87894046	492726	VCV000492726	rs1554893773
NM_000314.8(PTEN):c.103A>C (p.Met35Leu)	PTEN	single nucleotide variant	Cowden syndrome 1	G: Likely pathogenic	criteria provided, single submitter	missense variant, 5 prime UTR variant	M208L, M35L	2020/05/19			10:89653805	10:87894048	976722	VCV000976722	rs876659443
NM_000314.8(PTEN):c.104T>C (p.Met35Thr)	PTEN	single nucleotide variant	Cowden syndrome 1, Hereditary cancer-predisposing syndrome	G: Likely pathogenic	criteria provided, multiple submitters, no conflicts	missense variant, 5 prime UTR variant	M35T, M208T	2023/09/26			10:89653806	10:87894049	428244	VCV000428244	rs121909225
NM_000314.8(PTEN):c.104T>G (p.Met35Arg)	PTEN	single nucleotide variant	PTEN hamartoma tumor syndrome	G: Pathogenic	reviewed by expert panel	missense variant, 5 prime UTR variant	M35R, M208R	2018/07/25			10:89653806	10:87894049	7825	VCV000007825	rs121909225
NM_000314.8(PTEN):c.105G>T (p.Met35Ile)	PTEN	single nucleotide variant	PTEN hamartoma tumor syndrome	G: Likely pathogenic	criteria provided, single submitter	missense variant, 5 prime UTR variant	M208I, M35I	2024/09/18			10:89653807	10:87894050	3663585	VCV003663585	
NM_000314.8(PTEN):c.105_106delinsTC (p.Met35_Gly36delinsIleArg)	PTEN	Indel	Cowden syndrome 1	G: Likely pathogenic	criteria provided, single submitter	missense variant, 5 prime UTR variant		2023/02/09			10:89653807	10:87894050	2573307	VCV002573307	rs786202517
NM_000314.8(PTEN):c.105_106delinsAC (p.Met35_Gly36delinsIleArg)	PTEN	Indel	Hereditary cancer-predisposing syndrome, not provided, Glioma susceptibility 2	G: Pathogenic/Likely pathogenic	criteria provided, multiple submitters, no conflicts	missense variant, 5 prime UTR variant		2023/11/15			10:89653807	10:87894050	185863	VCV000185863	rs786202517
NM_000314.8(PTEN):c.112C>A (p.Pro38Thr)	PTEN	single nucleotide variant	Hereditary cancer-predisposing syndrome	G: Likely pathogenic	criteria provided, single submitter	missense variant, 5 prime UTR variant	P38T, P211T	2025/03/03			10:89653814	10:87894057	229912	VCV000229912	rs587780004
NM_000314.8(PTEN):c.113C>G (p.Pro38Arg)	PTEN	single nucleotide variant	not provided	G: Pathogenic	criteria provided, single submitter	missense variant, 5 prime UTR variant	P38R, P211R	2019/05/03			10:89653815	10:87894058	424262	VCV000424262	rs1064796886
NM_000314.8(PTEN):c.116C>A (p.Ala39Glu)	PTEN	single nucleotide variant	PTEN hamartoma tumor syndrome	G: Uncertain significance	criteria provided, single submitter	missense variant, 5 prime UTR variant	A39E, A212E	2021/09/02			10:89653818	10:87894061	1427165	VCV001427165	rs2132187390
NM_000314.8(PTEN):c.122G>A (p.Arg41Lys)	PTEN	single nucleotide variant	Hereditary cancer-predisposing syndrome, PTEN hamartoma tumor syndrome	G: Uncertain significance	criteria provided, multiple submitters, no conflicts	missense variant, 5 prime UTR variant	R214K, R41K	2025/11/12			10:89653824	10:87894067	2123059	VCV002123059	rs794727244
NM_000314.8(PTEN):c.122G>T (p.Arg41Ile)	PTEN	single nucleotide variant	Hereditary cancer-predisposing syndrome, not provided	G: Uncertain significance	criteria provided, multiple submitters, no conflicts	missense variant, 5 prime UTR variant	R41I, R214I	2026/04/16			10:89653824	10:87894067	195061	VCV000195061	rs794727244
NM_000314.8(PTEN):c.123A>T (p.Arg41Ser)	PTEN	single nucleotide variant	Hereditary cancer-predisposing syndrome, Macrocephaly-autism syndrome	G: Uncertain significance	criteria provided, multiple submitters, no conflicts	missense variant, 5 prime UTR variant	R41S, R214S	2026/04/16			10:89653825	10:87894068	484616	VCV000484616	rs1554893806
NM_000314.8(PTEN):c.125T>C (p.Leu42Pro)	PTEN	single nucleotide variant	PTEN hamartoma tumor syndrome	G: Uncertain significance	criteria provided, single submitter	missense variant, 5 prime UTR variant	L42P, L215P	2019/01/22		2025/03/04	10:89653827	10:87894070	853190	VCV000853190	rs1859096966
NM_000314.8(PTEN):c.128A>C (p.Glu43Ala)	PTEN	single nucleotide variant	PTEN hamartoma tumor syndrome	G: Uncertain significance	criteria provided, single submitter	missense variant, 5 prime UTR variant	E216A, E43A	2023/04/13			10:89653830	10:87894073	2855793	VCV002855793	rs2132187492
NM_000314.8(PTEN):c.128A>G (p.Glu43Gly)	PTEN	single nucleotide variant	Malignant tumor of breast	G: Uncertain significance	criteria provided, single submitter	missense variant, 5 prime UTR variant	E216G, E43G	2023/06/15			10:89653830	10:87894073	2505479	VCV002505479	rs2132187492
NM_000314.8(PTEN):c.130G>A (p.Gly44Ser)	PTEN	single nucleotide variant	Hereditary cancer-predisposing syndrome, PTEN hamartoma tumor syndrome, not provided	G: Uncertain significance	criteria provided, multiple submitters, no conflicts	missense variant, 5 prime UTR variant	G44S, G217S	2025/07/22			10:89653832	10:87894075	484604	VCV000484604	rs1554893812
NM_000314.8(PTEN):c.131G>T (p.Gly44Val)	PTEN	single nucleotide variant	Hereditary cancer-predisposing syndrome	G: Uncertain significance	criteria provided, single submitter	missense variant, 5 prime UTR variant	G217V, G44V	2024/12/05			10:89653833	10:87894076	3427450	VCV003427450	
NM_000314.8(PTEN):c.136T>A (p.Tyr46Asn)	PTEN	single nucleotide variant	PTEN hamartoma tumor syndrome	G: Likely pathogenic	criteria provided, single submitter	missense variant, 5 prime UTR variant	Y219N, Y46N	2025/06/27			10:89653838	10:87894081	4075814	VCV004075814	
NM_000314.8(PTEN):c.136T>C (p.Tyr46His)	PTEN	single nucleotide variant	not provided	G: Likely pathogenic	criteria provided, single submitter	missense variant, 5 prime UTR variant	Y219H, Y46H	2022/10/01			10:89653838	10:87894081	1701143	VCV001701143	rs1064793325
NM_000314.8(PTEN):c.141_142inv (p.Arg47_Asn48delinsSerHis)	PTEN	Inversion	PTEN hamartoma tumor syndrome	G: Pathogenic	criteria provided, single submitter	missense variant, 5 prime UTR variant		2024/07/22			10:89653843	10:87894086	1018969	VCV001018969	
NM_000314.8(PTEN):c.142A>G (p.Asn48Asp)	PTEN	single nucleotide variant	Hereditary cancer-predisposing syndrome	G: Uncertain significance	criteria provided, multiple submitters, no conflicts	missense variant, 5 prime UTR variant	N221D, N48D	2021/08/06	2023/09/27		10:89653844	10:87894087	918670	VCV000918670	rs1859098707
NM_000314.8(PTEN):c.144C>A (p.Asn48Lys)	PTEN	single nucleotide variant	Glioma susceptibility 2, Hereditary cancer-predisposing syndrome, PTEN hamartoma tumor syndrome, Cowden syndrome 1	G: Pathogenic/Likely pathogenic	criteria provided, multiple submitters, no conflicts	missense variant, 5 prime UTR variant	N48K, N221K	2026/05/14			10:89653846	10:87894089	580731	VCV000580731	rs762518389
NM_000314.8(PTEN):c.144C>G (p.Asn48Lys)	PTEN	single nucleotide variant	Hereditary cancer-predisposing syndrome, PTEN hamartoma tumor syndrome, Cowden syndrome 1	G: Pathogenic/Likely pathogenic	criteria provided, multiple submitters, no conflicts	missense variant, 5 prime UTR variant	N48K, N221K	2025/12/02			10:89653846	10:87894089	231771	VCV000231771	rs762518389
NM_000314.8(PTEN):c.146A>G (p.Asn49Ser)	PTEN	single nucleotide variant	Hereditary cancer-predisposing syndrome, PTEN hamartoma tumor syndrome	G: Uncertain significance	criteria provided, multiple submitters, no conflicts	missense variant, 5 prime UTR variant	N49S, N222S	2024/10/05			10:89653848	10:87894091	480377	VCV000480377	rs992385562
NM_000314.8(PTEN):c.149T>A (p.Ile50Asn)	PTEN	single nucleotide variant	PTEN hamartoma tumor syndrome	G: Uncertain significance	criteria provided, single submitter	missense variant, 5 prime UTR variant	I50N, I223N	2025/09/04			10:89653851	10:87894094	4744208	VCV004744208	
NM_000314.8(PTEN):c.150T>G (p.Ile50Met)	PTEN	single nucleotide variant	PTEN hamartoma tumor syndrome	G: Uncertain significance	criteria provided, single submitter	missense variant, 5 prime UTR variant	I50M, I223M	2020/06/13			10:89653852	10:87894095	576858	VCV000576858	rs1564814601
NM_000314.8(PTEN):c.152A>G (p.Asp51Gly)	PTEN	single nucleotide variant	PTEN hamartoma tumor syndrome	G: Uncertain significance	criteria provided, single submitter	missense variant, 5 prime UTR variant	D224G, D51G	2021/06/11			10:89653854	10:87894097	1002716	VCV001002716	rs1859099585
NM_000314.8(PTEN):c.154G>A (p.Asp52Asn)	PTEN	single nucleotide variant	PTEN hamartoma tumor syndrome	G: Uncertain significance	criteria provided, single submitter	missense variant, 5 prime UTR variant	D52N, D225N	2018/03/26			10:89653856	10:87894099	566934	VCV000566934	rs1564814606
NM_000314.8(PTEN):c.155A>G (p.Asp52Gly)	PTEN	single nucleotide variant	Hereditary cancer-predisposing syndrome	G: Uncertain significance	criteria provided, single submitter	missense variant, 5 prime UTR variant	D52G, D225G	2024/09/24			10:89653857	10:87894100	3427440	VCV003427440	
NM_000314.8(PTEN):c.156T>A (p.Asp52Glu)	PTEN	single nucleotide variant	Hereditary cancer-predisposing syndrome	G: Uncertain significance	criteria provided, single submitter	missense variant, 5 prime UTR variant	D52E, D225E	2026/03/11			10:89653858	10:87894101	4841114	VCV004841114	
NM_000314.8(PTEN):c.156T>G (p.Asp52Glu)	PTEN	single nucleotide variant	PTEN hamartoma tumor syndrome, not provided	G: Uncertain significance	criteria provided, multiple submitters, no conflicts	missense variant, 5 prime UTR variant	D225E, D52E	2023/02/08			10:89653858	10:87894101	2502625	VCV002502625	rs1589617385
NM_000314.8(PTEN):c.158T>G (p.Val53Gly)	PTEN	single nucleotide variant	PTEN hamartoma tumor syndrome	G: Uncertain significance	criteria provided, single submitter	missense variant, 5 prime UTR variant	V226G, V53G	2024/11/27			10:89653860	10:87894103	3720747	VCV003720747	
NM_000314.8(PTEN):c.158T>C (p.Val53Ala)	PTEN	single nucleotide variant	not provided	G: Likely pathogenic	criteria provided, single submitter	missense variant, 5 prime UTR variant	V226A, V53A	2020/03/01			10:89653860	10:87894103	916219	VCV000916219	rs786203375
NM_000314.8(PTEN):c.161T>G (p.Val54Gly)	PTEN	single nucleotide variant	Hereditary cancer-predisposing syndrome	G: Uncertain significance	criteria provided, single submitter	missense variant, 5 prime UTR variant	V54G, V227G	2026/02/18			10:89653863	10:87894106	1776587	VCV001776587	rs2132187866
NM_000314.8(PTEN):c.163A>G (p.Arg55Gly)	PTEN	single nucleotide variant	PTEN hamartoma tumor syndrome, Hereditary cancer-predisposing syndrome	G: Uncertain significance	criteria provided, multiple submitters, no conflicts	missense variant, 5 prime UTR variant	R228G, R55G	2025/05/19			10:89653865	10:87894108	2567281	VCV002567281	rs2132187878
NM_000314.8(PTEN):c.164G>A (p.Arg55Lys)	PTEN	single nucleotide variant	PTEN hamartoma tumor syndrome	G: Uncertain significance	criteria provided, single submitter	missense variant, 5 prime UTR variant	R228K, R55K	2022/09/02			10:89653866	10:87894109	2028680	VCV002028680	rs2132187885
NM_000314.8(PTEN):c.166T>G (p.Phe56Val)	PTEN	single nucleotide variant	Hereditary cancer-predisposing syndrome, PTEN hamartoma tumor syndrome	G: Uncertain significance	criteria provided, multiple submitters, no conflicts	missense variant, intron variant	F56V, F229V	2025/10/13			10:89685271	10:87925514	924880	VCV000924880	rs1589640376
NM_000314.8(PTEN):c.167T>A (p.Phe56Tyr)	PTEN	single nucleotide variant	PTEN hamartoma tumor syndrome	G: Uncertain significance	criteria provided, single submitter	missense variant, intron variant	F229Y, F56Y	2023/11/01			10:89685272	10:87925515	2815563	VCV002815563	rs748031178
NM_000314.8(PTEN):c.167T>C (p.Phe56Ser)	PTEN	single nucleotide variant	Hereditary cancer-predisposing syndrome	G: Likely pathogenic	criteria provided, single submitter	missense variant, intron variant	F56S, F229S	2024/11/25			10:89685272	10:87925515	1777889	VCV001777889	rs748031178
NM_000314.8(PTEN):c.167T>G (p.Phe56Cys)	PTEN	single nucleotide variant	Hereditary cancer-predisposing syndrome, not provided, PTEN hamartoma tumor syndrome	G: Uncertain significance	criteria provided, multiple submitters, no conflicts	missense variant, intron variant	F229C, F56C	2024/12/08			10:89685272	10:87925515	1056826	VCV001056826	rs748031178
NM_000314.8(PTEN):c.170T>G (p.Leu57Trp)	PTEN	single nucleotide variant	PTEN hamartoma tumor syndrome	G: Likely pathogenic	reviewed by expert panel	missense variant, intron variant	L57W, L230W	2025/08/01			10:89685275	10:87925518	185713	VCV000185713	rs786202398
NM_000314.8(PTEN):c.172G>T (p.Asp58Tyr)	PTEN	single nucleotide variant	PTEN hamartoma tumor syndrome	G: Uncertain significance	criteria provided, single submitter	missense variant, intron variant	D58Y, D231Y	2023/09/18			10:89685277	10:87925520	578122	VCV000578122	rs1554897255
NM_000314.8(PTEN):c.172G>A (p.Asp58Asn)	PTEN	single nucleotide variant	Hereditary cancer-predisposing syndrome, PTEN hamartoma tumor syndrome	G: Uncertain significance	criteria provided, multiple submitters, no conflicts	missense variant, intron variant	D58N, D231N	2024/10/05			10:89685277	10:87925520	468672	VCV000468672	rs1554897255
NM_000314.8(PTEN):c.173A>G (p.Asp58Gly)	PTEN	single nucleotide variant	not provided	G: Uncertain significance	criteria provided, single submitter	missense variant, intron variant	D58G, D231G	2024/09/05			10:89685278	10:87925521	430284	VCV000430284	rs1131691885
NM_000314.8(PTEN):c.174T>G (p.Asp58Glu)	PTEN	single nucleotide variant	PTEN hamartoma tumor syndrome	G: Uncertain significance	criteria provided, single submitter	missense variant, intron variant	D231E, D58E	2023/06/27			10:89685279	10:87925522	2730744	VCV002730744	rs769719835
NM_000314.8(PTEN):c.176C>T (p.Ser59Leu)	PTEN	single nucleotide variant	PTEN hamartoma tumor syndrome	G: Uncertain significance	criteria provided, single submitter	missense variant, intron variant	S232L, S59L	2024/08/19			10:89685281	10:87925524	3662804	VCV003662804	
NM_000314.8(PTEN):c.178A>C (p.Lys60Gln)	PTEN	single nucleotide variant	Cowden syndrome 1, Macrocephaly-autism syndrome	G: Uncertain significance	criteria provided, single submitter	missense variant, intron variant	K233Q, K60Q	2022/11/24			10:89685283	10:87925526	2664745	VCV002664745	rs1554897262
NM_000314.8(PTEN):c.180G>T (p.Lys60Asn)	PTEN	single nucleotide variant	PTEN hamartoma tumor syndrome	G: Uncertain significance	criteria provided, single submitter	missense variant, intron variant	K60N, K233N	2026/01/17			10:89685285	10:87925528	4741877	VCV004741877	
NM_000314.8(PTEN):c.181C>T (p.His61Tyr)	PTEN	single nucleotide variant	Autosomal dominant PTEN-related disorders	G: Likely pathogenic	criteria provided, single submitter	missense variant, intron variant	H234Y, H61Y	2026/01/10			10:89685286	10:87925529	4813809	VCV004813809	
NM_000314.8(PTEN):c.181C>G (p.His61Asp)	PTEN	single nucleotide variant	PTEN hamartoma tumor syndrome	G: Likely pathogenic	reviewed by expert panel	missense variant, intron variant	H61D, H234D	2026/03/18			10:89685286	10:87925529	7841	VCV000007841	rs121909236
NM_000314.8(PTEN):c.182A>C (p.His61Pro)	PTEN	single nucleotide variant	Hereditary cancer-predisposing syndrome	G: Likely pathogenic	criteria provided, single submitter	missense variant, intron variant	H234P, H61P	2023/10/04			10:89685287	10:87925530	3231146	VCV003231146	rs398123316
NM_000314.8(PTEN):c.183T>G (p.His61Gln)	PTEN	single nucleotide variant	PTEN hamartoma tumor syndrome	G: Uncertain significance	criteria provided, single submitter	missense variant, intron variant	H234Q, H61Q	2022/09/16			10:89685288	10:87925531	1719591	VCV001719591	rs876659980
NM_000314.8(PTEN):c.184A>G (p.Lys62Glu)	PTEN	single nucleotide variant	PTEN hamartoma tumor syndrome, Hereditary cancer-predisposing syndrome	G: Uncertain significance	criteria provided, multiple submitters, no conflicts	missense variant, intron variant	K62E, K235E	2025/03/04			10:89685289	10:87925532	630185	VCV000630185	rs1564826779
NM_000314.8(PTEN):c.185A>G (p.Lys62Arg)	PTEN	single nucleotide variant	Hereditary cancer-predisposing syndrome	G: Uncertain significance	criteria provided, single submitter	missense variant, intron variant	K235R, K62R	2023/12/05			10:89685290	10:87925533	3231147	VCV003231147	rs2132232230
NM_000314.8(PTEN):c.186A>C (p.Lys62Asn)	PTEN	single nucleotide variant	PTEN hamartoma tumor syndrome, Hereditary cancer-predisposing syndrome	G: Uncertain significance	criteria provided, multiple submitters, no conflicts	missense variant, intron variant	K62N, K235N	2025/04/29			10:89685291	10:87925534	570232	VCV000570232	rs1564826791
NM_000314.8(PTEN):c.188A>C (p.Asn63Thr)	PTEN	single nucleotide variant	not provided	G: Uncertain significance	criteria provided, single submitter	missense variant, intron variant	N236T, N63T	2022/08/15			10:89685293	10:87925536	2430990	VCV002430990	rs2132232249
NM_000314.8(PTEN):c.188A>G (p.Asn63Ser)	PTEN	single nucleotide variant	PTEN hamartoma tumor syndrome	G: Uncertain significance	criteria provided, single submitter	missense variant, intron variant	N236S, N63S	2021/11/27			10:89685293	10:87925536	1395465	VCV001395465	rs2132232249
NM_000314.8(PTEN):c.189C>G (p.Asn63Lys)	PTEN	single nucleotide variant	Hereditary cancer-predisposing syndrome	G: Uncertain significance	criteria provided, single submitter	missense variant, intron variant	N236K, N63K	2026/06/02			10:89685294	10:87925537	4862742	VCV004862742	
NM_000314.8(PTEN):c.190C>G (p.His64Asp)	PTEN	single nucleotide variant	Hereditary cancer-predisposing syndrome	G: Uncertain significance	criteria provided, single submitter	missense variant, intron variant	H64D, H237D	2025/08/29			10:89685295	10:87925538	4147013	VCV004147013	
NM_000314.8(PTEN):c.190C>A (p.His64Asn)	PTEN	single nucleotide variant	PTEN hamartoma tumor syndrome	G: Uncertain significance	criteria provided, single submitter	missense variant, intron variant	H237N, H64N	2020/11/26			10:89685295	10:87925538	1393335	VCV001393335	rs587781535
NM_000314.8(PTEN):c.190C>T (p.His64Tyr)	PTEN	single nucleotide variant	Hereditary cancer-predisposing syndrome, PTEN hamartoma tumor syndrome, not provided	G: Uncertain significance	criteria provided, multiple submitters, no conflicts	missense variant, intron variant	H64Y, H237Y	2021/02/19			10:89685295	10:87925538	141154	VCV000141154	rs587781535
NM_000314.8(PTEN):c.191A>C (p.His64Pro)	PTEN	single nucleotide variant	PTEN-related disorder, Hereditary cancer-predisposing syndrome, not provided	G: Pathogenic/Likely pathogenic	criteria provided, multiple submitters, no conflicts	missense variant, intron variant	H237P, H64P	2025/08/28			10:89685296	10:87925539	2574362	VCV002574362	rs1589640471
NM_000314.8(PTEN):c.191A>G (p.His64Arg)	PTEN	single nucleotide variant	PTEN hamartoma tumor syndrome, Hereditary cancer-predisposing syndrome	G: Uncertain significance	criteria provided, multiple submitters, no conflicts	missense variant, intron variant	H237R, H64R	2025/12/21			10:89685296	10:87925539	820340	VCV000820340	rs1589640471
NM_000314.8(PTEN):c.192T>G (p.His64Gln)	PTEN	single nucleotide variant	Glioma susceptibility 2	G: Uncertain significance	criteria provided, single submitter	missense variant, intron variant	H237Q, H64Q	2024/01/31			10:89685297	10:87925540	3240232	VCV003240232	rs2132232280
NM_000314.8(PTEN):c.193T>A (p.Tyr65Asn)	PTEN	single nucleotide variant	not specified	G: Uncertain significance	no assertion criteria provided	missense variant, intron variant	Y65N, Y238N	2014/03/18			10:89685298	10:87925541	560623	VCV000560623	rs587780005
NM_000314.8(PTEN):c.196A>C (p.Lys66Gln)	PTEN	single nucleotide variant	PTEN hamartoma tumor syndrome	G: Uncertain significance	criteria provided, single submitter	missense variant, intron variant	K239Q, K66Q	2023/03/28			10:89685301	10:87925544	3069948	VCV003069948	rs1554897271
NM_000314.8(PTEN):c.196A>G (p.Lys66Glu)	PTEN	single nucleotide variant	not provided	G: Likely pathogenic	criteria provided, single submitter	missense variant, intron variant	K239E, K66E	2023/04/21			10:89685301	10:87925544	2499958	VCV002499958	rs1554897271
NM_000314.8(PTEN):c.197A>G (p.Lys66Arg)	PTEN	single nucleotide variant	Hereditary cancer-predisposing syndrome	G: Uncertain significance	criteria provided, single submitter	missense variant, intron variant	K239R, K66R	2025/08/26			10:89685302	10:87925545	4146994	VCV004146994	
NM_000314.8(PTEN):c.197A>T (p.Lys66Met)	PTEN	single nucleotide variant	not specified	G: Uncertain significance	no assertion criteria provided	missense variant, intron variant	K66M, K239M	2014/03/18			10:89685302	10:87925545	560624	VCV000560624	rs1564826805
NM_000314.8(PTEN):c.199A>C (p.Ile67Leu)	PTEN	single nucleotide variant	Hereditary cancer-predisposing syndrome	G: Uncertain significance	criteria provided, single submitter	missense variant, intron variant	I67L, I240L	2026/03/06			10:89685304	10:87925547	4827359	VCV004827359	
NM_000314.8(PTEN):c.199A>T (p.Ile67Leu)	PTEN	single nucleotide variant	PTEN hamartoma tumor syndrome	G: Uncertain significance	criteria provided, single submitter	intron variant, missense variant	I240L, I67L	2024/12/09			10:89685304	10:87925547	2891032	VCV002891032	rs2493703449
NM_000314.8(PTEN):c.199A>G (p.Ile67Val)	PTEN	single nucleotide variant	PTEN hamartoma tumor syndrome	G: Uncertain significance	criteria provided, single submitter	missense variant, intron variant	I240V, I67V	2023/08/08			10:89685304	10:87925547	2863055	VCV002863055	rs2493703449
NM_000314.8(PTEN):c.200T>G (p.Ile67Arg)	PTEN	single nucleotide variant	PTEN hamartoma tumor syndrome	G: Likely pathogenic	criteria provided, single submitter	missense variant, intron variant	I240R, I67R	2022/10/14			10:89685305	10:87925548	2429351	VCV002429351	rs1859804665
NM_000314.8(PTEN):c.200T>A (p.Ile67Lys)	PTEN	single nucleotide variant	PTEN hamartoma tumor syndrome	G: Uncertain significance	criteria provided, single submitter	missense variant, intron variant	I240K, I67K	2019/12/02			10:89685305	10:87925548	839209	VCV000839209	rs1859804665
NM_000314.8(PTEN):c.201A>G (p.Ile67Met)	PTEN	single nucleotide variant	Cowden syndrome 1, PTEN hamartoma tumor syndrome	G: Uncertain significance	criteria provided, multiple submitters, no conflicts	missense variant, intron variant	I240M, I67M	2024/03/08			10:89685306	10:87925549	2754588	VCV002754588	rs2132232357
NM_000314.8(PTEN):c.202T>G (p.Tyr68Asp)	PTEN	single nucleotide variant	not provided, PTEN hamartoma tumor syndrome	G: Pathogenic/Likely pathogenic	criteria provided, multiple submitters, no conflicts	missense variant, intron variant	Y68D, Y241D	2024/10/18			10:89685307	10:87925550	536540	VCV000536540	rs398123317
NM_000314.8(PTEN):c.202T>C (p.Tyr68His)	PTEN	single nucleotide variant	Prostate cancer, Cowden syndrome 1, Glioma susceptibility 2, Macrocephaly-autism syndrome, Familial meningioma, Hereditary cancer-predisposing syndrome, not provided, PTEN hamartoma tumor syndrome	G: Pathogenic/Likely pathogenic	criteria provided, multiple submitters, no conflicts	missense variant, intron variant	Y68H, Y241H	2026/05/14	2024/08/14		10:89685307	10:87925550	189474	VCV000189474	rs398123317
NM_000314.8(PTEN):c.203A>G (p.Tyr68Cys)	PTEN	single nucleotide variant	Hereditary cancer-predisposing syndrome, not provided, PTEN hamartoma tumor syndrome, Cowden syndrome 1	G: Pathogenic/Likely pathogenic	criteria provided, multiple submitters, no conflicts	missense variant, intron variant	Y68C, Y241C	2024/11/30	2023/05/15		10:89685308	10:87925551	233777	VCV000233777	rs876660634
NM_000314.8(PTEN):c.206A>T (p.Asn69Ile)	PTEN	single nucleotide variant	PTEN hamartoma tumor syndrome	G: Uncertain significance	reviewed by expert panel	missense variant, intron variant	N242I, N69I	2026/06/17			10:89685311	10:87925554	2126293	VCV002126293	rs786204922
NM_000314.8(PTEN):c.207T>G (p.Asn69Lys)	PTEN	single nucleotide variant	Hereditary cancer-predisposing syndrome	G: Uncertain significance	criteria provided, single submitter	missense variant, intron variant	N242K, N69K	2019/01/15			10:89685312	10:87925555	820673	VCV000820673	rs1589640559
NM_000314.8(PTEN):c.208C>A (p.Leu70Ile)	PTEN	single nucleotide variant	PTEN hamartoma tumor syndrome	G: Uncertain significance	criteria provided, single submitter	missense variant, intron variant	L70I, L243I	2025/10/19			10:89685313	10:87925556	4729499	VCV004729499	
NM_000314.8(PTEN):c.208C>T (p.Leu70Phe)	PTEN	single nucleotide variant	not provided, Glioma susceptibility 2	G: Uncertain significance	criteria provided, multiple submitters, no conflicts	missense variant, intron variant	L70F, L243F	2023/08/29			10:89685313	10:87925556	196250	VCV000196250	rs794727480
NM_000314.8(PTEN):c.209T>C (p.Leu70Pro)	PTEN	single nucleotide variant	PTEN hamartoma tumor syndrome	G: Likely pathogenic	reviewed by expert panel	missense variant, intron variant	L70P, L243P	2025/12/05	2025/05/13		10:89685314	10:87925557	7826	VCV000007826	rs121909226
NM_000314.8(PTEN):c.211T>G (p.Cys71Gly)	PTEN	single nucleotide variant	Hereditary cancer-predisposing syndrome	G: Uncertain significance	criteria provided, single submitter	missense variant, 5 prime UTR variant	C244G, C71G	2024/08/07			10:89690804	10:87931047	3427434	VCV003427434	
NM_000314.8(PTEN):c.214G>A (p.Ala72Thr)	PTEN	single nucleotide variant	PTEN hamartoma tumor syndrome	G: Uncertain significance	criteria provided, single submitter	missense variant, 5 prime UTR variant	A245T, A72T	2021/12/15			10:89690807	10:87931050	2043159	VCV002043159	rs2132238687
NM_000314.8(PTEN):c.215C>G (p.Ala72Gly)	PTEN	single nucleotide variant	PTEN hamartoma tumor syndrome	G: Uncertain significance	criteria provided, single submitter	missense variant, 5 prime UTR variant	A245G, A72G	2021/11/05			10:89690808	10:87931051	1978595	VCV001978595	rs2132238696
NM_000314.8(PTEN):c.217G>C (p.Glu73Gln)	PTEN	single nucleotide variant	Hereditary cancer-predisposing syndrome	G: Uncertain significance	criteria provided, single submitter	missense variant, 5 prime UTR variant	E246Q, E73Q	2025/09/30			10:89690810	10:87931053	4676884	VCV004676884	
NM_000314.8(PTEN):c.218A>G (p.Glu73Gly)	PTEN	single nucleotide variant	Familial ovarian cancer	G: Uncertain significance	no assertion criteria provided	missense variant, 5 prime UTR variant	E246G, E73G				10:89690811	10:87931054	1050413	VCV001050413	rs2132238743
NM_000314.8(PTEN):c.220A>G (p.Arg74Gly)	PTEN	single nucleotide variant	Familial prostate cancer, Familial meningioma, Glioma susceptibility 2, Macrocephaly-autism syndrome, Cowden syndrome 1, PTEN hamartoma tumor syndrome	G: Uncertain significance	criteria provided, multiple submitters, no conflicts	missense variant, 5 prime UTR variant	R74G, R247G	2022/03/28			10:89690813	10:87931056	2118663	VCV002118663	rs1554897861
NM_000314.8(PTEN):c.223C>T (p.His75Tyr)	PTEN	single nucleotide variant	Hereditary cancer-predisposing syndrome	G: Uncertain significance	criteria provided, single submitter	missense variant, 5 prime UTR variant	H75Y, H248Y	2025/10/24			10:89690816	10:87931059	4676431	VCV004676431	
NM_000314.8(PTEN):c.224A>T (p.His75Leu)	PTEN	single nucleotide variant	Hereditary cancer-predisposing syndrome	G: Uncertain significance	criteria provided, single submitter	missense variant, 5 prime UTR variant	H248L, H75L	2026/04/16			10:89690817	10:87931060	1788390	VCV001788390	rs2493711896
NM_000314.8(PTEN):c.224A>G (p.His75Arg)	PTEN	single nucleotide variant	PTEN hamartoma tumor syndrome, Hereditary cancer-predisposing syndrome	G: Uncertain significance	criteria provided, multiple submitters, no conflicts	missense variant, 5 prime UTR variant	H248R, H75R	2023/10/13			10:89690817	10:87931060	1788388	VCV001788388	rs2493711896
NM_000314.8(PTEN):c.226T>G (p.Tyr76Asp)	PTEN	single nucleotide variant	PTEN hamartoma tumor syndrome	G: Uncertain significance	criteria provided, single submitter	missense variant, 5 prime UTR variant	Y249D, Y76D	2025/05/05			10:89690819	10:87931062	4741818	VCV004741818	
NM_000314.8(PTEN):c.226T>C (p.Tyr76His)	PTEN	single nucleotide variant	Hereditary cancer-predisposing syndrome, PTEN hamartoma tumor syndrome	G: Uncertain significance	criteria provided, multiple submitters, no conflicts	missense variant, 5 prime UTR variant	Y249H, Y76H	2024/02/24			10:89690819	10:87931062	1355461	VCV001355461	rs2132238814
NM_000314.8(PTEN):c.227A>T (p.Tyr76Phe)	PTEN	single nucleotide variant	not provided	G: Uncertain significance	criteria provided, single submitter	missense variant, 5 prime UTR variant	Y249F, Y76F	2019/08/08			10:89690820	10:87931063	1321127	VCV001321127	rs2132238825
NM_000314.8(PTEN):c.227A>G (p.Tyr76Cys)	PTEN	single nucleotide variant	not provided, PTEN hamartoma tumor syndrome	G: Uncertain significance	criteria provided, multiple submitters, no conflicts	missense variant, 5 prime UTR variant	Y249C, Y76C	2025/05/13			10:89690820	10:87931063	1210590	VCV001210590	rs2132238825
NM_000314.8(PTEN):c.229_231delinsTAT (p.Asp77Tyr)	PTEN	Indel	Hereditary cancer-predisposing syndrome	G: Uncertain significance	criteria provided, single submitter	missense variant, 5 prime UTR variant	D250Y, D77Y	2022/09/17			10:89690822	10:87931065	1789093	VCV001789093	rs2493711989
NM_000314.8(PTEN):c.229G>C (p.Asp77His)	PTEN	single nucleotide variant	Hereditary cancer-predisposing syndrome	G: Uncertain significance	criteria provided, single submitter	missense variant, 5 prime UTR variant	D77H, D250H	2026/01/26			10:89690822	10:87931065	481095	VCV000481095	rs1554897867
NM_000314.8(PTEN):c.230A>G (p.Asp77Gly)	PTEN	single nucleotide variant	PTEN hamartoma tumor syndrome, Hereditary cancer-predisposing syndrome	G: Uncertain significance	criteria provided, multiple submitters, no conflicts	missense variant, 5 prime UTR variant	D250G, D77G	2026/01/30			10:89690823	10:87931066	3075547	VCV003075547	rs747865777
NM_000314.8(PTEN):c.231C>A (p.Asp77Glu)	PTEN	single nucleotide variant	Hereditary cancer-predisposing syndrome	G: Uncertain significance	criteria provided, single submitter	missense variant, 5 prime UTR variant	D77E, D250E	2017/05/18			10:89690824	10:87931067	484623	VCV000484623	rs755953294
NM_000314.8(PTEN):c.233C>T (p.Thr78Ile)	PTEN	single nucleotide variant	Hereditary cancer-predisposing syndrome	G: Uncertain significance	criteria provided, single submitter	missense variant, 5 prime UTR variant	T251I, T78I	2019/09/13			10:89690826	10:87931069	919215	VCV000919215	rs777640028
NM_000314.8(PTEN):c.236C>A (p.Ala79Asp)	PTEN	single nucleotide variant	Hereditary cancer-predisposing syndrome	G: Uncertain significance	criteria provided, single submitter	missense variant, 5 prime UTR variant	A252D, A79D	2024/04/05			10:89690829	10:87931072	3311254	VCV003311254	
NM_000314.8(PTEN):c.239A>G (p.Lys80Arg)	PTEN	single nucleotide variant	Hereditary cancer-predisposing syndrome	G: Uncertain significance	criteria provided, single submitter	missense variant, 5 prime UTR variant	K80R, K253R	2025/03/04			10:89690832	10:87931075	3784736	VCV003784736	
NM_000314.8(PTEN):c.239A>C (p.Lys80Thr)	PTEN	single nucleotide variant	PTEN hamartoma tumor syndrome	G: Uncertain significance	criteria provided, single submitter	missense variant, 5 prime UTR variant	K253T, K80T	2019/10/30			10:89690832	10:87931075	955524	VCV000955524	rs1859921641
NM_000314.8(PTEN):c.242T>A (p.Phe81Tyr)	PTEN	single nucleotide variant	Hereditary cancer-predisposing syndrome	G: Uncertain significance	criteria provided, multiple submitters, no conflicts	missense variant, 5 prime UTR variant	F81Y, F254Y	2026/01/20			10:89690835	10:87931078	628968	VCV000628968	rs876661177
NM_000314.8(PTEN):c.242T>G (p.Phe81Cys)	PTEN	single nucleotide variant	not provided	G: Likely pathogenic	criteria provided, single submitter	missense variant, 5 prime UTR variant	F81C, F254C	2021/11/04			10:89690835	10:87931078	234710	VCV000234710	rs876661177
NM_000314.8(PTEN):c.244A>G (p.Asn82Asp)	PTEN	single nucleotide variant	not provided	G: Uncertain significance	criteria provided, single submitter	missense variant, 5 prime UTR variant	N82D, N255D	2015/02/16			10:89690837	10:87931080	418435	VCV000418435	rs1064793242
NM_000314.8(PTEN):c.248G>C (p.Cys83Ser)	PTEN	single nucleotide variant	Hereditary cancer-predisposing syndrome	G: Uncertain significance	criteria provided, single submitter	missense variant, 5 prime UTR variant	C256S, C83S	2024/06/25			10:89690841	10:87931084	3427427	VCV003427427	
NM_000314.8(PTEN):c.250A>G (p.Arg84Gly)	PTEN	single nucleotide variant	Hereditary cancer-predisposing syndrome	G: Uncertain significance	criteria provided, single submitter	missense variant, 5 prime UTR variant	R84G, R257G	2023/12/04			10:89690843	10:87931086	923833	VCV000923833	rs1554897880
NM_000314.8(PTEN):c.252A>C (p.Arg84Ser)	PTEN	single nucleotide variant	Hereditary cancer-predisposing syndrome	G: Uncertain significance	criteria provided, single submitter	missense variant, 5 prime UTR variant	R257S, R84S	2023/04/21			10:89690845	10:87931088	2567272	VCV002567272	rs2493712273
NM_000314.8(PTEN):c.253G>T (p.Val85Phe)	PTEN	single nucleotide variant				missense variant, 5 prime UTR variant	V258F, V85F				10:89690846	10:87931089	4365743	VCV004365743	
NM_000314.8(PTEN):c.253G>A (p.Val85Ile)	PTEN	single nucleotide variant	not provided	G: Uncertain significance	criteria provided, single submitter	missense variant, 5 prime UTR variant	V258I, V85I	2022/10/26			10:89690846	10:87931089	2499932	VCV002499932	rs2132239030
NM_000314.8(PTEN):c.254T>G (p.Val85Gly)	PTEN	single nucleotide variant	Hereditary cancer-predisposing syndrome, not provided	G: Uncertain significance	criteria provided, multiple submitters, no conflicts	missense variant, 5 prime UTR variant	V85G, V258G	2023/03/06			10:89692770	10:87933013	428239	VCV000428239	rs1114167658
NM_000314.8(PTEN):c.256G>A (p.Ala86Thr)	PTEN	single nucleotide variant	PTEN hamartoma tumor syndrome	G: Uncertain significance	criteria provided, single submitter	missense variant, 5 prime UTR variant	A86T, A259T	2018/07/02			10:89692772	10:87933015	584752	VCV000584752	rs1564829780
NM_000314.8(PTEN):c.257C>T (p.Ala86Val)	PTEN	single nucleotide variant	Hereditary cancer-predisposing syndrome	G: Uncertain significance	criteria provided, single submitter	missense variant, 5 prime UTR variant	A86V, A259V	2025/07/11			10:89692773	10:87933016	591438	VCV000591438	rs1564829783
NM_000314.8(PTEN):c.260A>T (p.Gln87Leu)	PTEN	single nucleotide variant	Prostate cancer, hereditary, 1	G: Uncertain significance	no assertion criteria provided	missense variant, 5 prime UTR variant	Q260L, Q87L	2024/01/01			10:89692776	10:87933019	2687620	VCV002687620	rs2493716003
NM_000314.8(PTEN):c.263A>T (p.Tyr88Phe)	PTEN	single nucleotide variant	Hereditary cancer-predisposing syndrome	G: Uncertain significance	criteria provided, single submitter	missense variant, 5 prime UTR variant	Y88F, Y261F	2023/07/17			10:89692779	10:87933022	2587207	VCV002587207	rs2132242047
NM_000314.8(PTEN):c.265C>T (p.Pro89Ser)	PTEN	single nucleotide variant	not provided	G: Uncertain significance	criteria provided, single submitter	missense variant, 5 prime UTR variant	P89S, P262S	2015/04/16			10:89692781	10:87933024	156512	VCV000156512	rs587783059
NM_000314.8(PTEN):c.266C>G (p.Pro89Arg)	PTEN	single nucleotide variant	not provided, PTEN hamartoma tumor syndrome	G: Uncertain significance	criteria provided, multiple submitters, no conflicts	missense variant, 5 prime UTR variant	P262R, P89R	2025/12/29			10:89692782	10:87933025	1330063	VCV001330063	rs1554898059
NM_000314.8(PTEN):c.266C>T (p.Pro89Leu)	PTEN	single nucleotide variant	Hereditary cancer-predisposing syndrome	G: Uncertain significance	criteria provided, single submitter	missense variant, 5 prime UTR variant	P89L, P262L	2026/02/19			10:89692782	10:87933025	482078	VCV000482078	rs1554898059
NM_000314.8(PTEN):c.269T>C (p.Phe90Ser)	PTEN	single nucleotide variant	Cowden syndrome 1, PTEN-related disorder, PTEN hamartoma tumor syndrome, Intellectual disability, not provided	G: Pathogenic/Likely pathogenic	criteria provided, multiple submitters, no conflicts	missense variant, 5 prime UTR variant	F263S, F90S	2025/08/06		2025/03/04	10:89692785	10:87933028	976246	VCV000976246	rs1859965098
NM_000314.8(PTEN):c.270T>A (p.Phe90Leu)	PTEN	single nucleotide variant	Familial cancer of breast	G: Likely pathogenic	criteria provided, single submitter	missense variant, 5 prime UTR variant	F263L, F90L	2026/04/06			10:89692786	10:87933029	4819386	VCV004819386	
NM_000314.8(PTEN):c.271G>A (p.Glu91Lys)	PTEN	single nucleotide variant	Hereditary cancer-predisposing syndrome	G: Uncertain significance	criteria provided, single submitter	missense variant, 5 prime UTR variant	E91K, E264K	2023/12/05			10:89692787	10:87933030	492324	VCV000492324	rs1554898062
NM_000314.8(PTEN):c.272A>G (p.Glu91Gly)	PTEN	single nucleotide variant	PTEN hamartoma tumor syndrome	G: Uncertain significance	criteria provided, single submitter	missense variant, 5 prime UTR variant	E264G, E91G	2023/02/14			10:89692788	10:87933031	2836880	VCV002836880	rs2132242133
NM_000314.8(PTEN):c.273A>C (p.Glu91Asp)	PTEN	single nucleotide variant	Hereditary cancer-predisposing syndrome, PTEN hamartoma tumor syndrome	G: Uncertain significance	criteria provided, multiple submitters, no conflicts	missense variant, 5 prime UTR variant	E91D, E264D	2021/09/01			10:89692789	10:87933032	821745	VCV000821745	rs1589646019
NM_000314.8(PTEN):c.274G>A (p.Asp92Asn)	PTEN	single nucleotide variant	not provided, Triple-negative breast cancer	G: Likely pathogenic	criteria provided, multiple submitters, no conflicts	missense variant, 5 prime UTR variant	D265N, D92N	2025/05/08			10:89692790	10:87933033	4527406	VCV004527406	
NM_000314.8(PTEN):c.275A>T (p.Asp92Val)	PTEN	single nucleotide variant	Cowden syndrome 1, Hereditary cancer-predisposing syndrome	G: Pathogenic/Likely pathogenic	criteria provided, multiple submitters, no conflicts	missense variant, 5 prime UTR variant	D92V, D265V	2025/06/17	2025/08/06		10:89692791	10:87933034	1795656	VCV001795656	rs1114167623
NM_000314.8(PTEN):c.275A>G (p.Asp92Gly)	PTEN	single nucleotide variant	PTEN hamartoma tumor syndrome, Autosomal dominant PTEN-related disorders, Hereditary cancer-predisposing syndrome, Cowden syndrome 4	G: Pathogenic/Likely pathogenic	criteria provided, multiple submitters, no conflicts	missense variant, 5 prime UTR variant	D92G, D265G	2025/04/27			10:89692791	10:87933034	565960	VCV000565960	rs1114167623
NM_000314.8(PTEN):c.275A>C (p.Asp92Ala)	PTEN	single nucleotide variant	Hereditary cancer-predisposing syndrome, not provided, PTEN hamartoma tumor syndrome	G: Pathogenic/Likely pathogenic	criteria provided, multiple submitters, no conflicts	missense variant, 5 prime UTR variant	D92A, D265A	2024/06/27			10:89692791	10:87933034	428196	VCV000428196	rs1114167623
NM_000314.8(PTEN):c.277C>T (p.His93Tyr)	PTEN	single nucleotide variant	PTEN-related disorder, Hereditary cancer-predisposing syndrome, PTEN hamartoma tumor syndrome, Cowden syndrome 1	G: Pathogenic/Likely pathogenic	criteria provided, multiple submitters, no conflicts	missense variant, 5 prime UTR variant	H266Y, H93Y	2025/10/12			10:89692793	10:87933036	646993	VCV000646993	rs786204927
NM_000314.8(PTEN):c.277C>A (p.His93Asn)	PTEN	single nucleotide variant	Macrocephaly, Large for gestational age, Loss of consciousness, Triple-negative breast cancer	G: Likely pathogenic	criteria provided, multiple submitters, no conflicts	missense variant, 5 prime UTR variant	H93N, H266N	2023/06/01			10:89692793	10:87933036	523356	VCV000523356	rs786204927
NM_000314.8(PTEN):c.277C>G (p.His93Asp)	PTEN	single nucleotide variant	PTEN hamartoma tumor syndrome	G: Likely pathogenic	criteria provided, single submitter	missense variant, 5 prime UTR variant	H93D, H266D	2023/03/23			10:89692793	10:87933036	189482	VCV000189482	rs786204927
NM_000314.8(PTEN):c.278A>T (p.His93Leu)	PTEN	single nucleotide variant	PTEN hamartoma tumor syndrome	G: Uncertain significance	criteria provided, single submitter	missense variant, 5 prime UTR variant	H93L, H266L	2021/08/06			10:89692794	10:87933037	1442462	VCV001442462	rs121909238
NM_000314.8(PTEN):c.279T>G (p.His93Gln)	PTEN	single nucleotide variant	Triple-negative breast cancer	G: Likely pathogenic	criteria provided, single submitter	missense variant, 5 prime UTR variant	H266Q, H93Q	2023/06/01			10:89692795	10:87933038	4880006	VCV004880006	
NM_000314.8(PTEN):c.280A>T (p.Asn94Tyr)	PTEN	single nucleotide variant	PTEN hamartoma tumor syndrome	G: Uncertain significance	criteria provided, single submitter	missense variant, 5 prime UTR variant	N94Y, N267Y	2022/12/29			10:89692796	10:87933039	2824871	VCV002824871	rs2493716326
NM_000314.8(PTEN):c.284C>A (p.Pro95Gln)	PTEN	single nucleotide variant	PTEN hamartoma tumor syndrome	G: Uncertain significance	criteria provided, single submitter	missense variant, 5 prime UTR variant	P268Q, P95Q	2024/09/19			10:89692800	10:87933043	3613675	VCV003613675	
NM_000314.8(PTEN):c.286C>A (p.Pro96Thr)	PTEN	single nucleotide variant	PTEN hamartoma tumor syndrome	G: Uncertain significance	criteria provided, multiple submitters, no conflicts	missense variant, 5 prime UTR variant	P96T, P269T	2024/03/05			10:89692802	10:87933045	2132256	VCV002132256	rs398123320
NM_000314.8(PTEN):c.287C>A (p.Pro96Gln)	PTEN	single nucleotide variant	PTEN hamartoma tumor syndrome, Cowden syndrome 1	G: Pathogenic/Likely pathogenic	criteria provided, multiple submitters, no conflicts	missense variant, 5 prime UTR variant	P269Q, P96Q	2024/08/12			10:89692803	10:87933046	1457597	VCV001457597	rs1554898074
NM_000314.8(PTEN):c.289_290delinsTT (p.Gln97Leu)	PTEN	Indel	Hereditary cancer-predisposing syndrome	G: Uncertain significance	criteria provided, single submitter	missense variant, 5 prime UTR variant	Q97L, Q270L	2020/01/08			10:89692805	10:87933048	1797295	VCV001797295	rs2493716443
NM_000314.8(PTEN):c.289C>G (p.Gln97Glu)	PTEN	single nucleotide variant	PTEN hamartoma tumor syndrome, Hereditary cancer-predisposing syndrome	G: Uncertain significance	criteria provided, multiple submitters, no conflicts	missense variant, 5 prime UTR variant	Q97E, Q270E	2022/11/28			10:89692805	10:87933048	536539	VCV000536539	rs786204928
NM_000314.8(PTEN):c.290A>G (p.Gln97Arg)	PTEN	single nucleotide variant	Hereditary cancer-predisposing syndrome	G: Uncertain significance	criteria provided, single submitter	missense variant, 5 prime UTR variant	Q97R, Q270R	2015/12/28			10:89692806	10:87933049	1797556	VCV001797556	rs2493716450
NM_000314.8(PTEN):c.291G>T (p.Gln97His)	PTEN	single nucleotide variant	Hereditary cancer-predisposing syndrome	G: Uncertain significance	criteria provided, single submitter	5 prime UTR variant, missense variant	Q270H, Q97H	2023/04/27			10:89692807	10:87933050	2567275	VCV002567275	rs1564829889
NM_000314.8(PTEN):c.292C>G (p.Leu98Val)	PTEN	single nucleotide variant	Hereditary cancer-predisposing syndrome	G: Uncertain significance	criteria provided, single submitter	missense variant, 5 prime UTR variant	L271V, L98V	2018/06/25			10:89692808	10:87933051	822278	VCV000822278	rs1589646090
NM_000314.8(PTEN):c.293T>C (p.Leu98Pro)	PTEN	single nucleotide variant	Macrocephaly-autism syndrome, not provided	G: Pathogenic/Likely pathogenic	criteria provided, multiple submitters, no conflicts	missense variant, 5 prime UTR variant	L271P, L98P	2026/01/05			10:89692809	10:87933052	3767590	VCV003767590	
NM_000314.8(PTEN):c.293T>G (p.Leu98Arg)	PTEN	single nucleotide variant	Hereditary cancer-predisposing syndrome, PTEN hamartoma tumor syndrome, Glioma susceptibility 2	G: Pathogenic/Likely pathogenic	criteria provided, multiple submitters, no conflicts	missense variant, 5 prime UTR variant	L98R, L271R	2024/04/05			10:89692809	10:87933052	404143	VCV000404143	rs781647403
NM_000314.8(PTEN):c.295G>A (p.Glu99Lys)	PTEN	single nucleotide variant	Hereditary cancer-predisposing syndrome	G: Uncertain significance	criteria provided, single submitter	missense variant, 5 prime UTR variant	E272K, E99K	2023/07/21			10:89692811	10:87933054	2774179	VCV002774179	rs2132242309
NM_000314.8(PTEN):c.295G>C (p.Glu99Gln)	PTEN	single nucleotide variant	PTEN hamartoma tumor syndrome	G: Uncertain significance	criteria provided, single submitter	missense variant, 5 prime UTR variant	E99Q, E272Q	2021/04/22			10:89692811	10:87933054	1389580	VCV001389580	rs2132242309
NM_000314.8(PTEN):c.298C>A (p.Leu100Ile)	PTEN	single nucleotide variant	not provided	G: Uncertain significance	criteria provided, single submitter	missense variant, 5 prime UTR variant	L100I, L273I	2025/06/11			10:89692814	10:87933057	2687621	VCV002687621	rs1589646100
NM_000314.8(PTEN):c.298C>T (p.Leu100Phe)	PTEN	single nucleotide variant	not provided, Triple-negative breast cancer	G: Likely pathogenic	criteria provided, multiple submitters, no conflicts	missense variant, 5 prime UTR variant	L100F, L273F	2023/07/01			10:89692814	10:87933057	1207213	VCV001207213	rs1589646100
NM_000314.8(PTEN):c.298C>G (p.Leu100Val)	PTEN	single nucleotide variant	Glioma susceptibility 2, Hereditary cancer-predisposing syndrome	G: Uncertain significance	criteria provided, multiple submitters, no conflicts	missense variant, 5 prime UTR variant	L273V, L100V	2023/10/18			10:89692814	10:87933057	822443	VCV000822443	rs1589646100
NM_000314.8(PTEN):c.299T>C (p.Leu100Pro)	PTEN	single nucleotide variant	PTEN hamartoma tumor syndrome	G: Uncertain significance	criteria provided, single submitter	missense variant, 5 prime UTR variant	L273P, L100P	2018/12/13			10:89692815	10:87933058	641295	VCV000641295	rs1589646108
NM_000314.8(PTEN):c.301A>T (p.Ile101Phe)	PTEN	single nucleotide variant	PTEN hamartoma tumor syndrome	G: Uncertain significance	criteria provided, single submitter	missense variant, 5 prime UTR variant	I101F, I274F	2025/03/27			10:89692817	10:87933060	4709745	VCV004709745	rs786204857
NM_000314.8(PTEN):c.301A>C (p.Ile101Leu)	PTEN	single nucleotide variant	PTEN hamartoma tumor syndrome	G: Uncertain significance	criteria provided, single submitter	missense variant, 5 prime UTR variant	I101L, I274L	2022/11/10			10:89692817	10:87933060	2813304	VCV002813304	rs786204857
NM_000314.8(PTEN):c.301A>G (p.Ile101Val)	PTEN	single nucleotide variant	PTEN hamartoma tumor syndrome, Hereditary cancer-predisposing syndrome	G: Uncertain significance	criteria provided, multiple submitters, no conflicts	missense variant, 5 prime UTR variant	I274V, I101V	2026/05/19			10:89692817	10:87933060	2774180	VCV002774180	rs786204857
NM_000314.8(PTEN):c.302T>C (p.Ile101Thr)	PTEN	single nucleotide variant	Glioma susceptibility 2, Macrocephaly-autism syndrome, Familial meningioma, Familial prostate cancer, Cowden syndrome 1, Hereditary cancer-predisposing syndrome, not provided, PTEN hamartoma tumor syndrome	G: Pathogenic/Likely pathogenic	criteria provided, multiple submitters, no conflicts	missense variant, 5 prime UTR variant	I101T, I274T	2025/11/10			10:89692818	10:87933061	822660	VCV000822660	rs1339631701
NM_000314.8(PTEN):c.304A>G (p.Lys102Glu)	PTEN	single nucleotide variant	PTEN hamartoma tumor syndrome, Hereditary cancer-predisposing syndrome	G: Uncertain significance	criteria provided, multiple submitters, no conflicts	missense variant, 5 prime UTR variant	K102E, K275E	2025/04/22			10:89692820	10:87933063	1513427	VCV001513427	rs786202944
NM_000314.8(PTEN):c.304A>C (p.Lys102Gln)	PTEN	single nucleotide variant	PTEN hamartoma tumor syndrome	G: Uncertain significance	reviewed by expert panel	missense variant, 5 prime UTR variant	K102Q, K275Q	2025/12/05			10:89692820	10:87933063	186427	VCV000186427	rs786202944
NM_000314.8(PTEN):c.307C>T (p.Pro103Ser)	PTEN	single nucleotide variant	PTEN hamartoma tumor syndrome	G: Uncertain significance	criteria provided, single submitter	missense variant, 5 prime UTR variant	P103S, P276S	2022/02/09			10:89692823	10:87933066	2095828	VCV002095828	rs2132242437
NM_000314.8(PTEN):c.308C>G (p.Pro103Arg)	PTEN	single nucleotide variant	Hereditary cancer-predisposing syndrome, PTEN hamartoma tumor syndrome	G: Uncertain significance	criteria provided, multiple submitters, no conflicts	missense variant, 5 prime UTR variant	P103R, P276R	2024/10/02			10:89692824	10:87933067	404141	VCV000404141	rs1060500111
NM_000314.8(PTEN):c.311T>A (p.Phe104Tyr)	PTEN	single nucleotide variant	Hereditary cancer-predisposing syndrome	G: Uncertain significance	criteria provided, single submitter	missense variant, 5 prime UTR variant	F104Y, F277Y	2017/04/14			10:89692827	10:87933070	588868	VCV000588868	rs1564829958
NM_000314.8(PTEN):c.312T>A (p.Phe104Leu)	PTEN	single nucleotide variant	PTEN hamartoma tumor syndrome	G: Uncertain significance	criteria provided, single submitter	missense variant, 5 prime UTR variant	F104L, F277L	2025/09/10			10:89692828	10:87933071	4740330	VCV004740330	
NM_000314.8(PTEN):c.313T>C (p.Cys105Arg)	PTEN	single nucleotide variant	Cowden syndrome 1, Macrocephaly-autism syndrome	G: Likely pathogenic	criteria provided, multiple submitters, no conflicts	missense variant, 5 prime UTR variant	C105R, C278R	2025/12/10			10:89692829	10:87933072	2628372	VCV002628372	rs1303165645
NM_000314.8(PTEN):c.313T>G (p.Cys105Gly)	PTEN	single nucleotide variant	Hereditary cancer-predisposing syndrome	G: Likely pathogenic	criteria provided, single submitter	missense variant, 5 prime UTR variant	C278G, C105G	2022/09/06			10:89692829	10:87933072	1728081	VCV001728081	rs1303165645
NM_000314.8(PTEN):c.314G>C (p.Cys105Ser)	PTEN	single nucleotide variant	Triple-negative breast cancer	G: Likely pathogenic	criteria provided, single submitter	missense variant, 5 prime UTR variant	C105S, C278S	2023/07/01			10:89692830	10:87933073	4880007	VCV004880007	
NM_000314.8(PTEN):c.315T>G (p.Cys105Trp)	PTEN	single nucleotide variant	Prostate cancer, hereditary, 1	G: Uncertain significance	no assertion criteria provided	missense variant, 5 prime UTR variant	C105W, C278W	2024/01/01			10:89692831	10:87933074	2687622	VCV002687622	rs2132242506
NM_000314.8(PTEN):c.316G>A (p.Glu106Lys)	PTEN	single nucleotide variant	Hereditary cancer-predisposing syndrome	G: Uncertain significance	criteria provided, single submitter	missense variant, 5 prime UTR variant	E279K, E106K	2025/12/30			10:89692832	10:87933075	4843606	VCV004843606	
NM_000314.8(PTEN):c.317A>G (p.Glu106Gly)	PTEN	single nucleotide variant	Hereditary cancer-predisposing syndrome	G: Uncertain significance	criteria provided, single submitter	missense variant, 5 prime UTR variant	E279G, E106G	2025/05/18			10:89692833	10:87933076	3940101	VCV003940101	
NM_000314.8(PTEN):c.318_320delinsCTT (p.Glu106_Asp107delinsAspPhe)	PTEN	Indel	Prostate cancer, hereditary, 1	G: Uncertain significance	no assertion criteria provided	missense variant, 5 prime UTR variant		2024/01/01			10:89692834	10:87933077	2687609	VCV002687609	rs2493716797
NM_000314.8(PTEN):c.318A>T (p.Glu106Asp)	PTEN	single nucleotide variant	PTEN hamartoma tumor syndrome, Hereditary cancer-predisposing syndrome	G: Uncertain significance	criteria provided, multiple submitters, no conflicts	missense variant, 5 prime UTR variant	E279D, E106D	2022/04/08			10:89692834	10:87933077	1047003	VCV001047003	rs1859969915
NM_000314.8(PTEN):c.319G>A (p.Asp107Asn)	PTEN	single nucleotide variant	Triple-negative breast cancer	G: Likely benign	criteria provided, single submitter	missense variant, 5 prime UTR variant	D107N, D280N	2023/05/01			10:89692835	10:87933078	4880008	VCV004880008	
NM_000314.8(PTEN):c.319G>C (p.Asp107His)	PTEN	single nucleotide variant	Prostate cancer, hereditary, 1	G: Uncertain significance	no assertion criteria provided	missense variant, 5 prime UTR variant	D107H, D280H	2024/01/01			10:89692835	10:87933078	2687623	VCV002687623	rs57374291
NM_000314.8(PTEN):c.320A>C (p.Asp107Ala)	PTEN	single nucleotide variant	Hereditary cancer-predisposing syndrome	G: Uncertain significance	criteria provided, single submitter	missense variant, 5 prime UTR variant	D107A, D280A	2025/02/06			10:89692836	10:87933079	3784747	VCV003784747	
NM_000314.8(PTEN):c.320A>G (p.Asp107Gly)	PTEN	single nucleotide variant	Hereditary cancer-predisposing syndrome	G: Likely pathogenic	criteria provided, single submitter	missense variant, 5 prime UTR variant	D107G, D280G	2025/10/21			10:89692836	10:87933079	1728902	VCV001728902	rs786204858
NM_000314.8(PTEN):c.321T>G (p.Asp107Glu)	PTEN	single nucleotide variant	Hereditary cancer-predisposing syndrome	G: Uncertain significance	criteria provided, single submitter	missense variant, 5 prime UTR variant	D107E, D280E	2023/11/13			10:89692837	10:87933080	3231151	VCV003231151	rs372876243
NM_000314.8(PTEN):c.321T>A (p.Asp107Glu)	PTEN	single nucleotide variant	Hereditary cancer-predisposing syndrome	G: Uncertain significance	criteria provided, single submitter	missense variant, 5 prime UTR variant	D280E, D107E	2021/07/01			10:89692837	10:87933080	1729064	VCV001729064	rs372876243
NM_000314.8(PTEN):c.322C>T (p.Leu108Phe)	PTEN	single nucleotide variant	Hereditary cancer-predisposing syndrome	G: Likely pathogenic	criteria provided, single submitter	missense variant, 5 prime UTR variant	L108F, L281F	2024/04/03			10:89692838	10:87933081	2562403	VCV002562403	rs2132242585
NM_000314.8(PTEN):c.323T>G (p.Leu108Arg)	PTEN	single nucleotide variant	PTEN hamartoma tumor syndrome	G: Likely pathogenic	criteria provided, single submitter	missense variant, 5 prime UTR variant	L108R, L281R	2025/03/12			10:89692839	10:87933082	2764628	VCV002764628	rs1064793243
NM_000314.8(PTEN):c.323T>C (p.Leu108Pro)	PTEN	single nucleotide variant	not provided, Hereditary cancer-predisposing syndrome, PTEN hamartoma tumor syndrome, Cowden syndrome 1	G: Pathogenic/Likely pathogenic	criteria provided, multiple submitters, no conflicts	missense variant, 5 prime UTR variant	L108P, L281P	2026/05/14			10:89692839	10:87933082	418436	VCV000418436	rs1064793243
NM_000314.8(PTEN):c.325G>T (p.Asp109Tyr)	PTEN	single nucleotide variant	Macrocephaly-autism syndrome	G: Uncertain significance	criteria provided, single submitter	missense variant, 5 prime UTR variant	D109Y, D282Y	2025/07/25			10:89692841	10:87933084	4856217	VCV004856217	
NM_000314.8(PTEN):c.326A>G (p.Asp109Gly)	PTEN	single nucleotide variant	Hereditary cancer-predisposing syndrome	G: Uncertain significance	criteria provided, single submitter	missense variant, 5 prime UTR variant	D109G, D282G	2024/10/17			10:89692842	10:87933085	3774415	VCV003774415	
NM_000314.8(PTEN):c.326A>C (p.Asp109Ala)	PTEN	single nucleotide variant	Prostate cancer, hereditary, 1	G: Uncertain significance	no assertion criteria provided	missense variant, 5 prime UTR variant	D109A, D282A	2024/01/01			10:89692842	10:87933085	2687624	VCV002687624	rs2132242621
NM_000314.8(PTEN):c.327C>A (p.Asp109Glu)	PTEN	single nucleotide variant	Hereditary cancer-predisposing syndrome	G: Uncertain significance	criteria provided, single submitter	missense variant, 5 prime UTR variant	D109E, D282E	2022/07/22			10:89692843	10:87933086	1729705	VCV001729705	rs763477642
NM_000314.8(PTEN):c.328C>A (p.Gln110Lys)	PTEN	single nucleotide variant	not provided	G: Uncertain significance	criteria provided, single submitter	missense variant, 5 prime UTR variant	Q110K, Q283K	2019/04/03			10:89692844	10:87933087	1186260	VCV001186260	rs1114167629
NM_000314.8(PTEN):c.329A>G (p.Gln110Arg)	PTEN	single nucleotide variant	Hereditary cancer-predisposing syndrome, PTEN hamartoma tumor syndrome	G: Uncertain significance	criteria provided, multiple submitters, no conflicts	missense variant, 5 prime UTR variant	Q110R, Q283R	2026/01/28			10:89692845	10:87933088	567265	VCV000567265	rs1564830013
NM_000314.8(PTEN):c.331T>C (p.Trp111Arg)	PTEN	single nucleotide variant	PTEN hamartoma tumor syndrome	G: Pathogenic	reviewed by expert panel	missense variant, 5 prime UTR variant	W111R, W284R	2025/12/05		2025/12/29	10:89692847	10:87933090	92820	VCV000092820	rs398123321
NM_000314.8(PTEN):c.333G>T (p.Trp111Cys)	PTEN	single nucleotide variant	Hereditary cancer-predisposing syndrome, PTEN hamartoma tumor syndrome	G: Pathogenic/Likely pathogenic	criteria provided, multiple submitters, no conflicts	missense variant, 5 prime UTR variant	W111C, W284C	2026/04/23			10:89692849	10:87933092	3669092	VCV003669092	
NM_000314.8(PTEN):c.333G>C (p.Trp111Cys)	PTEN	single nucleotide variant	PTEN hamartoma tumor syndrome	G: Uncertain significance	criteria provided, single submitter	missense variant, 5 prime UTR variant	W111C, W284C	2021/07/14			10:89692849	10:87933092	581617	VCV000581617	rs1554898097
NM_000314.8(PTEN):c.334C>A (p.Leu112Ile)	PTEN	single nucleotide variant	Prostate cancer, hereditary, 1	G: Uncertain significance	no assertion criteria provided	missense variant, 5 prime UTR variant	L112I, L285I	2024/01/01			10:89692850	10:87933093	2687625	VCV002687625	rs2132242699
NM_000314.8(PTEN):c.335T>G (p.Leu112Arg)	PTEN	single nucleotide variant	Cowden syndrome 1, not provided	G: Pathogenic	criteria provided, multiple submitters, no conflicts	missense variant, 5 prime UTR variant	L112R, L285R	2026/05/14			10:89692851	10:87933094	2674303	VCV002674303	rs121909230
NM_000314.8(PTEN):c.335T>C (p.Leu112Pro)	PTEN	single nucleotide variant	not provided, Cowden syndrome 1	G: Pathogenic	criteria provided, multiple submitters, no conflicts	missense variant, 5 prime UTR variant	L112P, L285P	2026/05/14			10:89692851	10:87933094	7832	VCV000007832	rs121909230
NM_000314.8(PTEN):c.337A>C (p.Ser113Arg)	PTEN	single nucleotide variant	Hereditary cancer-predisposing syndrome	G: Uncertain significance	criteria provided, single submitter	missense variant, 5 prime UTR variant	S113R, S286R	2023/12/05			10:89692853	10:87933096	492326	VCV000492326	rs1554898100
NM_000314.8(PTEN):c.338G>T (p.Ser113Ile)	PTEN	single nucleotide variant	PTEN hamartoma tumor syndrome	G: Uncertain significance	reviewed by expert panel	missense variant, 5 prime UTR variant	S113I, S286I	2023/08/04			10:89692854	10:87933097	139567	VCV000139567	rs587781254
NM_000314.8(PTEN):c.339T>G (p.Ser113Arg)	PTEN	single nucleotide variant	Prostate cancer, hereditary, 1	G: Uncertain significance	no assertion criteria provided	missense variant, 5 prime UTR variant	S113R, S286R	2024/01/01			10:89692855	10:87933098	2687628	VCV002687628	rs2132242743
NM_000314.8(PTEN):c.339T>A (p.Ser113Arg)	PTEN	single nucleotide variant	Prostate cancer, hereditary, 1	G: Uncertain significance	no assertion criteria provided	missense variant, 5 prime UTR variant	S113R, S286R	2024/01/01			10:89692855	10:87933098	2687627	VCV002687627	rs2132242743
NM_000314.8(PTEN):c.342A>C (p.Glu114Asp)	PTEN	single nucleotide variant	Prostate cancer, hereditary, 1	G: Uncertain significance	no assertion criteria provided	missense variant, 5 prime UTR variant	E114D, E287D	2024/01/01			10:89692858	10:87933101	2687629	VCV002687629	rs1589646244
NM_000314.8(PTEN):c.343G>T (p.Asp115Tyr)	PTEN	single nucleotide variant	not provided	G: Uncertain significance	criteria provided, single submitter	missense variant, 5 prime UTR variant	D115Y, D288Y	2023/05/05			10:89692859	10:87933102	2502137	VCV002502137	rs145124907
NM_000314.8(PTEN):c.344A>T (p.Asp115Val)	PTEN	single nucleotide variant	Hereditary cancer-predisposing syndrome, not specified	G: Uncertain significance	criteria provided, multiple submitters, no conflicts	missense variant, 5 prime UTR variant	D288V, D115V	2025/10/07			10:89692860	10:87933103	4147003	VCV004147003	
NM_000314.8(PTEN):c.345T>A (p.Asp115Glu)	PTEN	single nucleotide variant	PTEN hamartoma tumor syndrome	G: Uncertain significance	criteria provided, single submitter	missense variant, 5 prime UTR variant	D115E, D288E	2021/08/24			10:89692861	10:87933104	1377430	VCV001377430	rs2132242798
NM_000314.8(PTEN):c.346G>A (p.Asp116Asn)	PTEN	single nucleotide variant	Hereditary cancer-predisposing syndrome	G: Uncertain significance	criteria provided, single submitter	missense variant, 5 prime UTR variant	D116N, D289N	2024/12/10			10:89692862	10:87933105	3893895	VCV003893895	
NM_000314.8(PTEN):c.346G>C (p.Asp116His)	PTEN	single nucleotide variant	PTEN hamartoma tumor syndrome, Hereditary cancer-predisposing syndrome	G: Uncertain significance	criteria provided, multiple submitters, no conflicts	missense variant, 5 prime UTR variant	D116H, D289H	2024/08/01			10:89692862	10:87933105	3231153	VCV003231153	rs2132242809
NM_000314.8(PTEN):c.347A>C (p.Asp116Ala)	PTEN	single nucleotide variant	Hereditary cancer-predisposing syndrome	G: Uncertain significance	criteria provided, single submitter	missense variant, 5 prime UTR variant	D116A, D289A	2024/05/07			10:89692863	10:87933106	3311260	VCV003311260	
NM_000314.8(PTEN):c.347A>G (p.Asp116Gly)	PTEN	single nucleotide variant	Hereditary cancer-predisposing syndrome	G: Uncertain significance	criteria provided, single submitter	missense variant, 5 prime UTR variant	D116G, D289G	2018/12/20			10:89692863	10:87933106	630187	VCV000630187	rs1564830054
NM_000314.8(PTEN):c.348C>G (p.Asp116Glu)	PTEN	single nucleotide variant	PTEN hamartoma tumor syndrome	G: Uncertain significance	criteria provided, single submitter	missense variant, 5 prime UTR variant	D289E, D116E	2025/06/16			10:89692864	10:87933107	4744285	VCV004744285	
NM_000314.8(PTEN):c.349A>G (p.Asn117Asp)	PTEN	single nucleotide variant	Hereditary cancer-predisposing syndrome	G: Uncertain significance	criteria provided, single submitter	missense variant, 5 prime UTR variant	N290D, N117D	2025/01/29			10:89692865	10:87933108	3784745	VCV003784745	
NM_000314.8(PTEN):c.351T>G (p.Asn117Lys)	PTEN	single nucleotide variant	Hereditary cancer-predisposing syndrome	G: Uncertain significance	criteria provided, single submitter	missense variant, 5 prime UTR variant	N117K, N290K	2025/01/19			10:89692867	10:87933110	3894194	VCV003894194	
NM_000314.8(PTEN):c.351T>A (p.Asn117Lys)	PTEN	single nucleotide variant	PTEN hamartoma tumor syndrome	G: Uncertain significance	criteria provided, single submitter	missense variant, 5 prime UTR variant	N290K, N117K	2023/08/16			10:89692867	10:87933110	2753005	VCV002753005	rs2132242870
NM_000314.8(PTEN):c.353A>T (p.His118Leu)	PTEN	single nucleotide variant	Prostate cancer, hereditary, 1	G: Uncertain significance	no assertion criteria provided	missense variant, 5 prime UTR variant	H118L, H291L	2024/01/01		2025/12/29	10:89692869	10:87933112	2687615	VCV002687615	rs1554898107
NM_000314.8(PTEN):c.353A>C (p.His118Pro)	PTEN	single nucleotide variant	Cowden syndrome 1, Hereditary cancer-predisposing syndrome	G: Likely pathogenic	criteria provided, multiple submitters, no conflicts	missense variant, 5 prime UTR variant	H118P, H291P	2026/05/14			10:89692869	10:87933112	2624869	VCV002624869	rs1554898107
NM_000314.8(PTEN):c.353A>G (p.His118Arg)	PTEN	single nucleotide variant	Hereditary cancer-predisposing syndrome, not provided, PTEN hamartoma tumor syndrome	G: Uncertain significance	criteria provided, multiple submitters, no conflicts	missense variant, 5 prime UTR variant	H118R, H291R	2023/04/06			10:89692869	10:87933112	484622	VCV000484622	rs1554898107
NM_000314.8(PTEN):c.355G>C (p.Val119Leu)	PTEN	single nucleotide variant	Hereditary cancer-predisposing syndrome, not provided, Cowden syndrome 1	G: Likely pathogenic	criteria provided, multiple submitters, no conflicts	missense variant, 5 prime UTR variant	V119L, V292L	2026/05/14			10:89692871	10:87933114	428226	VCV000428226	rs139767111
NM_000314.8(PTEN):c.356T>C (p.Val119Ala)	PTEN	single nucleotide variant	PTEN hamartoma tumor syndrome	G: Likely pathogenic	reviewed by expert panel	missense variant, 5 prime UTR variant	V119A, V292A	2025/04/04			10:89692872	10:87933115	3256748	VCV003256748	
NM_000314.8(PTEN):c.356T>G (p.Val119Gly)	PTEN	single nucleotide variant	Hereditary cancer-predisposing syndrome	G: Likely pathogenic	criteria provided, single submitter	missense variant, 5 prime UTR variant	V119G, V292G	2024/04/23			10:89692872	10:87933115	484619	VCV000484619	rs1554898113
NM_000314.8(PTEN):c.359C>G (p.Ala120Gly)	PTEN	single nucleotide variant	PTEN hamartoma tumor syndrome	G: Uncertain significance	criteria provided, single submitter	missense variant, 5 prime UTR variant	A120G, A293G	2021/05/25			10:89692875	10:87933118	1498241	VCV001498241	rs1114167647
NM_000314.8(PTEN):c.359C>T (p.Ala120Val)	PTEN	single nucleotide variant	Hereditary cancer-predisposing syndrome, PTEN hamartoma tumor syndrome	G: Uncertain significance	criteria provided, multiple submitters, no conflicts	missense variant, 5 prime UTR variant	A120V, A293V	2018/12/05			10:89692875	10:87933118	658145	VCV000658145	rs1114167647
NM_000314.8(PTEN):c.361G>T (p.Ala121Ser)	PTEN	single nucleotide variant	Hereditary cancer-predisposing syndrome	G: Likely pathogenic	criteria provided, single submitter	missense variant, 5 prime UTR variant	A121S, A294S	2025/09/22			10:89692877	10:87933120	4677133	VCV004677133	
NM_000314.8(PTEN):c.361G>C (p.Ala121Pro)	PTEN	single nucleotide variant	not provided	G: Likely pathogenic	criteria provided, single submitter	missense variant, 5 prime UTR variant	A121P, A294P	2023/09/13			10:89692877	10:87933120	2687614	VCV002687614	rs2132242979
NM_000314.8(PTEN):c.361G>A (p.Ala121Thr)	PTEN	single nucleotide variant	not provided	G: Likely pathogenic	criteria provided, single submitter	missense variant, 5 prime UTR variant	A121T, A294T	2023/05/14			10:89692877	10:87933120	2502558	VCV002502558	rs2132242979
NM_000314.8(PTEN):c.362C>A (p.Ala121Glu)	PTEN	single nucleotide variant	Cowden syndrome 1	G: Likely pathogenic	criteria provided, single submitter	missense variant, 5 prime UTR variant	A121E, A294E	2023/09/27			10:89692878	10:87933121	2674284	VCV002674284	rs121909237
NM_000314.8(PTEN):c.362C>T (p.Ala121Val)	PTEN	single nucleotide variant	PTEN hamartoma tumor syndrome	G: Uncertain significance	criteria provided, single submitter	missense variant, 5 prime UTR variant	A121V, A294V	2021/04/06			10:89692878	10:87933121	1371888	VCV001371888	rs121909237
NM_000314.8(PTEN):c.362C>G (p.Ala121Gly)	PTEN	single nucleotide variant	PTEN hamartoma tumor syndrome	G: Uncertain significance	criteria provided, single submitter	missense variant, 5 prime UTR variant	A121G, A294G	2026/01/07			10:89692878	10:87933121	7842	VCV000007842	rs121909237
NM_000314.8(PTEN):c.364A>C (p.Ile122Leu)	PTEN	single nucleotide variant	Prostate cancer, hereditary, 1	G: Uncertain significance	no assertion criteria provided	missense variant, 5 prime UTR variant	I122L, I295L	2024/01/01			10:89692880	10:87933123	2687630	VCV002687630	rs786202740
NM_000314.8(PTEN):c.364A>G (p.Ile122Val)	PTEN	single nucleotide variant	PTEN hamartoma tumor syndrome	G: Uncertain significance	reviewed by expert panel	missense variant, 5 prime UTR variant	I122V, I295V	2025/12/05			10:89692880	10:87933123	186161	VCV000186161	rs786202740
NM_000314.8(PTEN):c.365T>C (p.Ile122Thr)	PTEN	single nucleotide variant	PTEN hamartoma tumor syndrome	G: Uncertain significance	criteria provided, single submitter	missense variant, 5 prime UTR variant	I122T, I295T	2025/07/01			10:89692881	10:87933124	4742948	VCV004742948	
NM_000314.8(PTEN):c.365T>A (p.Ile122Asn)	PTEN	single nucleotide variant	Prostate cancer, hereditary, 1	G: Uncertain significance	no assertion criteria provided	missense variant, 5 prime UTR variant	I122N, I295N	2024/01/01		2025/12/29	10:89692881	10:87933124	2687631	VCV002687631	rs1589646321
NM_000314.8(PTEN):c.366T>G (p.Ile122Met)	PTEN	single nucleotide variant	Hereditary cancer-predisposing syndrome	G: Uncertain significance	criteria provided, single submitter	missense variant, 5 prime UTR variant	I122M, I295M	2025/01/07			10:89692882	10:87933125	3784740	VCV003784740	
NM_000314.8(PTEN):c.367C>A (p.His123Asn)	PTEN	single nucleotide variant	not provided	G: Likely pathogenic	criteria provided, single submitter	missense variant, 5 prime UTR variant	H123N, H296N	2024/07/10			10:89692883	10:87933126	3572467	VCV003572467	
NM_000314.8(PTEN):c.367C>T (p.His123Tyr)	PTEN	single nucleotide variant	not provided, PTEN hamartoma tumor syndrome, Cowden syndrome 1	G: Pathogenic/Likely pathogenic	criteria provided, multiple submitters, no conflicts	missense variant, 5 prime UTR variant	H123Y, H296Y	2024/07/08			10:89692883	10:87933126	189486	VCV000189486	rs786204931
NM_000314.8(PTEN):c.368A>T (p.His123Leu)	PTEN	single nucleotide variant	Cowden syndrome 1	G: Likely pathogenic	criteria provided, single submitter	missense variant, 5 prime UTR variant	H123L, H296L	2026/05/14			10:89692884	10:87933127	4852443	VCV004852443	
NM_000314.8(PTEN):c.368A>C (p.His123Pro)	PTEN	single nucleotide variant	Prostate cancer, hereditary, 1	G: Uncertain significance	no assertion criteria provided	missense variant, 5 prime UTR variant	H123P, H296P	2024/01/01			10:89692884	10:87933127	2687632	VCV002687632	rs121909222
NM_000314.8(PTEN):c.368A>G (p.His123Arg)	PTEN	single nucleotide variant	PTEN hamartoma tumor syndrome	G: Pathogenic	reviewed by expert panel	missense variant, 5 prime UTR variant	H123R, H296R	2020/06/18		2025/03/04	10:89692884	10:87933127	7816	VCV000007816	rs121909222
NM_000314.8(PTEN):c.369C>G (p.His123Gln)	PTEN	single nucleotide variant	not provided, PTEN hamartoma tumor syndrome	G: Pathogenic/Likely pathogenic	criteria provided, multiple submitters, no conflicts	missense variant, 5 prime UTR variant	H123Q, H296Q	2022/09/01			10:89692885	10:87933128	427587	VCV000427587	rs1085308045
NM_000314.8(PTEN):c.370T>A (p.Cys124Ser)	PTEN	single nucleotide variant	Hereditary cancer-predisposing syndrome, Cowden syndrome 1	G: Likely pathogenic	criteria provided, multiple submitters, no conflicts	missense variant, 5 prime UTR variant	C124S, C297S	2020/02/10			10:89692886	10:87933129	824108	VCV000824108	rs121909223
NM_000314.8(PTEN):c.370T>G (p.Cys124Gly)	PTEN	single nucleotide variant	Hereditary cancer-predisposing syndrome, PTEN hamartoma tumor syndrome	G: Pathogenic	criteria provided, multiple submitters, no conflicts	missense variant, 5 prime UTR variant	C124G, C297G	2025/05/15			10:89692886	10:87933129	185817	VCV000185817	rs121909223
NM_000314.8(PTEN):c.370T>C (p.Cys124Arg)	PTEN	single nucleotide variant	PTEN hamartoma tumor syndrome	G: Pathogenic	reviewed by expert panel	missense variant, 5 prime UTR variant	C124R, C297R	2019/06/25			10:89692886	10:87933129	7817	VCV000007817	rs121909223
NM_000314.8(PTEN):c.371G>T (p.Cys124Phe)	PTEN	single nucleotide variant	Hereditary cancer-predisposing syndrome	G: Pathogenic	criteria provided, single submitter	missense variant, 5 prime UTR variant	C297F, C124F	2026/01/28			10:89692887	10:87933130	4841103	VCV004841103	
NM_000314.8(PTEN):c.371G>C (p.Cys124Ser)	PTEN	single nucleotide variant	Hereditary cancer-predisposing syndrome, Cowden syndrome 1, Glioma susceptibility 2	G: Pathogenic/Likely pathogenic	criteria provided, multiple submitters, no conflicts	missense variant, 5 prime UTR variant	C124S, C297S	2023/09/27			10:89692887	10:87933130	2447220	VCV002447220	rs876660535
NM_000314.8(PTEN):c.371G>A (p.Cys124Tyr)	PTEN	single nucleotide variant	Hereditary cancer-predisposing syndrome, not provided, PTEN hamartoma tumor syndrome, Cowden syndrome 1	G: Pathogenic/Likely pathogenic	criteria provided, multiple submitters, no conflicts	missense variant, 5 prime UTR variant	C124Y, C297Y	2025/07/24			10:89692887	10:87933130	233631	VCV000233631	rs876660535
NM_000314.8(PTEN):c.372T>G (p.Cys124Trp)	PTEN	single nucleotide variant	Cowden syndrome 1, Hereditary cancer-predisposing syndrome	G: Pathogenic/Likely pathogenic	criteria provided, multiple submitters, no conflicts	missense variant, 5 prime UTR variant	C124W, C297W	2025/10/07			10:89692888	10:87933131	1734391	VCV001734391	rs1554898126
NM_000314.8(PTEN):c.374A>C (p.Lys125Thr)	PTEN	single nucleotide variant	PTEN hamartoma tumor syndrome	G: Pathogenic	criteria provided, single submitter	missense variant, 5 prime UTR variant	K125T, K298T	2026/06/26			10:89692890	10:87933133	4879828	VCV004879828	
NM_000314.8(PTEN):c.374A>G (p.Lys125Arg)	PTEN	single nucleotide variant	Macrocephaly-autism syndrome	G: Likely pathogenic	criteria provided, single submitter	missense variant, 5 prime UTR variant	K125R, K298R	2022/02/03			10:89692890	10:87933133	1803052	VCV001803052	rs2493717541
NM_000314.8(PTEN):c.375A>C (p.Lys125Asn)	PTEN	single nucleotide variant	PTEN hamartoma tumor syndrome	G: Uncertain significance	criteria provided, single submitter	missense variant, 5 prime UTR variant	K125N, K298N	2021/10/20			10:89692891	10:87933134	1360588	VCV001360588	rs2132243099
NM_000314.8(PTEN):c.376G>C (p.Ala126Pro)	PTEN	single nucleotide variant	PTEN hamartoma tumor syndrome, Cowden syndrome 1	G: Pathogenic	criteria provided, multiple submitters, no conflicts	missense variant, 5 prime UTR variant	A126P, A299P	2024/04/23			10:89692892	10:87933135	1067089	VCV001067089	rs1554898129
NM_000314.8(PTEN):c.376G>T (p.Ala126Ser)	PTEN	single nucleotide variant	Hereditary cancer-predisposing syndrome	G: Uncertain significance	criteria provided, single submitter	missense variant, 5 prime UTR variant	A126S, A299S	2017/06/21			10:89692892	10:87933135	484625	VCV000484625	rs1554898129
NM_000314.8(PTEN):c.377C>G (p.Ala126Gly)	PTEN	single nucleotide variant	PTEN hamartoma tumor syndrome	G: Uncertain significance	criteria provided, single submitter	missense variant, 5 prime UTR variant	A126G, A299G	2020/12/16		2025/03/04	10:89692893	10:87933136	1508589	VCV001508589	rs1114167656
NM_000314.8(PTEN):c.379G>C (p.Gly127Arg)	PTEN	single nucleotide variant	Cowden syndrome 1	G: Likely pathogenic	criteria provided, single submitter	missense variant, 5 prime UTR variant	G127R, G300R	2023/09/27			10:89692895	10:87933138	2674283	VCV002674283	rs587781255
NM_000314.8(PTEN):c.379G>A (p.Gly127Arg)	PTEN	single nucleotide variant	Hereditary cancer-predisposing syndrome, not provided, Cowden syndrome 1	G: Pathogenic/Likely pathogenic	criteria provided, multiple submitters, no conflicts	missense variant, 5 prime UTR variant	G127R, G300R	2025/09/10		2025/03/04	10:89692895	10:87933138	139568	VCV000139568	rs587781255
NM_000314.8(PTEN):c.380G>T (p.Gly127Val)	PTEN	single nucleotide variant	PTEN hamartoma tumor syndrome	G: Uncertain significance	criteria provided, single submitter	missense variant, 5 prime UTR variant	G127V, G300V	2025/10/27			10:89692896	10:87933139	92821	VCV000092821	rs398123322
NM_000314.8(PTEN):c.382A>G (p.Lys128Glu)	PTEN	single nucleotide variant	Glioma susceptibility 2, Hereditary cancer-predisposing syndrome, PTEN hamartoma tumor syndrome	G: Likely pathogenic	criteria provided, multiple submitters, no conflicts	missense variant, 5 prime UTR variant	K128E, K301E	2023/11/03			10:89692898	10:87933141	958105	VCV000958105	rs1554898138
NM_000314.8(PTEN):c.384G>C (p.Lys128Asn)	PTEN	single nucleotide variant	Hereditary cancer-predisposing syndrome, PTEN hamartoma tumor syndrome	G: Likely pathogenic	criteria provided, multiple submitters, no conflicts	missense variant, 5 prime UTR variant	K128N, K301N	2024/08/22			10:89692900	10:87933143	428220	VCV000428220	rs1114167645
NM_000314.8(PTEN):c.385G>C (p.Gly129Arg)	PTEN	single nucleotide variant	PTEN hamartoma tumor syndrome, Cowden syndrome 1, Hereditary cancer-predisposing syndrome	G: Pathogenic	criteria provided, multiple submitters, no conflicts	missense variant, 5 prime UTR variant	G129R, G302R	2020/02/14			10:89692901	10:87933144	804339	VCV000804339	rs786204929
NM_000314.8(PTEN):c.385G>A (p.Gly129Arg)	PTEN	single nucleotide variant	Hereditary cancer-predisposing syndrome, not provided, PTEN hamartoma tumor syndrome, Cowden syndrome 1	G: Pathogenic/Likely pathogenic	criteria provided, multiple submitters, no conflicts	missense variant, 5 prime UTR variant	G129R, G302R	2025/07/28			10:89692901	10:87933144	189484	VCV000189484	rs786204929
NM_000314.8(PTEN):c.386G>T (p.Gly129Val)	PTEN	single nucleotide variant	Hereditary cancer-predisposing syndrome, PTEN hamartoma tumor syndrome, Cowden syndrome 1	G: Pathogenic/Likely pathogenic	criteria provided, multiple submitters, no conflicts	missense variant, 5 prime UTR variant	G302V, G129V	2023/09/28			10:89692902	10:87933145	856036	VCV000856036	rs121909218
NM_000314.8(PTEN):c.386_387delinsTT (p.Gly129Val)	PTEN	Indel	not provided	G: Pathogenic	criteria provided, single submitter	missense variant, 5 prime UTR variant	G129V, G302V	2016/12/15			10:89692902	10:87933145	439290	VCV000439290	rs1554898141
NM_000314.8(PTEN):c.386G>A (p.Gly129Glu)	PTEN	single nucleotide variant	not provided, Hereditary cancer-predisposing syndrome, PTEN hamartoma tumor syndrome, Cowden syndrome 1	G: Pathogenic/Likely pathogenic	criteria provided, multiple submitters, no conflicts	missense variant, 5 prime UTR variant	G129E, G302E	2026/03/06		2025/03/04	10:89692902	10:87933145	7812	VCV000007812	rs121909218
NM_000314.8(PTEN):c.388C>G (p.Arg130Gly)	PTEN	single nucleotide variant	PTEN hamartoma tumor syndrome	G: Pathogenic	reviewed by expert panel	missense variant, 5 prime UTR variant	R130G, R303G	2019/06/25		2025/03/04	10:89692904	10:87933147	375958	VCV000375958	rs121909224
NM_000314.8(PTEN):c.389G>T (p.Arg130Leu)	PTEN	single nucleotide variant	Hereditary cancer-predisposing syndrome, not provided, Cowden syndrome 1, PTEN hamartoma tumor syndrome	G: Pathogenic/Likely pathogenic	criteria provided, multiple submitters, no conflicts	missense variant, 5 prime UTR variant	R130L, R303L	2025/12/03			10:89692905	10:87933148	376509	VCV000376509	rs121909229
NM_000314.8(PTEN):c.389G>A (p.Arg130Gln)	PTEN	single nucleotide variant	PTEN hamartoma tumor syndrome	G: Pathogenic	reviewed by expert panel	missense variant, 5 prime UTR variant	R130Q, R303Q	2017/10/18	2025/05/05		10:89692905	10:87933148	7829	VCV000007829	rs121909229
NM_000314.8(PTEN):c.390_391delinsGG (p.Thr131Ala)	PTEN	Indel	Prostate cancer, hereditary, 1	G: Uncertain significance	no assertion criteria provided	missense variant, 5 prime UTR variant	T131A, T304A	2024/01/01			10:89692906	10:87933149	2687547	VCV002687547	rs2493717822
NM_000314.8(PTEN):c.391A>G (p.Thr131Ala)	PTEN	single nucleotide variant	PTEN hamartoma tumor syndrome	G: Uncertain significance	criteria provided, single submitter	missense variant, 5 prime UTR variant	T131A, T304A	2022/09/27			10:89692907	10:87933150	1954944	VCV001954944	rs786204932
NM_000314.8(PTEN):c.392C>A (p.Thr131Asn)	PTEN	single nucleotide variant	PTEN hamartoma tumor syndrome	G: Uncertain significance	criteria provided, single submitter	missense variant, 5 prime UTR variant	T131N, T304N	2023/08/30			10:89692908	10:87933151	2443991	VCV002443991	rs397514560
NM_000314.8(PTEN):c.392C>G (p.Thr131Ser)	PTEN	single nucleotide variant	Hereditary cancer-predisposing syndrome	G: Uncertain significance	criteria provided, single submitter	missense variant, 5 prime UTR variant	T131S, T304S	2016/02/05			10:89692908	10:87933151	482073	VCV000482073	rs397514560
NM_000314.8(PTEN):c.392C>T (p.Thr131Ile)	PTEN	single nucleotide variant	PTEN hamartoma tumor syndrome	G: Pathogenic	reviewed by expert panel	missense variant, 5 prime UTR variant	T131I, T304I	2018/11/28	2022/11/07		10:89692908	10:87933151	39669	VCV000039669	rs397514560
NM_000314.8(PTEN):c.393_394delinsAA (p.Gly132Ser)	PTEN	Indel	Prostate cancer, hereditary, 1	G: Uncertain significance	no assertion criteria provided	missense variant, 5 prime UTR variant	G132S, G305S	2024/01/01			10:89692909	10:87933152	2687548	VCV002687548	rs2493717879
NM_000314.8(PTEN):c.394G>T (p.Gly132Cys)	PTEN	single nucleotide variant	Cowden syndrome 1	G: Uncertain significance	criteria provided, single submitter	missense variant, 5 prime UTR variant	G132C, G305C	2025/06/04			10:89692910	10:87933153	4854628	VCV004854628	
NM_000314.8(PTEN):c.394G>A (p.Gly132Ser)	PTEN	single nucleotide variant	Macrocephaly-autism syndrome, not provided, PTEN hamartoma tumor syndrome, Cowden syndrome 1	G: Pathogenic/Likely pathogenic	criteria provided, multiple submitters, no conflicts	missense variant, 5 prime UTR variant	G132S, G305S	2025/08/27		2025/03/04	10:89692910	10:87933153	856796	VCV000856796	rs1859977029
NM_000314.8(PTEN):c.395G>C (p.Gly132Ala)	PTEN	single nucleotide variant	Prostate cancer, hereditary, 1	G: Uncertain significance	no assertion criteria provided	missense variant, 5 prime UTR variant	G132A, G305A	2024/01/01			10:89692911	10:87933154	2687617	VCV002687617	rs121909241
NM_000314.8(PTEN):c.395G>T (p.Gly132Val)	PTEN	single nucleotide variant	Hereditary cancer-predisposing syndrome, not provided, PTEN hamartoma tumor syndrome, Glioma susceptibility 2, Cowden syndrome 1	G: Pathogenic/Likely pathogenic	criteria provided, multiple submitters, no conflicts	missense variant, 5 prime UTR variant	G132V, G305V	2025/05/26			10:89692911	10:87933154	7852	VCV000007852	rs121909241
NM_000314.8(PTEN):c.397G>T (p.Val133Leu)	PTEN	single nucleotide variant	PTEN hamartoma tumor syndrome	G: Uncertain significance	criteria provided, single submitter	missense variant, 5 prime UTR variant	V133L, V306L	2025/03/12			10:89692913	10:87933156	2015349	VCV002015349	rs1859977307
NM_000314.8(PTEN):c.397G>C (p.Val133Leu)	PTEN	single nucleotide variant	Hereditary cancer-predisposing syndrome, PTEN hamartoma tumor syndrome	G: Uncertain significance	criteria provided, multiple submitters, no conflicts	missense variant, 5 prime UTR variant	V133L, V306L	2022/07/28			10:89692913	10:87933156	1736693	VCV001736693	rs1859977307
NM_000314.8(PTEN):c.401T>A (p.Met134Lys)	PTEN	single nucleotide variant	PTEN hamartoma tumor syndrome	G: Uncertain significance	criteria provided, single submitter	missense variant, 5 prime UTR variant	M307K, M134K	2021/01/21			10:89692917	10:87933160	1036651	VCV001036651	rs1085308046
NM_000314.8(PTEN):c.401T>G (p.Met134Arg)	PTEN	single nucleotide variant	not provided	G: Likely pathogenic	criteria provided, single submitter	missense variant, 5 prime UTR variant	M134R, M307R	2017/04/14			10:89692917	10:87933160	431829	VCV000431829	rs1085308046
NM_000314.8(PTEN):c.401T>C (p.Met134Thr)	PTEN	single nucleotide variant	Hereditary cancer-predisposing syndrome, Cowden syndrome 1, PTEN hamartoma tumor syndrome	G: Pathogenic/Likely pathogenic	criteria provided, multiple submitters, no conflicts	missense variant, 5 prime UTR variant	M134T, M307T	2024/10/02			10:89692917	10:87933160	427588	VCV000427588	rs1085308046
NM_000314.8(PTEN):c.402G>T (p.Met134Ile)	PTEN	single nucleotide variant	Hereditary cancer-predisposing syndrome, not provided	G: Likely pathogenic	criteria provided, multiple submitters, no conflicts	missense variant, 5 prime UTR variant	M134I, M307I	2025/10/28			10:89692918	10:87933161	428267	VCV000428267	rs1114167676
NM_000314.8(PTEN):c.403A>T (p.Ile135Leu)	PTEN	single nucleotide variant	Hereditary cancer-predisposing syndrome	G: Uncertain significance	criteria provided, single submitter	missense variant, 5 prime UTR variant	I135L, I308L	2025/11/25			10:89692919	10:87933162	4676998	VCV004676998	
NM_000314.8(PTEN):c.403A>G (p.Ile135Val)	PTEN	single nucleotide variant	Hereditary cancer-predisposing syndrome, Cowden syndrome 1, not provided, PTEN hamartoma tumor syndrome	G: Pathogenic/Likely pathogenic	criteria provided, multiple submitters, no conflicts	missense variant, 5 prime UTR variant	I135V, I308V	2025/12/09			10:89692919	10:87933162	142287	VCV000142287	rs587782360
NM_000314.8(PTEN):c.404T>G (p.Ile135Arg)	PTEN	single nucleotide variant		S: Tier I - Strong	criteria provided, single submitter	missense variant, 5 prime UTR variant	I135R, I308R		2024/11/13		10:89692920	10:87933163	4530406	VCV004530406	
NM_000314.8(PTEN):c.404T>A (p.Ile135Lys)	PTEN	single nucleotide variant	Familial meningioma, Cowden syndrome 1, Prostate cancer, Macrocephaly-autism syndrome, Glioma susceptibility 2, Hereditary cancer-predisposing syndrome	G: Pathogenic/Likely pathogenic	criteria provided, multiple submitters, no conflicts	missense variant, 5 prime UTR variant	I135K, I308K	2024/09/13			10:89692920	10:87933163	428235	VCV000428235	rs370795352
NM_000314.8(PTEN):c.406T>G (p.Cys136Gly)	PTEN	single nucleotide variant	PTEN hamartoma tumor syndrome	G: Uncertain significance	criteria provided, single submitter	missense variant, 5 prime UTR variant	C136G, C309G	2025/07/14			10:89692922	10:87933165	4749952	VCV004749952	
NM_000314.8(PTEN):c.406T>C (p.Cys136Arg)	PTEN	single nucleotide variant	Cowden syndrome, Glioma, Hereditary cancer-predisposing syndrome, not provided, PTEN hamartoma tumor syndrome, Glioma susceptibility 2, Cowden syndrome 1	G: Pathogenic/Likely pathogenic	criteria provided, multiple submitters, no conflicts	missense variant, 5 prime UTR variant	C136R, C309R	2026/05/14		2025/12/29	10:89692922	10:87933165	183726	VCV000183726	rs786201044
NM_000314.8(PTEN):c.407G>T (p.Cys136Phe)	PTEN	single nucleotide variant	Cowden syndrome 1, Hereditary cancer-predisposing syndrome	G: Pathogenic/Likely pathogenic	criteria provided, multiple submitters, no conflicts	missense variant, 5 prime UTR variant	C136F, C309F	2025/04/18			10:89692923	10:87933166	1737618	VCV001737618	rs786204859
NM_000314.8(PTEN):c.407G>A (p.Cys136Tyr)	PTEN	single nucleotide variant	PTEN hamartoma tumor syndrome	G: Pathogenic	reviewed by expert panel	missense variant, 5 prime UTR variant	C136Y, C309Y	2017/10/18			10:89692923	10:87933166	189406	VCV000189406	rs786204859
NM_000314.8(PTEN):c.409G>T (p.Ala137Ser)	PTEN	single nucleotide variant	PTEN hamartoma tumor syndrome	G: Uncertain significance	criteria provided, single submitter	missense variant, 5 prime UTR variant	A137S, A310S	2025/12/27			10:89692925	10:87933168	4745390	VCV004745390	
NM_000314.8(PTEN):c.409G>C (p.Ala137Pro)	PTEN	single nucleotide variant	PTEN hamartoma tumor syndrome	G: Uncertain significance	criteria provided, single submitter	missense variant, 5 prime UTR variant	A137P, A310P	2019/04/11		2025/03/04	10:89692925	10:87933168	841362	VCV000841362	rs1859978482
NM_000314.8(PTEN):c.409_411delinsTTT (p.Ala137Phe)	PTEN	Indel	PTEN hamartoma tumor syndrome	G: Uncertain significance	criteria provided, single submitter	missense variant, 5 prime UTR variant	A137F, A310F	2025/11/17			10:89692925	10:87933168	237645	VCV000237645	rs878853938
NM_000314.8(PTEN):c.410C>A (p.Ala137Glu)	PTEN	single nucleotide variant	not provided	G: Likely pathogenic	criteria provided, single submitter	missense variant, 5 prime UTR variant	A137E, A310E	2023/07/11			10:89692926	10:87933169	3340217	VCV003340217	
NM_000314.8(PTEN):c.410C>G (p.Ala137Gly)	PTEN	single nucleotide variant	not provided	G: Uncertain significance	criteria provided, single submitter	missense variant, 5 prime UTR variant	A137G, A310G	2025/06/05			10:89692926	10:87933169	2443228	VCV002443228	rs2132243450
NM_000314.8(PTEN):c.412T>C (p.Tyr138His)	PTEN	single nucleotide variant	PTEN hamartoma tumor syndrome	G: Uncertain significance	criteria provided, single submitter	missense variant, 5 prime UTR variant	Y138H, Y311H	2020/12/25			10:89692928	10:87933171	864397	VCV000864397	rs1859978750
NM_000314.8(PTEN):c.413A>G (p.Tyr138Cys)	PTEN	single nucleotide variant	PTEN hamartoma tumor syndrome, Hereditary cancer-predisposing syndrome, Cowden syndrome 1	G: Uncertain significance	criteria provided, multiple submitters, no conflicts	missense variant, 5 prime UTR variant	Y138C, Y311C	2026/05/14			10:89692929	10:87933172	486230	VCV000486230	rs1554898159
NM_000314.8(PTEN):c.415T>A (p.Leu139Ile)	PTEN	single nucleotide variant	PTEN hamartoma tumor syndrome, Hereditary cancer-predisposing syndrome	G: Uncertain significance	criteria provided, multiple submitters, no conflicts	missense variant, 5 prime UTR variant	L312I, L139I	2025/01/03			10:89692931	10:87933174	2145849	VCV002145849	rs1363895668
NM_000314.8(PTEN):c.417A>C (p.Leu139Phe)	PTEN	single nucleotide variant	Hereditary cancer-predisposing syndrome	G: Uncertain significance	criteria provided, single submitter	missense variant, 5 prime UTR variant	L312F, L139F	2022/03/07			10:89692933	10:87933176	1738466	VCV001738466	rs1057520407
NM_000314.8(PTEN):c.418T>A (p.Leu140Ile)	PTEN	single nucleotide variant	PTEN hamartoma tumor syndrome	G: Uncertain significance	criteria provided, single submitter	missense variant, 5 prime UTR variant	L313I, L140I	2022/02/01			10:89692934	10:87933177	2091506	VCV002091506	rs2132243518
NM_000314.8(PTEN):c.419T>C (p.Leu140Ser)	PTEN	single nucleotide variant	Prostate cancer, hereditary, 1	G: Uncertain significance	no assertion criteria provided	missense variant, 5 prime UTR variant	L140S, L313S	2024/01/01			10:89692935	10:87933178	2687513	VCV002687513	rs2132243523
NM_000314.8(PTEN):c.420A>C (p.Leu140Phe)	PTEN	single nucleotide variant	PTEN hamartoma tumor syndrome	G: Uncertain significance	criteria provided, single submitter	missense variant, 5 prime UTR variant	L313F, L140F	2025/11/05			10:89692936	10:87933179	4763836	VCV004763836	
NM_000314.8(PTEN):c.421C>T (p.His141Tyr)	PTEN	single nucleotide variant	Macrocephaly-autism syndrome, Hereditary cancer-predisposing syndrome, PTEN hamartoma tumor syndrome	G: Uncertain significance	criteria provided, multiple submitters, no conflicts	missense variant, 5 prime UTR variant	H141Y, H314Y	2024/11/20			10:89692937	10:87933180	486231	VCV000486231	rs1060500129
NM_000314.8(PTEN):c.421C>G (p.His141Asp)	PTEN	single nucleotide variant	PTEN hamartoma tumor syndrome	G: Uncertain significance	criteria provided, single submitter	missense variant, 5 prime UTR variant	H141D, H314D	2016/11/04			10:89692937	10:87933180	404171	VCV000404171	rs1060500129
NM_000314.8(PTEN):c.422A>T (p.His141Leu)	PTEN	single nucleotide variant	PTEN hamartoma tumor syndrome, Cowden syndrome 1, Macrocephaly-autism syndrome	G: Likely pathogenic	criteria provided, multiple submitters, no conflicts	missense variant, 5 prime UTR variant	H141L, H314L	2023/06/19			10:89692938	10:87933181	1708039	VCV001708039	rs863224666
NM_000314.8(PTEN):c.423T>G (p.His141Gln)	PTEN	single nucleotide variant	Triple-negative breast cancer	G: Likely pathogenic	criteria provided, single submitter	missense variant, 5 prime UTR variant	H141Q, H314Q	2023/06/01			10:89692939	10:87933182	4880000	VCV004880000	
NM_000314.8(PTEN):c.425G>C (p.Arg142Pro)	PTEN	single nucleotide variant	Cowden syndrome 1, Hereditary cancer-predisposing syndrome	G: Likely pathogenic	criteria provided, multiple submitters, no conflicts	missense variant, 5 prime UTR variant	R142P, R315P	2026/03/27			10:89692941	10:87933184	486225	VCV000486225	rs753630034
NM_000314.8(PTEN):c.427G>C (p.Gly143Arg)	PTEN	single nucleotide variant	Hereditary cancer-predisposing syndrome	G: Uncertain significance	criteria provided, single submitter	missense variant, 5 prime UTR variant	G143R, G316R	2022/11/15			10:89692943	10:87933186	2452967	VCV002452967	rs2132243629
NM_000314.8(PTEN):c.427G>A (p.Gly143Ser)	PTEN	single nucleotide variant	Hereditary cancer-predisposing syndrome	G: Uncertain significance	criteria provided, single submitter	missense variant, 5 prime UTR variant	G143S, G316S	2023/12/04			10:89692943	10:87933186	1171869	VCV001171869	rs2132243629
NM_000314.8(PTEN):c.428G>T (p.Gly143Val)	PTEN	single nucleotide variant	not provided	G: Uncertain significance	criteria provided, single submitter	missense variant, 5 prime UTR variant	G143V, G316V	2025/08/01			10:89692944	10:87933187	4690206	VCV004690206	
NM_000314.8(PTEN):c.428_429delinsAA (p.Gly143Glu)	PTEN	Indel	Prostate cancer, hereditary, 1	G: Uncertain significance	no assertion criteria provided	missense variant, 5 prime UTR variant	G143E, G316E	2024/01/01			10:89692944	10:87933187	2687514	VCV002687514	rs2493718418
NM_000314.8(PTEN):c.428G>A (p.Gly143Asp)	PTEN	single nucleotide variant	Hereditary cancer-predisposing syndrome, PTEN hamartoma tumor syndrome	G: Uncertain significance	criteria provided, multiple submitters, no conflicts	missense variant, 5 prime UTR variant	G143D, G316D	2024/09/16			10:89692944	10:87933187	185276	VCV000185276	rs786202047
NM_000314.8(PTEN):c.431A>G (p.Lys144Arg)	PTEN	single nucleotide variant	Prostate cancer, hereditary, 1	G: Uncertain significance	no assertion criteria provided	missense variant, 5 prime UTR variant	K144R, K317R	2024/01/01			10:89692947	10:87933190	2687618	VCV002687618	rs2132243665
NM_000314.8(PTEN):c.431A>C (p.Lys144Thr)	PTEN	single nucleotide variant	Prostate cancer, hereditary, 1	G: Uncertain significance	no assertion criteria provided	missense variant, 5 prime UTR variant	K144T, K317T	2024/01/01			10:89692947	10:87933190	2687516	VCV002687516	rs2132243665
NM_000314.8(PTEN):c.432_435delinsGAGG (p.Phe145Arg)	PTEN	Indel	Prostate cancer, hereditary, 1	G: Uncertain significance	no assertion criteria provided	missense variant, 5 prime UTR variant	F145R, F318R	2024/01/01			10:89692948	10:87933191	2687610	VCV002687610	rs2493718489
NM_000314.8(PTEN):c.432A>T (p.Lys144Asn)	PTEN	single nucleotide variant	Prostate cancer, hereditary, 1	G: Uncertain significance	no assertion criteria provided	missense variant, 5 prime UTR variant	K144N, K317N	2024/01/01			10:89692948	10:87933191	2687518	VCV002687518	rs2132243670
NM_000314.8(PTEN):c.432A>C (p.Lys144Asn)	PTEN	single nucleotide variant	Prostate cancer, hereditary, 1	G: Uncertain significance	no assertion criteria provided	missense variant, 5 prime UTR variant	K144N, K317N	2024/01/01			10:89692948	10:87933191	2687517	VCV002687517	rs2132243670
NM_000314.8(PTEN):c.433T>A (p.Phe145Ile)	PTEN	single nucleotide variant	Prostate cancer, hereditary, 1	G: Uncertain significance	no assertion criteria provided	missense variant, 5 prime UTR variant	F145I, F318I	2024/01/01			10:89692949	10:87933192	2687619	VCV002687619	rs2132243676
NM_000314.8(PTEN):c.433T>C (p.Phe145Leu)	PTEN	single nucleotide variant	PTEN hamartoma tumor syndrome	G: Uncertain significance	criteria provided, single submitter	missense variant, 5 prime UTR variant	F318L, F145L	2021/08/06			10:89692949	10:87933192	1419656	VCV001419656	rs2132243676
NM_000314.8(PTEN):c.434T>A (p.Phe145Tyr)	PTEN	single nucleotide variant	PTEN hamartoma tumor syndrome	G: Uncertain significance	criteria provided, single submitter	missense variant, 5 prime UTR variant	F318Y, F145Y	2024/10/21			10:89692950	10:87933193	3692626	VCV003692626	
NM_000314.8(PTEN):c.434T>C (p.Phe145Ser)	PTEN	single nucleotide variant	not provided	G: Uncertain significance	criteria provided, single submitter	missense variant, 5 prime UTR variant	F145S, F318S	2019/02/01			10:89692950	10:87933193	806543	VCV000806543	rs1589646560
NM_000314.8(PTEN):c.435_436inv (p.Phe145_Leu146delinsLeuIle)	PTEN	Inversion	Prostate cancer, hereditary, 1	G: Uncertain significance	no assertion criteria provided	missense variant, 5 prime UTR variant		2024/01/01			10:89692951	10:87933194	2687520	VCV002687520	
NM_000314.8(PTEN):c.435T>A (p.Phe145Leu)	PTEN	single nucleotide variant	Hereditary cancer-predisposing syndrome	G: Uncertain significance	criteria provided, single submitter	missense variant, 5 prime UTR variant	F145L, F318L	2023/12/04			10:89692951	10:87933194	1171836	VCV001171836	rs2132243695
NM_000314.8(PTEN):c.436T>G (p.Leu146Val)	PTEN	single nucleotide variant	PTEN hamartoma tumor syndrome	G: Uncertain significance	criteria provided, single submitter	missense variant, 5 prime UTR variant	L319V, L146V	2022/02/19			10:89692952	10:87933195	2099299	VCV002099299	rs2132243701
NM_000314.8(PTEN):c.438_439delinsGG (p.Lys147Glu)	PTEN	Indel	Prostate cancer, hereditary, 1	G: Uncertain significance	no assertion criteria provided	missense variant, 5 prime UTR variant	K147E, K320E	2024/01/01			10:89692954	10:87933197	2687550	VCV002687550	rs2493718591
NM_000314.8(PTEN):c.442G>A (p.Ala148Thr)	PTEN	single nucleotide variant	Hereditary cancer-predisposing syndrome, PTEN hamartoma tumor syndrome	G: Uncertain significance	criteria provided, multiple submitters, no conflicts	missense variant, 5 prime UTR variant	A148T, A321T	2023/08/24			10:89692958	10:87933201	233304	VCV000233304	rs876660321
NM_000314.8(PTEN):c.443C>G (p.Ala148Gly)	PTEN	single nucleotide variant	Hereditary cancer-predisposing syndrome	G: Uncertain significance	criteria provided, single submitter	missense variant, 5 prime UTR variant	A148G, A321G	2025/02/04			10:89692959	10:87933202	3784746	VCV003784746	
NM_000314.8(PTEN):c.446A>T (p.Gln149Leu)	PTEN	single nucleotide variant	PTEN hamartoma tumor syndrome	G: Uncertain significance	criteria provided, single submitter	missense variant, 5 prime UTR variant	Q322L, Q149L	2024/08/27			10:89692962	10:87933205	3663570	VCV003663570	
NM_000314.8(PTEN):c.448G>A (p.Glu150Lys)	PTEN	single nucleotide variant	Triple-negative breast cancer	G: Likely pathogenic	criteria provided, single submitter	missense variant, 5 prime UTR variant	E150K, E323K	2023/06/01			10:89692964	10:87933207	2687521	VCV002687521	rs786204934
NM_000314.8(PTEN):c.451G>A (p.Ala151Thr)	PTEN	single nucleotide variant	PTEN hamartoma tumor syndrome, Macrocephaly-autism syndrome, Glioma susceptibility 2, Hereditary cancer-predisposing syndrome	G: Uncertain significance	criteria provided, multiple submitters, no conflicts	missense variant, 5 prime UTR variant	A151T, A324T	2025/04/16			10:89692967	10:87933210	1476274	VCV001476274	rs1859982098
NM_000314.8(PTEN):c.452C>T (p.Ala151Val)	PTEN	single nucleotide variant	PTEN hamartoma tumor syndrome	G: Uncertain significance	criteria provided, single submitter	5 prime UTR variant, missense variant	A151V, A324V	2023/05/05			10:89692968	10:87933211	2861996	VCV002861996	rs2132243841
NM_000314.8(PTEN):c.452C>A (p.Ala151Asp)	PTEN	single nucleotide variant	PTEN hamartoma tumor syndrome	G: Uncertain significance	criteria provided, single submitter	missense variant, 5 prime UTR variant	A151D, A324D	2022/12/29			10:89692968	10:87933211	2735436	VCV002735436	rs2132243841
NM_000314.8(PTEN):c.455T>A (p.Leu152Gln)	PTEN	single nucleotide variant	Cowden syndrome 1	G: Likely pathogenic	criteria provided, single submitter	missense variant, 5 prime UTR variant	L152Q, L325Q	2026/05/14			10:89692971	10:87933214	4852444	VCV004852444	
NM_000314.8(PTEN):c.455T>G (p.Leu152Arg)	PTEN	single nucleotide variant	PTEN hamartoma tumor syndrome	G: Uncertain significance	criteria provided, single submitter	missense variant, 5 prime UTR variant	L152R, L325R	2022/10/12			10:89692971	10:87933214	1721463	VCV001721463	rs1554898197
NM_000314.8(PTEN):c.459T>A (p.Asp153Glu)	PTEN	single nucleotide variant	Prostate cancer, hereditary, 1	G: Uncertain significance	no assertion criteria provided	missense variant, 5 prime UTR variant	D153E, D326E	2024/01/01			10:89692975	10:87933218	2687524	VCV002687524	rs2132243906
NM_000314.8(PTEN):c.460T>G (p.Phe154Val)	PTEN	single nucleotide variant	not provided	G: Uncertain significance	criteria provided, single submitter	missense variant, 5 prime UTR variant	F154V, F327V	2024/12/02			10:89692976	10:87933219	3900926	VCV003900926	
NM_000314.8(PTEN):c.461T>C (p.Phe154Ser)	PTEN	single nucleotide variant	Cowden syndrome 1, PTEN hamartoma tumor syndrome	G: Uncertain significance	criteria provided, multiple submitters, no conflicts	missense variant, 5 prime UTR variant	F327S, F154S	2026/05/14			10:89692977	10:87933220	3639783	VCV003639783	
NM_000314.8(PTEN):c.461T>G (p.Phe154Cys)	PTEN	single nucleotide variant	not provided	G: Likely pathogenic	no assertion criteria provided	missense variant, 5 prime UTR variant	F154C, F327C				10:89692977	10:87933220	1175130	VCV001175130	rs1313989099
NM_000314.8(PTEN):c.463T>G (p.Tyr155Asp)	PTEN	single nucleotide variant	Triple-negative breast cancer	G: Likely pathogenic	criteria provided, single submitter	missense variant, 5 prime UTR variant	Y155D, Y328D	2023/06/01			10:89692979	10:87933222	4880001	VCV004880001	
NM_000314.8(PTEN):c.463T>A (p.Tyr155Asn)	PTEN	single nucleotide variant	Triple-negative breast cancer, Hereditary cancer-predisposing syndrome	G: Likely pathogenic	criteria provided, multiple submitters, no conflicts	missense variant, 5 prime UTR variant	Y155N, Y328N	2023/06/01			10:89692979	10:87933222	1742096	VCV001742096	rs398123325
NM_000314.8(PTEN):c.463T>C (p.Tyr155His)	PTEN	single nucleotide variant	Hereditary cancer-predisposing syndrome, not provided, Macrocephaly-autism syndrome, Cowden syndrome 1	G: Pathogenic/Likely pathogenic	criteria provided, multiple submitters, no conflicts	missense variant, 5 prime UTR variant	Y155H, Y328H	2026/05/11			10:89692979	10:87933222	428237	VCV000428237	rs398123325
NM_000314.8(PTEN):c.464A>T (p.Tyr155Phe)	PTEN	single nucleotide variant	PTEN hamartoma tumor syndrome	G: Uncertain significance	criteria provided, single submitter	missense variant, 5 prime UTR variant	Y155F, Y328F	2024/07/23			10:89692980	10:87933223	3660310	VCV003660310	
NM_000314.8(PTEN):c.464A>C (p.Tyr155Ser)	PTEN	single nucleotide variant	not provided, Cowden syndrome 1	G: Pathogenic/Likely pathogenic	criteria provided, multiple submitters, no conflicts	missense variant, 5 prime UTR variant	Y155S, Y328S	2026/05/14			10:89692980	10:87933223	547759	VCV000547759	rs1060500126
NM_000314.8(PTEN):c.466_467delinsAA (p.Gly156Lys)	PTEN	Indel	PTEN hamartoma tumor syndrome	G: Uncertain significance	criteria provided, single submitter	missense variant, 5 prime UTR variant	G329K, G156K	2023/05/17			10:89692982	10:87933225	2865110	VCV002865110	rs2493719029
NM_000314.8(PTEN):c.466G>C (p.Gly156Arg)	PTEN	single nucleotide variant	PTEN hamartoma tumor syndrome	G: Uncertain significance	criteria provided, single submitter	missense variant, 5 prime UTR variant	G329R, G156R	2022/06/15			10:89692982	10:87933225	2007139	VCV002007139	rs1554898209
NM_000314.8(PTEN):c.466G>A (p.Gly156Arg)	PTEN	single nucleotide variant	PTEN hamartoma tumor syndrome	G: Uncertain significance	criteria provided, single submitter	missense variant, 5 prime UTR variant	G156R, G329R	2023/03/21			10:89692982	10:87933225	468688	VCV000468688	rs1554898209
NM_000314.8(PTEN):c.467G>T (p.Gly156Val)	PTEN	single nucleotide variant	Glioma susceptibility 2	G: Uncertain significance	criteria provided, single submitter	missense variant, 5 prime UTR variant	G156V, G329V	2024/03/07		2025/03/04	10:89692983	10:87933226	3240230	VCV003240230	rs2132243969
NM_000314.8(PTEN):c.469G>A (p.Glu157Lys)	PTEN	single nucleotide variant	Hereditary cancer-predisposing syndrome, not provided	G: Uncertain significance	criteria provided, multiple submitters, no conflicts	missense variant, 5 prime UTR variant	E157K, E330K	2024/06/10			10:89692985	10:87933228	2435279	VCV002435279	rs121909220
NM_000314.8(PTEN):c.470A>C (p.Glu157Ala)	PTEN	single nucleotide variant	Hereditary cancer-predisposing syndrome, PTEN hamartoma tumor syndrome	G: Uncertain significance	criteria provided, multiple submitters, no conflicts	missense variant, 5 prime UTR variant	E157A, E330A	2021/09/14			10:89692986	10:87933229	1370842	VCV001370842	rs1085308051
NM_000314.8(PTEN):c.472_474delinsAGG (p.Val158Arg)	PTEN	Indel	Prostate cancer, hereditary, 1	G: Uncertain significance	no assertion criteria provided	missense variant, 5 prime UTR variant	V158R, V331R	2024/01/01			10:89692988	10:87933231	2687545	VCV002687545	rs2493719119
NM_000314.8(PTEN):c.472G>A (p.Val158Ile)	PTEN	single nucleotide variant	Hereditary cancer-predisposing syndrome	G: Uncertain significance	criteria provided, single submitter	missense variant, 5 prime UTR variant	V158I, V331I	2025/05/28			10:89692988	10:87933231	492329	VCV000492329	rs1554898217
NM_000314.8(PTEN):c.473T>C (p.Val158Ala)	PTEN	single nucleotide variant	Prostate cancer, hereditary, 1	G: Uncertain significance	no assertion criteria provided	missense variant, 5 prime UTR variant	V158A, V331A	2024/01/01			10:89692989	10:87933232	2687613	VCV002687613	rs2132244016
NM_000314.8(PTEN):c.475A>T (p.Arg159Trp)	PTEN	single nucleotide variant	PTEN hamartoma tumor syndrome	G: Pathogenic	criteria provided, single submitter	missense variant, 5 prime UTR variant	R332W, R159W	2024/12/09			10:89692991	10:87933234	3667044	VCV003667044	
NM_000314.8(PTEN):c.475A>G (p.Arg159Gly)	PTEN	single nucleotide variant	Cowden syndrome, Hereditary cancer-predisposing syndrome, not provided, PTEN hamartoma tumor syndrome	G: Pathogenic/Likely pathogenic	criteria provided, multiple submitters, no conflicts	missense variant, 5 prime UTR variant	R159G, R332G	2025/03/03			10:89692991	10:87933234	186094	VCV000186094	rs786202688
NM_000314.8(PTEN):c.476G>C (p.Arg159Thr)	PTEN	single nucleotide variant	PTEN hamartoma tumor syndrome	G: Uncertain significance	criteria provided, single submitter	missense variant, 5 prime UTR variant	R332T, R159T	2023/06/25			10:89692992	10:87933235	2735437	VCV002735437	rs1114167673
NM_000314.8(PTEN):c.477G>C (p.Arg159Ser)	PTEN	single nucleotide variant	PTEN hamartoma tumor syndrome	G: Uncertain significance	criteria provided, single submitter	missense variant, 5 prime UTR variant	R159S, R332S	2021/04/22			10:89692993	10:87933236	1347476	VCV001347476	rs1057519724
NM_000314.8(PTEN):c.477G>T (p.Arg159Ser)	PTEN	single nucleotide variant	PTEN hamartoma tumor syndrome	G: Likely pathogenic	reviewed by expert panel	missense variant, 5 prime UTR variant	R159S, R332S	2025/12/05		2025/03/04	10:89692993	10:87933236	375959	VCV000375959	rs1057519724
NM_000314.8(PTEN):c.478_479delinsGA (p.Thr160Asp)	PTEN	Indel	Prostate cancer, hereditary, 1	G: Uncertain significance	no assertion criteria provided	missense variant, 5 prime UTR variant	T160D, T333D	2024/01/01			10:89692994	10:87933237	2687525	VCV002687525	rs2493719181
NM_000314.8(PTEN):c.479C>A (p.Thr160Asn)	PTEN	single nucleotide variant	Triple-negative breast cancer	G: Likely pathogenic	criteria provided, single submitter	missense variant, 5 prime UTR variant	T160N, T333N	2023/06/01			10:89692995	10:87933238	4880002	VCV004880002	
NM_000314.8(PTEN):c.479C>T (p.Thr160Ile)	PTEN	single nucleotide variant	not provided	G: Likely pathogenic	criteria provided, single submitter	missense variant, 5 prime UTR variant	T160I, T333I	2015/04/27			10:89692995	10:87933238	431851	VCV000431851	rs1554898225
NM_000314.8(PTEN):c.481A>G (p.Arg161Gly)	PTEN	single nucleotide variant	Prostate cancer, hereditary, 1	G: Uncertain significance	no assertion criteria provided	missense variant, 5 prime UTR variant	R161G, R334G	2024/01/01			10:89692997	10:87933240	2687526	VCV002687526	rs1554898229
NM_000314.8(PTEN):c.482G>A (p.Arg161Lys)	PTEN	single nucleotide variant	Triple-negative breast cancer	G: Likely benign	criteria provided, single submitter	missense variant, 5 prime UTR variant	R161K, R334K	2023/05/01			10:89692998	10:87933241	4880003	VCV004880003	
NM_000314.8(PTEN):c.482G>C (p.Arg161Thr)	PTEN	single nucleotide variant	Hereditary cancer-predisposing syndrome	G: Uncertain significance	criteria provided, single submitter	missense variant, 5 prime UTR variant	R161T, R334T	2021/11/01			10:89692998	10:87933241	1743421	VCV001743421	rs2132244091
NM_000314.8(PTEN):c.484G>C (p.Asp162His)	PTEN	single nucleotide variant	PTEN hamartoma tumor syndrome, Hereditary cancer-predisposing syndrome	G: Uncertain significance	criteria provided, multiple submitters, no conflicts	missense variant, 5 prime UTR variant	D162H, D335H	2024/11/16			10:89693000	10:87933243	3231159	VCV003231159	rs2132244111
NM_000314.8(PTEN):c.486C>G (p.Asp162Glu)	PTEN	single nucleotide variant	Cowden syndrome, not provided	G: Likely pathogenic	criteria provided, multiple submitters, no conflicts	missense variant, 5 prime UTR variant	D162E, D335E	2022/05/31			10:89693002	10:87933245	224544	VCV000224544	rs869312777
NM_000314.8(PTEN):c.490A>G (p.Lys164Glu)	PTEN	single nucleotide variant	PTEN hamartoma tumor syndrome, not provided	G: Uncertain significance	criteria provided, multiple submitters, no conflicts	missense variant, 5 prime UTR variant	K164E, K337E	2023/11/08			10:89693006	10:87933249	2579603	VCV002579603	rs1554898237
NM_000314.8(PTEN):c.491A>T (p.Lys164Met)	PTEN	single nucleotide variant	PTEN hamartoma tumor syndrome	G: Uncertain significance	criteria provided, single submitter	missense variant, 5 prime UTR variant	K164M, K337M	2023/05/16			10:89693007	10:87933250	3071050	VCV003071050	rs2132244169
NM_000314.8(PTEN):c.491A>G (p.Lys164Arg)	PTEN	single nucleotide variant	Prostate cancer, hereditary, 1	G: Uncertain significance	no assertion criteria provided	missense variant, 5 prime UTR variant	K164R, K337R	2024/01/01			10:89693007	10:87933250	2687527	VCV002687527	rs2132244169
NM_000314.8(PTEN):c.492G>C (p.Lys164Asn)	PTEN	single nucleotide variant	not provided	G: Uncertain significance	criteria provided, single submitter	missense variant, 5 prime UTR variant	K164N, K337N	2024/07/22			10:89693008	10:87933251	2501532	VCV002501532	rs146629065
NM_000314.8(PTEN):c.493G>C (p.Gly165Arg)	PTEN	single nucleotide variant	PTEN hamartoma tumor syndrome, not provided, Cowden syndrome 1	G: Pathogenic/Likely pathogenic	criteria provided, multiple submitters, no conflicts	missense variant, 5 prime UTR variant	G165R, G338R	2026/01/19			10:89711875	10:87952118	1067498	VCV001067498	rs587782603
NM_000314.8(PTEN):c.494G>T (p.Gly165Val)	PTEN	single nucleotide variant	Hereditary cancer-predisposing syndrome, not provided, Macrocephaly-autism syndrome	G: Pathogenic/Likely pathogenic	criteria provided, multiple submitters, no conflicts	missense variant, 5 prime UTR variant	G165V, G338V	2025/03/28			10:89711876	10:87952119	1341516	VCV001341516	rs786204863
NM_000314.8(PTEN):c.496G>T (p.Val166Leu)	PTEN	single nucleotide variant	PTEN hamartoma tumor syndrome	G: Uncertain significance	criteria provided, single submitter	missense variant, 5 prime UTR variant	V339L, V166L	2020/04/10			10:89711878	10:87952121	1046897	VCV001046897	rs780943695
NM_000314.8(PTEN):c.496G>C (p.Val166Leu)	PTEN	single nucleotide variant	Hereditary cancer-predisposing syndrome, PTEN hamartoma tumor syndrome	G: Uncertain significance	criteria provided, multiple submitters, no conflicts	missense variant, 5 prime UTR variant	V339L, V166L	2025/07/02			10:89711878	10:87952121	639793	VCV000639793	rs780943695
NM_000314.8(PTEN):c.497T>C (p.Val166Ala)	PTEN	single nucleotide variant		O: Uncertain significance	criteria provided, single submitter	missense variant, 5 prime UTR variant	V166A, V339A			2025/03/04	10:89711879	10:87952122	3764880	VCV003764880	
NM_000314.8(PTEN):c.497T>A (p.Val166Glu)	PTEN	single nucleotide variant	Hereditary cancer-predisposing syndrome	G: Likely pathogenic	criteria provided, single submitter	missense variant, 5 prime UTR variant	V166E, V339E	2017/06/28			10:89711879	10:87952122	486974	VCV000486974	rs1554900515
NM_000314.8(PTEN):c.499A>C (p.Thr167Pro)	PTEN	single nucleotide variant	PTEN hamartoma tumor syndrome	G: Uncertain significance	criteria provided, single submitter	missense variant, 5 prime UTR variant	T167P, T340P	2025/10/08			10:89711881	10:87952124	4743014	VCV004743014	
NM_000314.8(PTEN):c.500C>G (p.Thr167Ser)	PTEN	single nucleotide variant	not specified	G: Uncertain significance	criteria provided, single submitter	missense variant, 5 prime UTR variant	T167S, T340S	2025/03/04			10:89711882	10:87952125	3765332	VCV003765332	
NM_000314.8(PTEN):c.500C>A (p.Thr167Asn)	PTEN	single nucleotide variant	PTEN hamartoma tumor syndrome	G: Likely pathogenic	reviewed by expert panel	missense variant, 5 prime UTR variant	T167N, T340N	2023/06/14			10:89711882	10:87952125	39668	VCV000039668	rs397514559
NM_000314.8(PTEN):c.502A>G (p.Ile168Val)	PTEN	single nucleotide variant	PTEN hamartoma tumor syndrome	G: Uncertain significance	criteria provided, single submitter	missense variant, 5 prime UTR variant	I168V, I341V	2023/11/05			10:89711884	10:87952127	953955	VCV000953955	rs1860415565
NM_000314.8(PTEN):c.504T>G (p.Ile168Met)	PTEN	single nucleotide variant	not specified	G: Uncertain significance	criteria provided, single submitter	missense variant, 5 prime UTR variant	I168M, I341M	2023/08/17			10:89711886	10:87952129	2581178	VCV002581178	rs1589659338
NM_000314.8(PTEN):c.505C>T (p.Pro169Ser)	PTEN	single nucleotide variant	PTEN hamartoma tumor syndrome	G: Uncertain significance	criteria provided, single submitter	missense variant, 5 prime UTR variant	P169S, P342S	2025/10/07			10:89711887	10:87952130	4533339	VCV004533339	
NM_000314.8(PTEN):c.505C>G (p.Pro169Ala)	PTEN	single nucleotide variant	PTEN hamartoma tumor syndrome	G: Uncertain significance	criteria provided, single submitter	missense variant, 5 prime UTR variant	P169A, P342A	2023/05/04			10:89711887	10:87952130	591816	VCV000591816	rs1564837747
NM_000314.8(PTEN):c.508A>T (p.Ser170Cys)	PTEN	single nucleotide variant	PTEN hamartoma tumor syndrome	G: Uncertain significance	criteria provided, single submitter	missense variant, 5 prime UTR variant	S343C, S170C	2021/04/23			10:89711890	10:87952133	1485373	VCV001485373	rs1554900534
NM_000314.8(PTEN):c.508A>C (p.Ser170Arg)	PTEN	single nucleotide variant	PTEN hamartoma tumor syndrome, Hereditary cancer-predisposing syndrome, Cowden syndrome 1	G: Pathogenic	criteria provided, multiple submitters, no conflicts	missense variant, 5 prime UTR variant	S170R, S343R	2023/09/28			10:89711890	10:87952133	569301	VCV000569301	rs1554900534
NM_000314.8(PTEN):c.508A>G (p.Ser170Gly)	PTEN	single nucleotide variant	PTEN hamartoma tumor syndrome	G: Uncertain significance	criteria provided, single submitter	missense variant, 5 prime UTR variant	S170G, S343G	2018/02/19			10:89711890	10:87952133	536559	VCV000536559	rs1554900534
NM_000314.8(PTEN):c.509G>C (p.Ser170Thr)	PTEN	single nucleotide variant	Hereditary cancer-predisposing syndrome	G: Likely pathogenic	criteria provided, single submitter	missense variant, 5 prime UTR variant	S343T, S170T	2026/02/19			10:89711891	10:87952134	1745325	VCV001745325	rs876660507
NM_000314.8(PTEN):c.509G>A (p.Ser170Asn)	PTEN	single nucleotide variant	PTEN hamartoma tumor syndrome, PTEN-related disorder, Cowden syndrome 1, not provided	G: Likely pathogenic	criteria provided, multiple submitters, no conflicts	missense variant, 5 prime UTR variant	S170N, S343N	2025/05/22		2025/03/04	10:89711891	10:87952134	951765	VCV000951765	rs876660507
NM_000314.8(PTEN):c.509G>T (p.Ser170Ile)	PTEN	single nucleotide variant	Hereditary cancer-predisposing syndrome, PTEN-related disorder, PTEN hamartoma tumor syndrome, Cowden syndrome 1	G: Pathogenic	criteria provided, multiple submitters, no conflicts	missense variant, 5 prime UTR variant	S170I, S343I	2026/05/08			10:89711891	10:87952134	233590	VCV000233590	rs876660507
NM_000314.8(PTEN):c.510T>G (p.Ser170Arg)	PTEN	single nucleotide variant	Cowden syndrome 1, Hereditary cancer-predisposing syndrome, not provided, PTEN hamartoma tumor syndrome	G: Pathogenic	criteria provided, multiple submitters, no conflicts	missense variant, 5 prime UTR variant	S343R, S170R	2026/05/14			10:89711892	10:87952135	825458	VCV000825458	rs121909221
NM_000314.8(PTEN):c.510T>A (p.Ser170Arg)	PTEN	single nucleotide variant	PTEN hamartoma tumor syndrome	G: Pathogenic	reviewed by expert panel	missense variant, 5 prime UTR variant	S170R, S343R	2020/06/18			10:89711892	10:87952135	7815	VCV000007815	rs121909221
NM_000314.8(PTEN):c.511C>A (p.Gln171Lys)	PTEN	single nucleotide variant	not provided	G: Pathogenic	criteria provided, single submitter	missense variant, 5 prime UTR variant	Q171K, Q344K	2020/06/15			10:89711893	10:87952136	1198486	VCV001198486	rs786204864
NM_000314.8(PTEN):c.514A>G (p.Arg172Gly)	PTEN	single nucleotide variant	Hereditary cancer-predisposing syndrome	G: Uncertain significance	criteria provided, single submitter	missense variant, 5 prime UTR variant	R172G, R345G	2026/05/22			10:89711896	10:87952139	4862738	VCV004862738	
NM_000314.8(PTEN):c.515G>T (p.Arg172Met)	PTEN	single nucleotide variant	PTEN hamartoma tumor syndrome	G: Uncertain significance	criteria provided, single submitter	missense variant, 5 prime UTR variant	R172M, R345M	2020/05/13			10:89711897	10:87952140	1003046	VCV001003046	rs1589659399
NM_000314.8(PTEN):c.515G>C (p.Arg172Thr)	PTEN	single nucleotide variant	Hereditary cancer-predisposing syndrome	G: Uncertain significance	criteria provided, single submitter	missense variant, 5 prime UTR variant	R345T, R172T	2026/01/26			10:89711897	10:87952140	825490	VCV000825490	rs1589659399
NM_000314.8(PTEN):c.517C>G (p.Arg173Gly)	PTEN	single nucleotide variant	not provided	G: Pathogenic	criteria provided, multiple submitters, no conflicts	missense variant, 5 prime UTR variant	R173G, R346G	2024/04/08			10:89711899	10:87952142	1176553	VCV001176553	rs121913293
NM_000314.8(PTEN):c.517C>T (p.Arg173Cys)	PTEN	single nucleotide variant	PTEN hamartoma tumor syndrome	G: Pathogenic	reviewed by expert panel	missense variant, 5 prime UTR variant	R173C, R346C	2017/10/18	2023/03/20	2025/03/04	10:89711899	10:87952142	189500	VCV000189500	rs121913293
NM_000314.8(PTEN):c.518G>T (p.Arg173Leu)	PTEN	single nucleotide variant	Macrocephaly-autism syndrome, Hereditary cancer-predisposing syndrome	G: Likely pathogenic	criteria provided, multiple submitters, no conflicts	missense variant, 5 prime UTR variant	R173L, R346L	2025/10/01			10:89711900	10:87952143	428258	VCV000428258	rs121913294
NM_000314.8(PTEN):c.518G>A (p.Arg173His)	PTEN	single nucleotide variant	PTEN-related disorder, Hereditary cancer-predisposing syndrome, not provided, PTEN hamartoma tumor syndrome, Cowden syndrome 1	G: Pathogenic/Likely pathogenic	criteria provided, multiple submitters, no conflicts	missense variant, 5 prime UTR variant	R173H, R346H	2026/05/14		2025/03/04	10:89711900	10:87952143	376032	VCV000376032	rs121913294
NM_000314.8(PTEN):c.520T>G (p.Tyr174Asp)	PTEN	single nucleotide variant	not provided	G: Pathogenic	criteria provided, single submitter	missense variant, 5 prime UTR variant	Y174D, Y347D	2025/06/16			10:89711902	10:87952145	4538586	VCV004538586	
NM_000314.8(PTEN):c.520T>A (p.Tyr174Asn)	PTEN	single nucleotide variant	PTEN hamartoma tumor syndrome	G: Likely pathogenic	reviewed by expert panel	missense variant, 5 prime UTR variant	Y174N, Y347N	2025/10/03			10:89711902	10:87952145	142220	VCV000142220	rs587782316
NM_000314.8(PTEN):c.523G>T (p.Val175Leu)	PTEN	single nucleotide variant	PTEN hamartoma tumor syndrome	G: Uncertain significance	criteria provided, single submitter	missense variant, 5 prime UTR variant	V348L, V175L	2019/08/25			10:89711905	10:87952148	960928	VCV000960928	rs1860417734
NM_000314.8(PTEN):c.526T>C (p.Tyr176His)	PTEN	single nucleotide variant		O: Uncertain significance	criteria provided, single submitter	missense variant, 5 prime UTR variant	Y176H, Y349H			2025/03/04	10:89711908	10:87952151	3257937	VCV003257937	
NM_000314.8(PTEN):c.529T>C (p.Tyr177His)	PTEN	single nucleotide variant	Macrocephaly-autism syndrome	G: Likely pathogenic	criteria provided, single submitter	missense variant, 5 prime UTR variant	Y177H, Y350H				10:89711911	10:87952154	974864	VCV000974864	rs1860418425
NM_000314.8(PTEN):c.529T>A (p.Tyr177Asn)	PTEN	single nucleotide variant	Cowden syndrome 1	G: Likely pathogenic	criteria provided, single submitter	missense variant, 5 prime UTR variant	Y177N, Y350N	2026/05/14			10:89711911	10:87952154	873327	VCV000873327	rs1860418425
NM_000314.8(PTEN):c.530A>T (p.Tyr177Phe)	PTEN	single nucleotide variant				missense variant, 5 prime UTR variant	Y177F, Y350F				10:89711912	10:87952155	4365744	VCV004365744	
NM_000314.8(PTEN):c.532T>A (p.Tyr178Asn)	PTEN	single nucleotide variant	Hereditary cancer-predisposing syndrome	G: Likely pathogenic	criteria provided, single submitter	missense variant, 5 prime UTR variant	Y351N, Y178N	2026/01/26			10:89711914	10:87952157	4825152	VCV004825152	
NM_000314.8(PTEN):c.532T>G (p.Tyr178Asp)	PTEN	single nucleotide variant	PTEN hamartoma tumor syndrome	G: Uncertain significance	criteria provided, single submitter	missense variant, 5 prime UTR variant	Y351D, Y178D	2019/06/24			10:89711914	10:87952157	945254	VCV000945254	rs1860418734
NM_000314.8(PTEN):c.533A>T (p.Tyr178Phe)	PTEN	single nucleotide variant	Hereditary cancer-predisposing syndrome	G: Uncertain significance	criteria provided, single submitter	missense variant, 5 prime UTR variant	Y351F, Y178F	2022/06/28			10:89711915	10:87952158	1746919	VCV001746919	rs786204866
NM_000314.8(PTEN):c.536G>A (p.Ser179Asn)	PTEN	single nucleotide variant	PTEN hamartoma tumor syndrome	G: Uncertain significance	criteria provided, single submitter	missense variant, 5 prime UTR variant	S179N, S352N	2021/08/09			10:89711918	10:87952161	1408807	VCV001408807	rs2132269260
NM_000314.8(PTEN):c.539A>C (p.Tyr180Ser)	PTEN	single nucleotide variant	PTEN hamartoma tumor syndrome, Hereditary cancer-predisposing syndrome	G: Uncertain significance	criteria provided, multiple submitters, no conflicts	missense variant, 5 prime UTR variant	Y180S, Y353S	2025/10/23			10:89711921	10:87952164	484608	VCV000484608	rs1554900585
NM_000314.8(PTEN):c.545T>C (p.Leu182Ser)	PTEN	single nucleotide variant	PTEN hamartoma tumor syndrome	G: Uncertain significance	reviewed by expert panel	missense variant, 5 prime UTR variant	L182S, L355S	2023/12/01			10:89711927	10:87952170	187827	VCV000187827	rs794729664
NM_000314.8(PTEN):c.549G>T (p.Lys183Asn)	PTEN	single nucleotide variant	Hereditary cancer-predisposing syndrome, PTEN hamartoma tumor syndrome	G: Uncertain significance	criteria provided, multiple submitters, no conflicts	missense variant, 5 prime UTR variant	K183N, K356N	2025/05/06			10:89711931	10:87952174	231562	VCV000231562	rs876659227
NM_000314.8(PTEN):c.551A>G (p.Asn184Ser)	PTEN	single nucleotide variant	PTEN hamartoma tumor syndrome, Hereditary cancer-predisposing syndrome	G: Uncertain significance	criteria provided, multiple submitters, no conflicts	missense variant, 5 prime UTR variant	N184S, N357S	2024/04/11			10:89711933	10:87952176	1347066	VCV001347066	rs587781895
NM_000314.8(PTEN):c.551A>T (p.Asn184Ile)	PTEN	single nucleotide variant	Hereditary cancer-predisposing syndrome	G: Uncertain significance	criteria provided, single submitter	missense variant, 5 prime UTR variant	N184I, N357I	2014/03/11			10:89711933	10:87952176	141636	VCV000141636	rs587781895
NM_000314.8(PTEN):c.553C>G (p.His185Asp)	PTEN	single nucleotide variant	Hereditary cancer-predisposing syndrome	G: Uncertain significance	criteria provided, single submitter	missense variant, 5 prime UTR variant	H358D, H185D	2026/01/26			10:89711935	10:87952178	4825151	VCV004825151	
NM_000314.8(PTEN):c.554A>G (p.His185Arg)	PTEN	single nucleotide variant	PTEN hamartoma tumor syndrome	G: Uncertain significance	criteria provided, single submitter	missense variant, 5 prime UTR variant	H358R, H185R	2022/10/17			10:89711936	10:87952179	2118280	VCV002118280	rs2132269435
NM_000314.8(PTEN):c.557T>C (p.Leu186Pro)	PTEN	single nucleotide variant	Familial meningioma, Familial prostate cancer, Glioma susceptibility 2, Macrocephaly-autism syndrome, Cowden syndrome 1	G: Uncertain significance	criteria provided, single submitter	missense variant, 5 prime UTR variant	L186P, L359P	2024/02/06			10:89711939	10:87952182	3598499	VCV003598499	
NM_000314.8(PTEN):c.560A>T (p.Asp187Val)	PTEN	single nucleotide variant	not provided	G: Uncertain significance	criteria provided, single submitter	missense variant, 5 prime UTR variant	D187V, D360V	2025/03/14			10:89711942	10:87952185	4083372	VCV004083372	
NM_000314.8(PTEN):c.560A>G (p.Asp187Gly)	PTEN	single nucleotide variant	Hereditary cancer-predisposing syndrome, not provided, PTEN hamartoma tumor syndrome	G: Uncertain significance	criteria provided, multiple submitters, no conflicts	missense variant, 5 prime UTR variant	D187G, D360G	2022/12/03			10:89711942	10:87952185	189501	VCV000189501	rs786204943
NM_000314.8(PTEN):c.563A>T (p.Tyr188Phe)	PTEN	single nucleotide variant	Hereditary cancer-predisposing syndrome	G: Uncertain significance	criteria provided, single submitter	missense variant, 5 prime UTR variant	Y188F, Y361F	2022/08/10			10:89711945	10:87952188	1748789	VCV001748789	rs2132269501
NM_000314.8(PTEN):c.566G>A (p.Arg189Lys)	PTEN	single nucleotide variant	Hereditary cancer-predisposing syndrome	G: Uncertain significance	criteria provided, single submitter	missense variant, 5 prime UTR variant	R189K, R362K	2015/06/30			10:89711948	10:87952191	1748955	VCV001748955	rs1589659565
NM_000314.8(PTEN):c.566G>C (p.Arg189Thr)	PTEN	single nucleotide variant	Hereditary cancer-predisposing syndrome	G: Uncertain significance	criteria provided, single submitter	missense variant, 5 prime UTR variant	R189T, R362T	2019/05/17			10:89711948	10:87952191	825885	VCV000825885	rs1589659565
NM_000314.8(PTEN):c.568C>T (p.Pro190Ser)	PTEN	single nucleotide variant	Hereditary cancer-predisposing syndrome	G: Uncertain significance	criteria provided, single submitter	missense variant, 5 prime UTR variant	P190S, P363S	2025/11/25			10:89711950	10:87952193	4676600	VCV004676600	
NM_000314.8(PTEN):c.568C>A (p.Pro190Thr)	PTEN	single nucleotide variant	not provided, PTEN hamartoma tumor syndrome	G: Uncertain significance	criteria provided, multiple submitters, no conflicts	missense variant, 5 prime UTR variant	P190T, P363T	2025/01/09			10:89711950	10:87952193	1489316	VCV001489316	rs1860421606
NM_000314.8(PTEN):c.569C>G (p.Pro190Arg)	PTEN	single nucleotide variant	Hereditary cancer-predisposing syndrome, PTEN hamartoma tumor syndrome	G: Uncertain significance	criteria provided, multiple submitters, no conflicts	missense variant, 5 prime UTR variant	P190R, P363R	2023/12/13			10:89711951	10:87952194	536538	VCV000536538	rs1554900617
NM_000314.8(PTEN):c.569C>T (p.Pro190Leu)	PTEN	single nucleotide variant	PTEN hamartoma tumor syndrome	G: Uncertain significance	criteria provided, single submitter	missense variant, 5 prime UTR variant	P190L, P363L	2022/02/28			10:89711951	10:87952194	468698	VCV000468698	rs1554900617
NM_000314.8(PTEN):c.571G>C (p.Val191Leu)	PTEN	single nucleotide variant	not provided	G: Uncertain significance	criteria provided, single submitter	missense variant, 5 prime UTR variant	V191L, V364L	2017/01/13			10:89711953	10:87952196	423079	VCV000423079	rs1060500130
NM_000314.8(PTEN):c.571G>T (p.Val191Leu)	PTEN	single nucleotide variant	Hereditary cancer-predisposing syndrome, PTEN hamartoma tumor syndrome	G: Uncertain significance	criteria provided, multiple submitters, no conflicts	missense variant, 5 prime UTR variant	V191L, V364L	2025/12/16			10:89711953	10:87952196	404173	VCV000404173	rs1060500130
NM_000314.8(PTEN):c.574G>T (p.Ala192Ser)	PTEN	single nucleotide variant	PTEN hamartoma tumor syndrome	G: Uncertain significance	criteria provided, single submitter	missense variant, 5 prime UTR variant	A365S, A192S	2025/02/19			10:89711956	10:87952199	2833276	VCV002833276	rs2493754119
NM_000314.8(PTEN):c.575C>G (p.Ala192Gly)	PTEN	single nucleotide variant	PTEN hamartoma tumor syndrome	G: Uncertain significance	criteria provided, single submitter	missense variant, 5 prime UTR variant	A192G, A365G	2023/11/20			10:89711957	10:87952200	3074642	VCV003074642	rs1860422010
NM_000314.8(PTEN):c.580T>A (p.Leu194Met)	PTEN	single nucleotide variant	not provided	G: Uncertain significance	criteria provided, single submitter	missense variant, 5 prime UTR variant	L194M, L367M	2022/08/31			10:89711962	10:87952205	2442682	VCV002442682	rs2132269617
NM_000314.8(PTEN):c.583T>C (p.Phe195Leu)	PTEN	single nucleotide variant	PTEN hamartoma tumor syndrome	G: Uncertain significance	criteria provided, single submitter	missense variant, 5 prime UTR variant	F195L, F368L	2020/02/15			10:89711965	10:87952208	1014592	VCV001014592	rs1860422659
NM_000314.8(PTEN):c.584T>C (p.Phe195Ser)	PTEN	single nucleotide variant	Hereditary cancer-predisposing syndrome	G: Likely pathogenic	criteria provided, single submitter	missense variant, 5 prime UTR variant	F195S, F368S	2022/05/26			10:89711966	10:87952209	1750073	VCV001750073	rs2132269646
NM_000314.8(PTEN):c.586C>T (p.His196Tyr)	PTEN	single nucleotide variant	PTEN hamartoma tumor syndrome	G: Uncertain significance	criteria provided, single submitter	missense variant, 5 prime UTR variant	H196Y, H369Y	2025/09/03			10:89711968	10:87952211	4741906	VCV004741906	
NM_000314.8(PTEN):c.586C>G (p.His196Asp)	PTEN	single nucleotide variant	Hereditary cancer-predisposing syndrome, PTEN hamartoma tumor syndrome	G: Uncertain significance	criteria provided, multiple submitters, no conflicts	missense variant, 5 prime UTR variant	H369D, H196D	2024/01/11			10:89711968	10:87952211	826023	VCV000826023	rs1589659615
NM_000314.8(PTEN):c.587A>C (p.His196Pro)	PTEN	single nucleotide variant	not provided, PTEN hamartoma tumor syndrome	G: Uncertain significance	criteria provided, multiple submitters, no conflicts	missense variant, 5 prime UTR variant	H196P, H369P	2023/01/26			10:89711969	10:87952212	1694039	VCV001694039	rs1564837944
NM_000314.8(PTEN):c.587A>G (p.His196Arg)	PTEN	single nucleotide variant	not provided	G: Uncertain significance	criteria provided, single submitter	missense variant, 5 prime UTR variant	H196R, H369R	2018/02/05			10:89711969	10:87952212	618852	VCV000618852	rs1564837944
NM_000314.8(PTEN):c.588C>G (p.His196Gln)	PTEN	single nucleotide variant	Hereditary cancer-predisposing syndrome	G: Uncertain significance	criteria provided, single submitter	missense variant, 5 prime UTR variant	H196Q, H369Q	2026/02/27			10:89711970	10:87952213	4827356	VCV004827356	
NM_000314.8(PTEN):c.589A>G (p.Lys197Glu)	PTEN	single nucleotide variant	PTEN hamartoma tumor syndrome	G: Uncertain significance	criteria provided, single submitter	missense variant, 5 prime UTR variant	K370E, K197E	2023/08/03			10:89711971	10:87952214	2749648	VCV002749648	rs1554900629
NM_000314.8(PTEN):c.589A>C (p.Lys197Gln)	PTEN	single nucleotide variant	Hereditary cancer-predisposing syndrome	G: Uncertain significance	criteria provided, single submitter	missense variant, 5 prime UTR variant	K197Q, K370Q	2023/12/04			10:89711971	10:87952214	629237	VCV000629237	rs1554900629
NM_000314.8(PTEN):c.590_591delinsTA (p.Lys197Ile)	PTEN	Indel	Hereditary cancer-predisposing syndrome	G: Uncertain significance	criteria provided, single submitter	missense variant, 5 prime UTR variant	K197I, K370I	2024/02/06			10:89711972	10:87952215	3231163	VCV003231163	rs2493754345
NM_000314.8(PTEN):c.592A>G (p.Met198Val)	PTEN	single nucleotide variant	Hereditary cancer-predisposing syndrome, PTEN hamartoma tumor syndrome	G: Uncertain significance	criteria provided, multiple submitters, no conflicts	missense variant, initiator_codon_variant	M198V, M371V, M1V	2025/11/13			10:89711974	10:87952217	468701	VCV000468701	rs1554900633
NM_000314.8(PTEN):c.593T>G (p.Met198Arg)	PTEN	single nucleotide variant	Hereditary cancer-predisposing syndrome	G: Uncertain significance	criteria provided, single submitter	missense variant, initiator_codon_variant	M198R, M371R, M1R	2022/03/22			10:89711975	10:87952218	2774181	VCV002774181	rs1554900635
NM_000314.8(PTEN):c.593T>A (p.Met198Lys)	PTEN	single nucleotide variant	PTEN hamartoma tumor syndrome	G: Likely pathogenic	criteria provided, single submitter	missense variant, initiator_codon_variant	M198K, M1K, M371K	2024/09/14			10:89711975	10:87952218	468702	VCV000468702	rs1554900635
NM_000314.8(PTEN):c.596T>A (p.Met199Lys)	PTEN	single nucleotide variant	Hereditary cancer-predisposing syndrome, not provided, PTEN hamartoma tumor syndrome	G: Uncertain significance	criteria provided, multiple submitters, no conflicts	missense variant	M199K, M2K, M372K	2025/09/19			10:89711978	10:87952221	237651	VCV000237651	rs587781538
NM_000314.8(PTEN):c.596T>C (p.Met199Thr)	PTEN	single nucleotide variant	Hereditary cancer-predisposing syndrome, not provided, PTEN hamartoma tumor syndrome	G: Uncertain significance	criteria provided, multiple submitters, no conflicts	missense variant	M199T, M372T, M2T	2025/07/01			10:89711978	10:87952221	141157	VCV000141157	rs587781538
NM_000314.8(PTEN):c.597G>C (p.Met199Ile)	PTEN	single nucleotide variant	PTEN hamartoma tumor syndrome	G: Uncertain significance	criteria provided, single submitter	missense variant	M2I, M372I, M199I	2023/02/16			10:89711979	10:87952222	2814792	VCV002814792	rs1589659663
NM_000314.8(PTEN):c.597G>A (p.Met199Ile)	PTEN	single nucleotide variant	PTEN hamartoma tumor syndrome, Hereditary cancer-predisposing syndrome	G: Uncertain significance	criteria provided, multiple submitters, no conflicts	missense variant	M199I, M2I, M372I	2023/07/07			10:89711979	10:87952222	1014247	VCV001014247	rs1589659663
NM_000314.8(PTEN):c.598T>C (p.Phe200Leu)	PTEN	single nucleotide variant	PTEN hamartoma tumor syndrome	G: Uncertain significance	criteria provided, single submitter	missense variant	F3L, F200L, F373L	2025/10/01			10:89711980	10:87952223	4741938	VCV004741938	
NM_000314.8(PTEN):c.598T>G (p.Phe200Val)	PTEN	single nucleotide variant	Hereditary cancer-predisposing syndrome	G: Likely pathogenic	criteria provided, single submitter	missense variant	F200V, F3V, F373V	2013/05/09			10:89711980	10:87952223	142452	VCV000142452	rs587782473
NM_000314.8(PTEN):c.604A>T (p.Thr202Ser)	PTEN	single nucleotide variant	Hereditary cancer-predisposing syndrome, not provided, PTEN hamartoma tumor syndrome	G: Uncertain significance	criteria provided, multiple submitters, no conflicts	missense variant	T202S, T5S, T375S	2023/01/11			10:89711986	10:87952229	189502	VCV000189502	rs786204944
NM_000314.8(PTEN):c.605C>G (p.Thr202Ser)	PTEN	single nucleotide variant	PTEN hamartoma tumor syndrome	G: Uncertain significance	criteria provided, single submitter	missense variant	T202S, T375S, T5S	2022/08/19			10:89711987	10:87952230	1716764	VCV001716764	rs1085308053
NM_000314.8(PTEN):c.605C>T (p.Thr202Ile)	PTEN	single nucleotide variant	PTEN hamartoma tumor syndrome	G: Pathogenic	criteria provided, single submitter	missense variant	T202I, T5I, T375I	2017/03/01			10:89711987	10:87952230	427595	VCV000427595	rs1085308053
NM_000314.8(PTEN):c.607A>C (p.Ile203Leu)	PTEN	single nucleotide variant	not provided, PTEN hamartoma tumor syndrome	G: Uncertain significance	criteria provided, multiple submitters, no conflicts	missense variant	I203L, I376L, I6L	2023/04/10			10:89711989	10:87952232	2001581	VCV002001581	rs1564837997
NM_000314.8(PTEN):c.607A>T (p.Ile203Phe)	PTEN	single nucleotide variant	PTEN hamartoma tumor syndrome, Hereditary cancer-predisposing syndrome	G: Uncertain significance	criteria provided, multiple submitters, no conflicts	missense variant	I203F, I376F, I6F	2025/08/06			10:89711989	10:87952232	1331912	VCV001331912	rs1564837997
NM_000314.8(PTEN):c.608T>G (p.Ile203Ser)	PTEN	single nucleotide variant	PTEN hamartoma tumor syndrome	G: Uncertain significance	criteria provided, single submitter	missense variant	I6S, I203S, I376S	2023/06/14			10:89711990	10:87952233	2713606	VCV002713606	rs2132269808
NM_000314.8(PTEN):c.609T>G (p.Ile203Met)	PTEN	single nucleotide variant	not provided	G: Uncertain significance	criteria provided, single submitter	missense variant	I203M, I376M, I6M	2024/11/08			10:89711991	10:87952234	3899047	VCV003899047	
NM_000314.8(PTEN):c.611C>A (p.Pro204Gln)	PTEN	single nucleotide variant	PTEN-related disorder	G: Uncertain significance	criteria provided, single submitter	missense variant	P204Q, P377Q, P7Q	2025/09/02			10:89711993	10:87952236	4855052	VCV004855052	
NM_000314.8(PTEN):c.613A>T (p.Met205Leu)	PTEN	single nucleotide variant	PTEN hamartoma tumor syndrome	G: Uncertain significance	criteria provided, single submitter	missense variant	M8L, M205L, M378L	2021/05/04			10:89711995	10:87952238	1462187	VCV001462187	rs776763121
NM_000314.8(PTEN):c.613A>G (p.Met205Val)	PTEN	single nucleotide variant	Familial meningioma, Cowden syndrome 1, Macrocephaly-autism syndrome, Glioma susceptibility 2, Familial prostate cancer, Hereditary cancer-predisposing syndrome, not provided, PTEN hamartoma tumor syndrome	G: Uncertain significance	criteria provided, multiple submitters, no conflicts	missense variant	M205V, M378V, M8V	2025/11/23			10:89711995	10:87952238	404146	VCV000404146	rs776763121
NM_000314.8(PTEN):c.615G>A (p.Met205Ile)	PTEN	single nucleotide variant	PTEN hamartoma tumor syndrome	G: Uncertain significance	criteria provided, single submitter	missense variant	M205I, M378I, M8I	2023/09/22			10:89711997	10:87952240	492734	VCV000492734	rs1554900653
NM_000314.8(PTEN):c.616T>G (p.Phe206Val)	PTEN	single nucleotide variant	PTEN hamartoma tumor syndrome	G: Uncertain significance	criteria provided, single submitter	missense variant	F379V, F9V, F206V	2023/09/06			10:89711998	10:87952241	2758375	VCV002758375	rs2132269888
NM_000314.8(PTEN):c.617T>A (p.Phe206Tyr)	PTEN	single nucleotide variant	Hereditary cancer-predisposing syndrome	G: Uncertain significance	criteria provided, single submitter	missense variant	F379Y, F9Y, F206Y	2022/04/29			10:89711999	10:87952242	1752060	VCV001752060	rs2132269895
NM_000314.8(PTEN):c.618C>G (p.Phe206Leu)	PTEN	single nucleotide variant	Hereditary cancer-predisposing syndrome	G: Uncertain significance	criteria provided, single submitter	missense variant	F206L, F379L, F9L	2024/04/15			10:89712000	10:87952243	3311257	VCV003311257	
NM_000314.8(PTEN):c.619A>T (p.Ser207Cys)	PTEN	single nucleotide variant	Hereditary cancer-predisposing syndrome	G: Uncertain significance	criteria provided, single submitter	missense variant	S380C, S207C, S10C	2019/10/17			10:89712001	10:87952244	826234	VCV000826234	rs1589659733
NM_000314.8(PTEN):c.620G>T (p.Ser207Ile)	PTEN	single nucleotide variant	PTEN hamartoma tumor syndrome	G: Uncertain significance	criteria provided, single submitter	missense variant	S380I, S10I, S207I	2023/07/25			10:89712002	10:87952245	2818811	VCV002818811	rs2132269923
NM_000314.8(PTEN):c.622G>A (p.Gly208Ser)	PTEN	single nucleotide variant	Hereditary cancer-predisposing syndrome, Glioma susceptibility 2, PTEN hamartoma tumor syndrome, Cowden syndrome 1, not provided	G: Uncertain significance	criteria provided, multiple submitters, no conflicts	missense variant	G381S, G11S, G208S	2026/02/20			10:89712004	10:87952247	838223	VCV000838223	rs1860425648
NM_000314.8(PTEN):c.623G>A (p.Gly208Asp)	PTEN	single nucleotide variant	PTEN hamartoma tumor syndrome, Hereditary cancer-predisposing syndrome	G: Uncertain significance	criteria provided, multiple submitters, no conflicts	missense variant	G11D, G381D, G208D	2024/05/20			10:89712005	10:87952248	1035121	VCV001035121	rs1860425741
NM_000314.8(PTEN):c.626G>T (p.Gly209Val)	PTEN	single nucleotide variant	Hereditary cancer-predisposing syndrome, not provided	G: Uncertain significance	criteria provided, multiple submitters, no conflicts	missense variant	G382V, G12V, G209V	2025/07/23			10:89712008	10:87952251	4147008	VCV004147008	
NM_000314.8(PTEN):c.626G>A (p.Gly209Glu)	PTEN	single nucleotide variant	Hereditary cancer-predisposing syndrome	G: Uncertain significance	criteria provided, single submitter	missense variant	G382E, G12E, G209E	2025/04/09			10:89712008	10:87952251	3940092	VCV003940092	
NM_000314.8(PTEN):c.628A>G (p.Thr210Ala)	PTEN	single nucleotide variant	PTEN hamartoma tumor syndrome, Hereditary cancer-predisposing syndrome	G: Uncertain significance	criteria provided, multiple submitters, no conflicts	missense variant	T210A, T383A, T13A	2024/07/22			10:89712010	10:87952253	480943	VCV000480943	rs1554900663
NM_000314.8(PTEN):c.629C>T (p.Thr210Ile)	PTEN	single nucleotide variant	Hereditary cancer-predisposing syndrome, PTEN hamartoma tumor syndrome	G: Uncertain significance	criteria provided, multiple submitters, no conflicts	missense variant	T13I, T383I, T210I	2024/12/19			10:89712011	10:87952254	1999180	VCV001999180	rs2132270020
NM_000314.8(PTEN):c.631T>C (p.Cys211Arg)	PTEN	single nucleotide variant	PTEN hamartoma tumor syndrome, Hereditary cancer-predisposing syndrome	G: Uncertain significance	criteria provided, multiple submitters, no conflicts	missense variant	C384R, C14R, C211R	2026/04/07			10:89712013	10:87952256	1042754	VCV001042754	rs1860426392
NM_000314.8(PTEN):c.634A>G (p.Asn212Asp)	PTEN	single nucleotide variant	not provided	G: Uncertain significance	criteria provided, single submitter	missense variant	N15D, N212D, N385D	2021/11/04			10:89712016	10:87952259	1320458	VCV001320458	rs1860426730
NM_000314.8(PTEN):c.634A>C (p.Asn212His)	PTEN	single nucleotide variant	PTEN hamartoma tumor syndrome, not provided	G: Uncertain significance	criteria provided, multiple submitters, no conflicts	missense variant	N385H, N15H, N212H	2024/09/30			10:89712016	10:87952259	948056	VCV000948056	rs1860426730
NM_000314.8(PTEN):c.635A>G (p.Asn212Ser)	PTEN	single nucleotide variant	not provided, PTEN hamartoma tumor syndrome, Hereditary cancer-predisposing syndrome	G: Uncertain significance	criteria provided, multiple submitters, no conflicts	missense variant	N212S, N385S, N15S	2025/09/25			10:89717610	10:87957853	495808	VCV000495808	rs1554825156
NM_000314.8(PTEN):c.637C>T (p.Pro213Ser)	PTEN	single nucleotide variant	Hereditary cancer-predisposing syndrome	G: Uncertain significance	criteria provided, single submitter	missense variant	P213S, P16S, P386S	2019/07/23			10:89717612	10:87957855	826369	VCV000826369	rs1589663135
NM_000314.8(PTEN):c.638C>T (p.Pro213Leu)	PTEN	single nucleotide variant	PTEN hamartoma tumor syndrome	G: Uncertain significance	criteria provided, single submitter	missense variant	P213L, P16L, P386L	2021/08/03			10:89717613	10:87957856	1485363	VCV001485363	rs1156887945
NM_000314.8(PTEN):c.641A>T (p.Gln214Leu)	PTEN	single nucleotide variant	PTEN hamartoma tumor syndrome	G: Uncertain significance	criteria provided, single submitter	missense variant	Q17L, Q387L, Q214L	2021/11/01			10:89717616	10:87957859	1470275	VCV001470275	rs1564566726
NM_000314.8(PTEN):c.641A>C (p.Gln214Pro)	PTEN	single nucleotide variant	Hereditary cancer-predisposing syndrome	G: Uncertain significance	criteria provided, single submitter	missense variant	Q214P, Q17P, Q387P	2016/08/01			10:89717616	10:87957859	587985	VCV000587985	rs1564566726
NM_000314.8(PTEN):c.643T>G (p.Phe215Val)	PTEN	single nucleotide variant	PTEN hamartoma tumor syndrome	G: Uncertain significance	criteria provided, single submitter	missense variant	F18V, F215V, F388V	2020/06/12			10:89717618	10:87957861	1012022	VCV001012022	rs1860539219
NM_000314.8(PTEN):c.645T>G (p.Phe215Leu)	PTEN	single nucleotide variant	PTEN hamartoma tumor syndrome	G: Uncertain significance	criteria provided, single submitter	missense variant	F18L, F215L, F388L	2023/03/21			10:89717620	10:87957863	2848369	VCV002848369	rs2132276465
NM_000314.8(PTEN):c.646G>A (p.Val216Met)	PTEN	single nucleotide variant	Hereditary cancer-predisposing syndrome, PTEN hamartoma tumor syndrome	G: Uncertain significance	criteria provided, multiple submitters, no conflicts	missense variant	V389M, V19M, V216M	2025/01/21			10:89717621	10:87957864	655477	VCV000655477	rs1589663150
NM_000314.8(PTEN):c.647T>A (p.Val216Glu)	PTEN	single nucleotide variant	Hereditary cancer-predisposing syndrome	G: Uncertain significance	criteria provided, single submitter	missense variant	V216E, V389E, V19E	2025/12/31			10:89717622	10:87957865	4843603	VCV004843603	
NM_000314.8(PTEN):c.647T>C (p.Val216Ala)	PTEN	single nucleotide variant	Hereditary cancer-predisposing syndrome	G: Uncertain significance	criteria provided, multiple submitters, no conflicts	missense variant	V19A, V389A, V216A	2024/03/06			10:89717622	10:87957865	826431	VCV000826431	rs1589663156
NM_000314.8(PTEN):c.648_650delinsTGG (p.Val217Gly)	PTEN	Indel	Hereditary cancer-predisposing syndrome	G: Uncertain significance	criteria provided, single submitter	missense variant	V20G, V390G, V217G	2022/02/16			10:89717623	10:87957866	1753762	VCV001753762	rs2493765848
NM_000314.8(PTEN):c.649G>C (p.Val217Leu)	PTEN	single nucleotide variant	PTEN hamartoma tumor syndrome	G: Uncertain significance	criteria provided, single submitter	missense variant	V20L, V217L, V390L	2023/08/15			10:89717624	10:87957867	3072410	VCV003072410	rs121909234
NM_000314.8(PTEN):c.650T>A (p.Val217Asp)	PTEN	single nucleotide variant		O: Likely oncogenic	criteria provided, single submitter	missense variant	V20D, V217D, V390D			2025/12/29	10:89717625	10:87957868	4539672	VCV004539672	
NM_000314.8(PTEN):c.650T>G (p.Val217Gly)	PTEN	single nucleotide variant	Hereditary cancer-predisposing syndrome, PTEN hamartoma tumor syndrome	G: Uncertain significance	criteria provided, multiple submitters, no conflicts	missense variant	V217G, V20G, V390G	2024/01/29			10:89717625	10:87957868	404152	VCV000404152	rs1060500117
NM_000314.8(PTEN):c.652T>C (p.Cys218Arg)	PTEN	single nucleotide variant	PTEN hamartoma tumor syndrome	G: Uncertain significance	criteria provided, single submitter	missense variant	C218R, C21R, C391R	2023/05/21			10:89717627	10:87957870	2866544	VCV002866544	rs1860539980
NM_000314.8(PTEN):c.653G>T (p.Cys218Phe)	PTEN	single nucleotide variant	not provided, Hereditary cancer-predisposing syndrome, PTEN hamartoma tumor syndrome	G: Uncertain significance	criteria provided, multiple submitters, no conflicts	missense variant	C218F, C21F, C391F	2025/07/08			10:89717628	10:87957871	1754111	VCV001754111	rs1860540059
NM_000314.8(PTEN):c.653G>A (p.Cys218Tyr)	PTEN	single nucleotide variant	PTEN hamartoma tumor syndrome, Hereditary cancer-predisposing syndrome	G: Uncertain significance	criteria provided, multiple submitters, no conflicts	missense variant	C21Y, C391Y, C218Y	2024/04/24			10:89717628	10:87957871	945328	VCV000945328	rs1860540059
NM_000314.8(PTEN):c.653G>C (p.Cys218Ser)	PTEN	single nucleotide variant	PTEN hamartoma tumor syndrome, Hereditary cancer-predisposing syndrome	G: Uncertain significance	criteria provided, multiple submitters, no conflicts	missense variant	C21S, C218S, C391S	2025/01/08			10:89717628	10:87957871	923643	VCV000923643	rs1860540059
NM_000314.8(PTEN):c.657G>C (p.Gln219His)	PTEN	single nucleotide variant	Hereditary cancer-predisposing syndrome	G: Uncertain significance	criteria provided, single submitter	missense variant	Q219H, Q392H, Q22H	2025/01/07			10:89717632	10:87957875	3784741	VCV003784741	
NM_000314.8(PTEN):c.658C>G (p.Leu220Val)	PTEN	single nucleotide variant	Hereditary cancer-predisposing syndrome	G: Uncertain significance	criteria provided, single submitter	missense variant	L393V, L220V, L23V	2024/05/31			10:89717633	10:87957876	3311265	VCV003311265	
NM_000314.8(PTEN):c.661A>G (p.Lys221Glu)	PTEN	single nucleotide variant	not provided	G: Likely pathogenic	criteria provided, single submitter	missense variant	K221E, K24E, K394E	2024/01/01			10:89717636	10:87957879	3026433	VCV003026433	rs1554825174
NM_000314.8(PTEN):c.662A>G (p.Lys221Arg)	PTEN	single nucleotide variant	PTEN hamartoma tumor syndrome	G: Uncertain significance	criteria provided, single submitter	missense variant	K221R, K24R, K394R	2025/09/24			10:89717637	10:87957880	4780461	VCV004780461	
NM_000314.8(PTEN):c.664G>A (p.Val222Met)	PTEN	single nucleotide variant	Hereditary cancer-predisposing syndrome, not provided, PTEN hamartoma tumor syndrome	G: Uncertain significance	criteria provided, multiple submitters, no conflicts	missense variant	V222M, V25M, V395M	2022/07/11			10:89717639	10:87957882	385323	VCV000385323	rs878853943
NM_000314.8(PTEN):c.664G>T (p.Val222Leu)	PTEN	single nucleotide variant	PTEN hamartoma tumor syndrome	G: Uncertain significance	criteria provided, single submitter	missense variant	V222L, V25L, V395L	2016/03/18			10:89717639	10:87957882	237652	VCV000237652	rs878853943
NM_000314.8(PTEN):c.665T>C (p.Val222Ala)	PTEN	single nucleotide variant	Hereditary cancer-predisposing syndrome, PTEN hamartoma tumor syndrome	G: Uncertain significance	criteria provided, multiple submitters, no conflicts	missense variant	V25A, V395A, V222A	2025/09/10			10:89717640	10:87957883	1401574	VCV001401574	rs2132276621
NM_000314.8(PTEN):c.668A>G (p.Lys223Arg)	PTEN	single nucleotide variant	Hereditary cancer-predisposing syndrome, PTEN hamartoma tumor syndrome	G: Uncertain significance	criteria provided, multiple submitters, no conflicts	missense variant	K223R, K26R, K396R	2025/06/18			10:89717643	10:87957886	574870	VCV000574870	rs778528056
NM_000314.8(PTEN):c.669G>C (p.Lys223Asn)	PTEN	single nucleotide variant	Hereditary cancer-predisposing syndrome	G: Uncertain significance	criteria provided, single submitter	missense variant	K26N, K223N, K396N	2024/10/31			10:89717644	10:87957887	3427444	VCV003427444	
NM_000314.8(PTEN):c.670A>T (p.Ile224Leu)	PTEN	single nucleotide variant	PTEN hamartoma tumor syndrome, Hereditary cancer-predisposing syndrome	G: Uncertain significance	criteria provided, multiple submitters, no conflicts	missense variant	I224L, I27L, I397L	2023/12/05			10:89717645	10:87957888	490116	VCV000490116	rs1554825177
NM_000314.8(PTEN):c.671T>A (p.Ile224Lys)	PTEN	single nucleotide variant	PTEN hamartoma tumor syndrome	G: Uncertain significance	criteria provided, single submitter	missense variant	I224K, I27K, I397K	2020/07/07			10:89717646	10:87957889	999105	VCV000999105	rs1589663235
NM_000314.8(PTEN):c.671T>C (p.Ile224Thr)	PTEN	single nucleotide variant	Hereditary cancer-predisposing syndrome, PTEN hamartoma tumor syndrome	G: Uncertain significance	criteria provided, multiple submitters, no conflicts	missense variant	I27T, I224T, I397T	2024/06/09			10:89717646	10:87957889	653399	VCV000653399	rs1589663235
NM_000314.8(PTEN):c.672A>G (p.Ile224Met)	PTEN	single nucleotide variant	not specified, PTEN hamartoma tumor syndrome	G: Uncertain significance	criteria provided, multiple submitters, no conflicts	missense variant	I224M, I27M, I397M	2025/03/04			10:89717647	10:87957890	189505	VCV000189505	rs786204946
NM_000314.8(PTEN):c.677C>T (p.Ser226Phe)	PTEN	single nucleotide variant	Glioma susceptibility 2, PTEN hamartoma tumor syndrome, Hereditary cancer-predisposing syndrome, not provided	G: Uncertain significance	criteria provided, multiple submitters, no conflicts	missense variant	S226F, S29F, S399F	2023/08/07			10:89717652	10:87957895	1330017	VCV001330017	rs2132276728
NM_000314.8(PTEN):c.679T>A (p.Ser227Thr)	PTEN	single nucleotide variant	Hereditary cancer-predisposing syndrome	G: Uncertain significance	criteria provided, single submitter	missense variant	S30T, S400T, S227T	2024/05/28			10:89717654	10:87957897	3311261	VCV003311261	
NM_000314.8(PTEN):c.680C>T (p.Ser227Phe)	PTEN	single nucleotide variant	Hereditary cancer-predisposing syndrome	G: Uncertain significance	criteria provided, single submitter	missense variant	S30F, S227F, S400F	2023/01/13			10:89717655	10:87957898	2452972	VCV002452972	rs905615413
NM_000314.8(PTEN):c.682A>C (p.Asn228His)	PTEN	single nucleotide variant	PTEN hamartoma tumor syndrome	G: Uncertain significance	criteria provided, single submitter	missense variant	N31H, N228H, N401H	2025/07/14			10:89717657	10:87957900	4746655	VCV004746655	
NM_000314.8(PTEN):c.683A>C (p.Asn228Thr)	PTEN	single nucleotide variant	PTEN hamartoma tumor syndrome	G: Uncertain significance	criteria provided, single submitter	missense variant	N228T, N401T, N31T	2023/03/16			10:89717658	10:87957901	2832413	VCV002832413	rs748240670
NM_000314.8(PTEN):c.683A>T (p.Asn228Ile)	PTEN	single nucleotide variant	Hereditary cancer-predisposing syndrome	G: Uncertain significance	criteria provided, multiple submitters, no conflicts	missense variant	N401I, N31I, N228I	2023/07/10			10:89717658	10:87957901	924852	VCV000924852	rs748240670
NM_000314.8(PTEN):c.686C>T (p.Ser229Leu)	PTEN	single nucleotide variant	PTEN hamartoma tumor syndrome	G: Uncertain significance	criteria provided, single submitter	missense variant	S402L, S229L, S32L	2025/02/13			10:89717661	10:87957904	4693652	VCV004693652	
NM_000314.8(PTEN):c.688G>A (p.Gly230Arg)	PTEN	single nucleotide variant	Hereditary cancer-predisposing syndrome	G: Uncertain significance	criteria provided, single submitter	missense variant	G33R, G403R, G230R	2022/07/25			10:89717663	10:87957906	1755993	VCV001755993	rs1554825186
NM_000314.8(PTEN):c.689G>A (p.Gly230Glu)	PTEN	single nucleotide variant	Hereditary cancer-predisposing syndrome	G: Uncertain significance	criteria provided, single submitter	missense variant	G403E, G33E, G230E	2020/09/30			10:89717664	10:87957907	1756040	VCV001756040	rs2132276857
NM_000314.8(PTEN):c.691C>A (p.Pro231Thr)	PTEN	single nucleotide variant	PTEN hamartoma tumor syndrome	G: Uncertain significance	criteria provided, single submitter	missense variant	P231T, P34T, P404T	2022/10/03			10:89717666	10:87957909	1720896	VCV001720896	rs2132276868
NM_000314.8(PTEN):c.692C>T (p.Pro231Leu)	PTEN	single nucleotide variant	Hereditary cancer-predisposing syndrome, PTEN hamartoma tumor syndrome	G: Uncertain significance	criteria provided, multiple submitters, no conflicts	missense variant	P231L, P404L, P34L	2025/06/22			10:89717667	10:87957910	536552	VCV000536552	rs1554825190
NM_000314.8(PTEN):c.694A>G (p.Thr232Ala)	PTEN	single nucleotide variant	PTEN hamartoma tumor syndrome, Hereditary cancer-predisposing syndrome	G: Uncertain significance	criteria provided, multiple submitters, no conflicts	missense variant	T405A, T232A, T35A	2023/12/07			10:89717669	10:87957912	2567273	VCV002567273	rs2132276903
NM_000314.8(PTEN):c.695C>A (p.Thr232Lys)	PTEN	single nucleotide variant	PTEN hamartoma tumor syndrome	G: Uncertain significance	criteria provided, single submitter	missense variant	T232K, T35K, T405K	2023/01/13			10:89717670	10:87957913	2828231	VCV002828231	rs2132276908
NM_000314.8(PTEN):c.695C>T (p.Thr232Ile)	PTEN	single nucleotide variant	not provided, PTEN hamartoma tumor syndrome	G: Uncertain significance	criteria provided, multiple submitters, no conflicts	missense variant	T232I, T35I, T405I	2026/01/15			10:89717670	10:87957913	1315922	VCV001315922	rs2132276908
NM_000314.8(PTEN):c.697C>G (p.Arg233Gly)	PTEN	single nucleotide variant	PTEN hamartoma tumor syndrome, Hereditary cancer-predisposing syndrome	G: Uncertain significance	criteria provided, multiple submitters, no conflicts	missense variant	R36G, R406G, R233G	2023/01/05			10:89717672	10:87957915	843242	VCV000843242	rs121909219
NM_000314.8(PTEN):c.700C>G (p.Arg234Gly)	PTEN	single nucleotide variant	PTEN hamartoma tumor syndrome, Hereditary cancer-predisposing syndrome, not provided	G: Uncertain significance	criteria provided, multiple submitters, no conflicts	missense variant	R234G, R37G, R407G	2025/01/13			10:89717675	10:87957918	492337	VCV000492337	rs786201730
NM_000314.8(PTEN):c.701G>T (p.Arg234Leu)	PTEN	single nucleotide variant	PTEN hamartoma tumor syndrome	G: Uncertain significance	criteria provided, single submitter	missense variant	R234L, R37L, R407L	2023/02/15			10:89717676	10:87957919	3075548	VCV003075548	rs121909235
NM_000314.8(PTEN):c.703G>A (p.Glu235Lys)	PTEN	single nucleotide variant	Glioma susceptibility 2, PTEN hamartoma tumor syndrome	G: Uncertain significance	criteria provided, multiple submitters, no conflicts	missense variant	E235K, E38K, E408K	2024/07/30			10:89717678	10:87957921	2678096	VCV002678096	rs1554825200
NM_000314.8(PTEN):c.704A>G (p.Glu235Gly)	PTEN	single nucleotide variant	Hereditary cancer-predisposing syndrome	G: Uncertain significance	criteria provided, single submitter	missense variant	E408G, E235G, E38G	2025/12/09			10:89717679	10:87957922	4677079	VCV004677079	
NM_000314.8(PTEN):c.704A>C (p.Glu235Ala)	PTEN	single nucleotide variant	Hereditary cancer-predisposing syndrome, PTEN hamartoma tumor syndrome	G: Uncertain significance	criteria provided, multiple submitters, no conflicts	missense variant	E235A, E38A, E408A	2025/06/07			10:89717679	10:87957922	1718817	VCV001718817	rs2132277002
NM_000314.8(PTEN):c.705A>C (p.Glu235Asp)	PTEN	single nucleotide variant	Hereditary cancer-predisposing syndrome	G: Uncertain significance	criteria provided, single submitter	missense variant	E235D, E38D, E408D	2025/07/10			10:89717680	10:87957923	4147002	VCV004147002	
NM_000314.8(PTEN):c.706G>T (p.Asp236Tyr)	PTEN	single nucleotide variant	PTEN hamartoma tumor syndrome	G: Uncertain significance	criteria provided, single submitter	missense variant	D39Y, D409Y, D236Y	2022/01/11			10:89717681	10:87957924	2080106	VCV002080106	rs1860544115
NM_000314.8(PTEN):c.706G>C (p.Asp236His)	PTEN	single nucleotide variant	Hereditary cancer-predisposing syndrome, PTEN hamartoma tumor syndrome	G: Uncertain significance	criteria provided, multiple submitters, no conflicts	missense variant	D236H, D39H, D409H	2024/06/17			10:89717681	10:87957924	1016535	VCV001016535	rs1860544115
NM_000314.8(PTEN):c.707A>G (p.Asp236Gly)	PTEN	single nucleotide variant	Hereditary cancer-predisposing syndrome	G: Uncertain significance	criteria provided, single submitter	missense variant	D236G, D39G, D409G	2026/04/27			10:89717682	10:87957925	4862734	VCV004862734	
NM_000314.8(PTEN):c.707A>C (p.Asp236Ala)	PTEN	single nucleotide variant	PTEN hamartoma tumor syndrome	G: Uncertain significance	criteria provided, single submitter	missense variant	D236A, D39A, D409A	2022/11/06			10:89717682	10:87957925	2805466	VCV002805466	rs2132277027
NM_000314.8(PTEN):c.712T>G (p.Phe238Val)	PTEN	single nucleotide variant	Hereditary cancer-predisposing syndrome	G: Uncertain significance	criteria provided, single submitter	missense variant	F238V, F411V, F41V	2023/03/15			10:89717687	10:87957930	2452981	VCV002452981	rs2132277073
NM_000314.8(PTEN):c.713T>C (p.Phe238Ser)	PTEN	single nucleotide variant	PTEN hamartoma tumor syndrome	G: Uncertain significance	criteria provided, single submitter	missense variant	F238S, F411S, F41S	2023/05/04			10:89717688	10:87957931	3070715	VCV003070715	rs2493766788
NM_000314.8(PTEN):c.716T>A (p.Met239Lys)	PTEN	single nucleotide variant	Cowden syndrome 1	G: Uncertain significance	criteria provided, single submitter	missense variant	M239K, M412K, M42K	2025/08/26			10:89717691	10:87957934	4855401	VCV004855401	
NM_000314.8(PTEN):c.716T>G (p.Met239Arg)	PTEN	single nucleotide variant	Inborn genetic diseases, PTEN hamartoma tumor syndrome	G: Uncertain significance	criteria provided, multiple submitters, no conflicts	missense variant	M239R, M42R, M412R	2021/08/31			10:89717691	10:87957934	189418	VCV000189418	rs786204871
NM_000314.8(PTEN):c.718T>G (p.Tyr240Asp)	PTEN	single nucleotide variant	Hereditary cancer-predisposing syndrome	G: Uncertain significance	criteria provided, single submitter	missense variant	Y240D, Y413D, Y43D	2026/03/17			10:89717693	10:87957936	4862729	VCV004862729	
NM_000314.8(PTEN):c.719A>G (p.Tyr240Cys)	PTEN	single nucleotide variant	PTEN hamartoma tumor syndrome, Hereditary cancer-predisposing syndrome	G: Uncertain significance	criteria provided, multiple submitters, no conflicts	missense variant	Y413C, Y43C, Y240C	2025/09/09			10:89717694	10:87957937	1757614	VCV001757614	rs2132277124
NM_000314.8(PTEN):c.721T>A (p.Phe241Ile)	PTEN	single nucleotide variant	Hereditary cancer-predisposing syndrome, PTEN hamartoma tumor syndrome	G: Uncertain significance	criteria provided, multiple submitters, no conflicts	missense variant	F241I, F414I, F44I	2024/06/24			10:89717696	10:87957939	856828	VCV000856828	rs1554825207
NM_000314.8(PTEN):c.721T>G (p.Phe241Val)	PTEN	single nucleotide variant	not provided	G: Uncertain significance	criteria provided, single submitter	missense variant	F241V, F44V, F414V	2017/06/22			10:89717696	10:87957939	450079	VCV000450079	rs1554825207
NM_000314.8(PTEN):c.724G>A (p.Glu242Lys)	PTEN	single nucleotide variant	Hereditary cancer-predisposing syndrome	G: Uncertain significance	criteria provided, single submitter	missense variant	E242K, E415K, E45K	2021/04/13			10:89717699	10:87957942	1332611	VCV001332611	rs1554825210
NM_000314.8(PTEN):c.725A>T (p.Glu242Val)	PTEN	single nucleotide variant	not specified, Hereditary cancer-predisposing syndrome, not provided, PTEN hamartoma tumor syndrome	G: Uncertain significance	criteria provided, multiple submitters, no conflicts	missense variant	E242V, E415V, E45V	2025/09/12			10:89717700	10:87957943	917595	VCV000917595	rs1860545768
NM_000314.8(PTEN):c.730C>T (p.Pro244Ser)	PTEN	single nucleotide variant	not provided	G: Uncertain significance	criteria provided, single submitter	missense variant	P244S, P417S, P47S	2016/03/21			10:89717705	10:87957948	420743	VCV000420743	rs1064794675
NM_000314.8(PTEN):c.731C>T (p.Pro244Leu)	PTEN	single nucleotide variant	PTEN hamartoma tumor syndrome, Hereditary cancer-predisposing syndrome	G: Uncertain significance	criteria provided, multiple submitters, no conflicts	missense variant	P244L, P417L, P47L	2025/06/25			10:89717706	10:87957949	3070126	VCV003070126	rs2493767059
NM_000314.8(PTEN):c.734_735delinsCC (p.Gln245Pro)	PTEN	Indel	PTEN-related disorder	G: Uncertain significance	criteria provided, single submitter	missense variant	Q245P, Q418P, Q48P	2023/07/25			10:89717709	10:87957952	2631220	VCV002631220	rs2493767125
NM_000314.8(PTEN):c.734A>C (p.Gln245Pro)	PTEN	single nucleotide variant	Familial meningioma, not specified	G: Uncertain significance	criteria provided, multiple submitters, no conflicts	missense variant	Q245P, Q418P, Q48P	2020/03/11			10:89717709	10:87957952	373667	VCV000373667	rs1057518538
NM_000314.8(PTEN):c.735G>C (p.Gln245His)	PTEN	single nucleotide variant	Hereditary cancer-predisposing syndrome	G: Uncertain significance	criteria provided, single submitter	missense variant	Q245H, Q418H, Q48H	2019/06/05			10:89717710	10:87957953	826986	VCV000826986	rs1589663424
NM_000314.8(PTEN):c.736C>A (p.Pro246Thr)	PTEN	single nucleotide variant	PTEN hamartoma tumor syndrome	G: Uncertain significance	criteria provided, single submitter	missense variant	P49T, P246T, P419T	2019/11/05			10:89717711	10:87957954	965633	VCV000965633	rs1860546467
NM_000314.8(PTEN):c.737C>G (p.Pro246Arg)	PTEN	single nucleotide variant	Hereditary cancer-predisposing syndrome	G: Uncertain significance	criteria provided, single submitter	missense variant	P246R, P419R, P49R	2023/08/01		2025/03/04	10:89717712	10:87957955	2587208	VCV002587208	rs587782350
NM_000314.8(PTEN):c.740T>C (p.Leu247Ser)	PTEN	single nucleotide variant	PTEN hamartoma tumor syndrome	G: Likely pathogenic	reviewed by expert panel	missense variant	L247S, L50S, L420S	2023/08/04			10:89717715	10:87957958	223142	VCV000223142	rs1057519368
NM_000314.8(PTEN):c.741A>C (p.Leu247Phe)	PTEN	single nucleotide variant	PTEN hamartoma tumor syndrome	G: Uncertain significance	criteria provided, single submitter	missense variant	L420F, L247F, L50F	2025/09/24			10:89717716	10:87957959	4740306	VCV004740306	
NM_000314.8(PTEN):c.742C>T (p.Pro248Ser)	PTEN	single nucleotide variant	Hereditary cancer-predisposing syndrome, Ovarian neoplasm, not provided	G: Uncertain significance	criteria provided, multiple submitters, no conflicts	missense variant	P248S, P51S, P421S	2026/05/08			10:89717717	10:87957960	627646	VCV000627646	rs1564566931
NM_000314.8(PTEN):c.743C>T (p.Pro248Leu)	PTEN	single nucleotide variant	PTEN hamartoma tumor syndrome	G: Uncertain significance	criteria provided, single submitter	missense variant	P51L, P421L, P248L	2022/12/23			10:89717718	10:87957961	2823685	VCV002823685	rs759560822
NM_000314.8(PTEN):c.745G>A (p.Val249Met)	PTEN	single nucleotide variant	Hereditary cancer-predisposing syndrome, PTEN hamartoma tumor syndrome	G: Uncertain significance	criteria provided, multiple submitters, no conflicts	missense variant	V249M, V52M, V422M	2023/12/13			10:89717720	10:87957963	1378842	VCV001378842	rs2132277398
NM_000314.8(PTEN):c.746T>G (p.Val249Gly)	PTEN	single nucleotide variant	PTEN hamartoma tumor syndrome, not provided	G: Likely pathogenic	criteria provided, multiple submitters, no conflicts	missense variant	V249G, V422G, V52G	2025/02/20			10:89717721	10:87957964	1066565	VCV001066565	rs2132277407
NM_000314.8(PTEN):c.748T>C (p.Cys250Arg)	PTEN	single nucleotide variant	PTEN hamartoma tumor syndrome	G: Uncertain significance	criteria provided, single submitter	missense variant	C423R, C53R, C250R	2025/12/15			10:89717723	10:87957966	4743049	VCV004743049	
NM_000314.8(PTEN):c.749G>C (p.Cys250Ser)	PTEN	single nucleotide variant	Hereditary cancer-predisposing syndrome	G: Uncertain significance	criteria provided, single submitter	missense variant	C250S, C53S, C423S	2024/12/20			10:89717724	10:87957967	3784738	VCV003784738	
NM_000314.8(PTEN):c.749G>A (p.Cys250Tyr)	PTEN	single nucleotide variant	Hereditary cancer-predisposing syndrome	G: Uncertain significance	criteria provided, single submitter	missense variant	C423Y, C250Y, C53Y	2021/09/09			10:89717724	10:87957967	1759194	VCV001759194	rs2132277420
NM_000314.8(PTEN):c.751G>C (p.Gly251Arg)	PTEN	single nucleotide variant	Cowden syndrome 1	G: Uncertain significance	criteria provided, single submitter	missense variant	G251R, G424R, G54R	2026/04/30			10:89717726	10:87957969	4879522	VCV004879522	
NM_000314.8(PTEN):c.752G>C (p.Gly251Ala)	PTEN	single nucleotide variant	PTEN hamartoma tumor syndrome	G: Uncertain significance	criteria provided, single submitter	missense variant	G251A, G54A, G424A	2024/04/08			10:89717727	10:87957970	468711	VCV000468711	rs1554825226
NM_000314.8(PTEN):c.752_753delinsTG (p.Gly251Val)	PTEN	Indel	Hereditary cancer-predisposing syndrome	G: Likely pathogenic	criteria provided, single submitter	missense variant	G251V, G54V, G424V	2017/10/02			10:89717727	10:87957970	428249	VCV000428249	rs1114167664
NM_000314.8(PTEN):c.754G>A (p.Asp252Asn)	PTEN	single nucleotide variant	Hereditary cancer-predisposing syndrome, not provided	G: Uncertain significance	criteria provided, multiple submitters, no conflicts	missense variant	D55N, D252N, D425N	2022/01/13			10:89717729	10:87957972	827117	VCV000827117	rs1589663499
NM_000314.8(PTEN):c.755A>T (p.Asp252Val)	PTEN	single nucleotide variant	PTEN hamartoma tumor syndrome, Cowden syndrome, Cowden syndrome 1, Hereditary cancer-predisposing syndrome	G: Pathogenic/Likely pathogenic	criteria provided, multiple submitters, no conflicts	missense variant	D252V, D55V, D425V	2026/05/14			10:89717730	10:87957973	575811	VCV000575811	rs121909239
NM_000314.8(PTEN):c.755A>G (p.Asp252Gly)	PTEN	single nucleotide variant	PTEN hamartoma tumor syndrome	G: Pathogenic	reviewed by expert panel	missense variant	D252G, D55G, D425G	2023/06/14			10:89717730	10:87957973	7849	VCV000007849	rs121909239
NM_000314.8(PTEN):c.757A>G (p.Ile253Val)	PTEN	single nucleotide variant	Hereditary cancer-predisposing syndrome	G: Uncertain significance	criteria provided, single submitter	missense variant	I56V, I253V, I426V	2024/05/28			10:89717732	10:87957975	3311267	VCV003311267	
NM_000314.8(PTEN):c.758T>C (p.Ile253Thr)	PTEN	single nucleotide variant	Hereditary cancer-predisposing syndrome, PTEN hamartoma tumor syndrome	G: Uncertain significance	criteria provided, multiple submitters, no conflicts	missense variant	I253T, I426T, I56T	2024/09/30			10:89717733	10:87957976	1001963	VCV001001963	rs1554825235
NM_000314.8(PTEN):c.761A>T (p.Lys254Ile)	PTEN	single nucleotide variant	not provided	G: Uncertain significance	criteria provided, single submitter	missense variant	K254I, K427I, K57I	2022/05/05			10:89717736	10:87957979	1687639	VCV001687639	rs1114167633
NM_000314.8(PTEN):c.761A>G (p.Lys254Arg)	PTEN	single nucleotide variant	PTEN hamartoma tumor syndrome	G: Uncertain significance	criteria provided, single submitter	missense variant	K254R, K57R, K427R	2023/11/04			10:89717736	10:87957979	1382720	VCV001382720	rs1114167633
NM_000314.8(PTEN):c.761A>C (p.Lys254Thr)	PTEN	single nucleotide variant	Hereditary cancer-predisposing syndrome, not provided	G: Likely pathogenic	criteria provided, multiple submitters, no conflicts	missense variant	K254T, K57T, K427T	2021/05/07			10:89717736	10:87957979	428207	VCV000428207	rs1114167633
NM_000314.8(PTEN):c.763G>A (p.Val255Ile)	PTEN	single nucleotide variant	Hereditary cancer-predisposing syndrome	G: Uncertain significance	criteria provided, single submitter	missense variant	V255I, V58I, V428I	2021/07/12			10:89717738	10:87957981	1759934	VCV001759934	rs2132277538
NM_000314.8(PTEN):c.764T>G (p.Val255Gly)	PTEN	single nucleotide variant	Familial meningioma, Familial prostate cancer, Macrocephaly-autism syndrome, Glioma susceptibility 2, Cowden syndrome 1	G: Likely pathogenic	criteria provided, single submitter	missense variant	V255G, V428G, V58G				10:89717739	10:87957982	3381971	VCV003381971	
NM_000314.8(PTEN):c.764T>A (p.Val255Glu)	PTEN	single nucleotide variant	not provided, PTEN-related disorder, Hereditary cancer-predisposing syndrome	G: Likely pathogenic	criteria provided, multiple submitters, no conflicts	missense variant	V255E, V58E, V428E	2022/12/08			10:89717739	10:87957982	623214	VCV000623214	rs1564566998
NM_000314.8(PTEN):c.767A>G (p.Glu256Gly)	PTEN	single nucleotide variant	PTEN hamartoma tumor syndrome	G: Uncertain significance	criteria provided, single submitter	missense variant	E429G, E256G, E59G	2023/10/03			10:89717742	10:87957985	2764864	VCV002764864	rs2132277580
NM_000314.8(PTEN):c.768G>C (p.Glu256Asp)	PTEN	single nucleotide variant	PTEN hamartoma tumor syndrome	G: Uncertain significance	criteria provided, single submitter	missense variant	E256D, E429D, E59D	2024/04/25			10:89717743	10:87957986	3387546	VCV003387546	
NM_000314.8(PTEN):c.771C>A (p.Phe257Leu)	PTEN	single nucleotide variant	Hereditary cancer-predisposing syndrome	G: Uncertain significance	criteria provided, single submitter	missense variant	F257L, F430L, F60L	2019/04/05			10:89717746	10:87957989	492340	VCV000492340	rs1554825245
NM_000314.8(PTEN):c.781C>G (p.Gln261Glu)	PTEN	single nucleotide variant	Cowden syndrome 1	G: Uncertain significance	no assertion criteria provided	missense variant	Q261E, Q434E, Q64E				10:89717756	10:87957999	873325	VCV000873325	rs730882131
NM_000314.8(PTEN):c.783G>C (p.Gln261His)	PTEN	single nucleotide variant	PTEN hamartoma tumor syndrome	G: Uncertain significance	criteria provided, single submitter	missense variant	Q434H, Q64H, Q261H	2023/10/03			10:89717758	10:87958001	2764865	VCV002764865	rs760146269
NM_000314.8(PTEN):c.783G>T (p.Gln261His)	PTEN	single nucleotide variant	PTEN hamartoma tumor syndrome	G: Uncertain significance	criteria provided, single submitter	missense variant	Q261H, Q434H, Q64H	2019/11/08			10:89717758	10:87958001	468713	VCV000468713	rs760146269
NM_000314.8(PTEN):c.784A>G (p.Asn262Asp)	PTEN	single nucleotide variant	PTEN hamartoma tumor syndrome	G: Uncertain significance	criteria provided, single submitter	missense variant	N262D, N65D, N435D	2024/12/04			10:89717759	10:87958002	3726594	VCV003726594	
NM_000314.8(PTEN):c.785A>G (p.Asn262Ser)	PTEN	single nucleotide variant	Cowden syndrome 1	G: Uncertain significance	criteria provided, single submitter	missense variant	N262S, N435S, N65S	2022/02/10			10:89717760	10:87958003	3780502	VCV003780502	
NM_000314.8(PTEN):c.785A>C (p.Asn262Thr)	PTEN	single nucleotide variant	Hereditary cancer-predisposing syndrome	G: Uncertain significance	criteria provided, single submitter	missense variant	N262T, N65T, N435T	2019/04/05			10:89717760	10:87958003	492341	VCV000492341	rs763784377
NM_000314.8(PTEN):c.786C>A (p.Asn262Lys)	PTEN	single nucleotide variant	PTEN hamartoma tumor syndrome	G: Uncertain significance	criteria provided, single submitter	missense variant	N435K, N65K, N262K	2023/04/22			10:89717761	10:87958004	1387816	VCV001387816	rs2132277734
NM_000314.8(PTEN):c.787A>G (p.Lys263Glu)	PTEN	single nucleotide variant	PTEN hamartoma tumor syndrome	G: Uncertain significance	criteria provided, single submitter	missense variant	K436E, K66E, K263E	2025/04/02			10:89717762	10:87958005	4744146	VCV004744146	
NM_000314.8(PTEN):c.793C>G (p.Leu265Val)	PTEN	single nucleotide variant	PTEN hamartoma tumor syndrome	G: Uncertain significance	criteria provided, single submitter	missense variant	L265V, L438V, L68V	2024/05/27			10:89717768	10:87958011	1483449	VCV001483449	rs786204872
NM_000314.8(PTEN):c.794T>C (p.Leu265Pro)	PTEN	single nucleotide variant	PTEN hamartoma tumor syndrome	G: Uncertain significance	criteria provided, single submitter	missense variant	L265P, L438P, L68P	2017/04/17			10:89717769	10:87958012	468715	VCV000468715	rs1335033900
NM_000314.8(PTEN):c.797A>G (p.Lys266Arg)	PTEN	single nucleotide variant		O: Uncertain significance	criteria provided, single submitter	missense variant	K439R, K266R, K69R			2025/03/04	10:89717772	10:87958015	3257939	VCV003257939	
NM_000314.8(PTEN):c.800A>C (p.Lys267Thr)	PTEN	single nucleotide variant	PTEN hamartoma tumor syndrome	G: Uncertain significance	criteria provided, single submitter	missense variant	K440T, K70T, K267T	2021/09/21			10:89717775	10:87958018	1518655	VCV001518655	rs1554825264
NM_000314.8(PTEN):c.800A>G (p.Lys267Arg)	PTEN	single nucleotide variant	Hereditary cancer-predisposing syndrome, PTEN hamartoma tumor syndrome	G: Uncertain significance	criteria provided, multiple submitters, no conflicts	missense variant	K267R, K70R, K440R	2023/11/15			10:89717775	10:87958018	468716	VCV000468716	rs1554825264
NM_000314.8(PTEN):c.801G>C (p.Lys267Asn)	PTEN	single nucleotide variant	PTEN hamartoma tumor syndrome	G: Pathogenic	criteria provided, multiple submitters, no conflicts	missense variant	K267N, K440N, K70N	2025/09/29			10:89717776	10:87958019	1014805	VCV001014805	rs1554825266
NM_000314.8(PTEN):c.804C>G (p.Asp268Glu)	PTEN	single nucleotide variant	Hereditary cancer-predisposing syndrome	G: Uncertain significance	criteria provided, single submitter	missense variant	D71E, D441E, D268E	2022/10/04			10:89720653	10:87960896	1761790	VCV001761790	rs398123328
NM_000314.8(PTEN):c.808A>C (p.Met270Leu)	PTEN	single nucleotide variant	PTEN hamartoma tumor syndrome	G: Uncertain significance	criteria provided, single submitter	missense variant	M270L, M73L, M443L	2021/05/28			10:89720657	10:87960900	1508866	VCV001508866	rs1554825502
NM_000314.8(PTEN):c.808A>G (p.Met270Val)	PTEN	single nucleotide variant	not specified, not provided, PTEN hamartoma tumor syndrome	G: Uncertain significance	criteria provided, multiple submitters, no conflicts	missense variant	M270V, M73V, M443V	2023/05/08			10:89720657	10:87960900	449644	VCV000449644	rs1554825502
NM_000314.8(PTEN):c.809T>C (p.Met270Thr)	PTEN	single nucleotide variant	Macrocephaly-autism syndrome	G: Uncertain significance	criteria provided, single submitter	missense variant	M270T, M443T, M73T	2026/01/30			10:89720658	10:87960901	4855719	VCV004855719	
NM_000314.8(PTEN):c.809T>G (p.Met270Arg)	PTEN	single nucleotide variant	Macrocephaly-autism syndrome	G: Uncertain significance	criteria provided, single submitter	missense variant	M270R, M443R, M73R	2023/07/05			10:89720658	10:87960901	3376309	VCV003376309	
NM_000314.8(PTEN):c.809T>A (p.Met270Lys)	PTEN	single nucleotide variant	PTEN hamartoma tumor syndrome	G: Uncertain significance	criteria provided, single submitter	missense variant	M270K, M73K, M443K	2021/10/28			10:89720658	10:87960901	1431374	VCV001431374	rs2132281749
NM_000314.8(PTEN):c.810G>C (p.Met270Ile)	PTEN	single nucleotide variant	not provided	G: Uncertain significance	criteria provided, single submitter	missense variant	M270I, M443I, M73I	2023/09/06			10:89720659	10:87960902	2579956	VCV002579956	rs1195369834
NM_000314.8(PTEN):c.810G>A (p.Met270Ile)	PTEN	single nucleotide variant	Hereditary cancer-predisposing syndrome, PTEN hamartoma tumor syndrome	G: Uncertain significance	criteria provided, multiple submitters, no conflicts	missense variant	M443I, M270I, M73I	2025/11/21			10:89720659	10:87960902	1762038	VCV001762038	rs1195369834
NM_000314.8(PTEN):c.810G>T (p.Met270Ile)	PTEN	single nucleotide variant	PTEN hamartoma tumor syndrome	G: Uncertain significance	criteria provided, single submitter	missense variant	M270I, M73I, M443I	2018/07/02			10:89720659	10:87960902	584754	VCV000584754	rs1195369834
NM_000314.8(PTEN):c.811T>G (p.Phe271Val)	PTEN	single nucleotide variant	Hereditary cancer-predisposing syndrome	G: Uncertain significance	criteria provided, single submitter	missense variant	F271V, F444V, F74V	2025/03/05			10:89720660	10:87960903	3784753	VCV003784753	
NM_000314.8(PTEN):c.815A>C (p.His272Pro)	PTEN	single nucleotide variant	Hereditary cancer-predisposing syndrome	G: Likely pathogenic	criteria provided, single submitter	missense variant	H272P, H445P, H75P	2016/09/02			10:89720664	10:87960907	428223	VCV000428223	rs1114167648
NM_000314.8(PTEN):c.816C>G (p.His272Gln)	PTEN	single nucleotide variant	PTEN hamartoma tumor syndrome	G: Uncertain significance	criteria provided, single submitter	missense variant	H445Q, H75Q, H272Q	2024/04/24			10:89720665	10:87960908	2832004	VCV002832004	rs876659761
NM_000314.8(PTEN):c.817T>G (p.Phe273Val)	PTEN	single nucleotide variant	Hereditary cancer-predisposing syndrome	G: Uncertain significance	criteria provided, single submitter	missense variant	F273V, F76V, F446V	2025/02/27			10:89720666	10:87960909	3784749	VCV003784749	
NM_000314.8(PTEN):c.817_818delinsCC (p.Phe273Pro)	PTEN	Indel	not provided	G: Uncertain significance	criteria provided, single submitter	missense variant	F273P, F446P, F76P	2024/05/21			10:89720666	10:87960909	3379978	VCV003379978	
NM_000314.8(PTEN):c.817T>A (p.Phe273Ile)	PTEN	single nucleotide variant	not provided	G: Uncertain significance	criteria provided, single submitter	missense variant	F273I, F446I, F76I	2024/03/11			10:89720666	10:87960909	3370722	VCV003370722	
NM_000314.8(PTEN):c.820T>G (p.Trp274Gly)	PTEN	single nucleotide variant	PTEN hamartoma tumor syndrome	G: Uncertain significance	criteria provided, single submitter	missense variant	W77G, W274G, W447G	2023/12/30			10:89720669	10:87960912	2747932	VCV002747932	rs1589665591
NM_000314.8(PTEN):c.820T>C (p.Trp274Arg)	PTEN	single nucleotide variant	PTEN hamartoma tumor syndrome	G: Uncertain significance	criteria provided, single submitter	missense variant	W274R, W77R, W447R	2021/06/14			10:89720669	10:87960912	655461	VCV000655461	rs1589665591
NM_000314.8(PTEN):c.821G>C (p.Trp274Ser)	PTEN	single nucleotide variant	PTEN hamartoma tumor syndrome	G: Uncertain significance	criteria provided, single submitter	missense variant	W274S, W77S, W447S	2024/10/27			10:89720670	10:87960913	3707295	VCV003707295	
NM_000314.8(PTEN):c.821G>T (p.Trp274Leu)	PTEN	single nucleotide variant	not provided, PTEN hamartoma tumor syndrome	G: Pathogenic/Likely pathogenic	criteria provided, multiple submitters, no conflicts	missense variant	W274L, W77L, W447L	2023/07/13			10:89720670	10:87960913	427600	VCV000427600	rs786204875
NM_000314.8(PTEN):c.822G>T (p.Trp274Cys)	PTEN	single nucleotide variant	PTEN hamartoma tumor syndrome, Hereditary cancer-predisposing syndrome	G: Uncertain significance	criteria provided, multiple submitters, no conflicts	missense variant	W447C, W77C, W274C	2026/05/12			10:89720671	10:87960914	3706954	VCV003706954	
NM_000314.8(PTEN):c.822G>C (p.Trp274Cys)	PTEN	single nucleotide variant	Hereditary cancer-predisposing syndrome	G: Uncertain significance	criteria provided, single submitter	missense variant	W274C, W447C, W77C	2024/12/12			10:89720671	10:87960914	1762552	VCV001762552	rs587782607
NM_000314.8(PTEN):c.824T>C (p.Val275Ala)	PTEN	single nucleotide variant	not specified	G: Uncertain significance	criteria provided, single submitter	missense variant	V275A, V448A, V78A	2023/11/03			10:89720673	10:87960916	2682204	VCV002682204	rs2493774471
NM_000314.8(PTEN):c.827A>G (p.Asn276Ser)	PTEN	single nucleotide variant	Macrocephaly-autism syndrome	G: Pathogenic	criteria provided, multiple submitters, no conflicts	missense variant	N276S, N449S, N79S	2024/10/25	2025/04/04		10:89720676	10:87960919	2502345	VCV002502345	rs1860618095
NM_000314.8(PTEN):c.828T>A (p.Asn276Lys)	PTEN	single nucleotide variant	PTEN hamartoma tumor syndrome	G: Uncertain significance	criteria provided, single submitter	missense variant	N276K, N79K, N449K	2022/01/27			10:89720677	10:87960920	2090171	VCV002090171	rs1554825510
NM_000314.8(PTEN):c.829A>G (p.Thr277Ala)	PTEN	single nucleotide variant	PTEN hamartoma tumor syndrome	G: Pathogenic	criteria provided, single submitter	missense variant	T277A, T80A, T450A	2023/06/29			10:89720678	10:87960921	571869	VCV000571869	rs1564568216
NM_000314.8(PTEN):c.830C>A (p.Thr277Lys)	PTEN	single nucleotide variant	not provided, Cowden syndrome 1, PTEN hamartoma tumor syndrome	G: Uncertain significance	criteria provided, multiple submitters, no conflicts	missense variant	T277K, T450K, T80K	2026/05/14			10:89720679	10:87960922	92835	VCV000092835	rs398123329
NM_000314.8(PTEN):c.832T>C (p.Phe278Leu)	PTEN	single nucleotide variant	not provided	G: Uncertain significance	criteria provided, single submitter	missense variant	F278L, F451L, F81L	2024/05/01			10:89720681	10:87960924	3371163	VCV003371163	
NM_000314.8(PTEN):c.833T>G (p.Phe278Cys)	PTEN	single nucleotide variant	PTEN hamartoma tumor syndrome	G: Uncertain significance	criteria provided, single submitter	missense variant	F451C, F81C, F278C	2021/02/22			10:89720682	10:87960925	1375150	VCV001375150	rs2132281915
NM_000314.8(PTEN):c.834C>A (p.Phe278Leu)	PTEN	single nucleotide variant	PTEN hamartoma tumor syndrome, Hereditary cancer-predisposing syndrome	G: Uncertain significance	criteria provided, multiple submitters, no conflicts	missense variant	F278L, F451L, F81L	2021/09/18			10:89720683	10:87960926	822319	VCV000822319	rs867171992
NM_000314.8(PTEN):c.835T>C (p.Phe279Leu)	PTEN	single nucleotide variant	not specified	G: Uncertain significance	criteria provided, single submitter	missense variant	F279L, F452L, F82L	2025/03/04			10:89720684	10:87960927	2576379	VCV002576379	rs1860618789
NM_000314.8(PTEN):c.838A>C (p.Ile280Leu)	PTEN	single nucleotide variant	Hereditary cancer-predisposing syndrome, PTEN hamartoma tumor syndrome	G: Uncertain significance	criteria provided, multiple submitters, no conflicts	missense variant	I83L, I453L, I280L	2025/01/19			10:89720687	10:87960930	822361	VCV000822361	rs1474354667
NM_000314.8(PTEN):c.839T>A (p.Ile280Lys)	PTEN	single nucleotide variant	Hereditary cancer-predisposing syndrome	G: Uncertain significance	criteria provided, single submitter	missense variant	I83K, I280K, I453K	2023/12/11			10:89720688	10:87960931	2774185	VCV002774185	rs2493774659
NM_000314.8(PTEN):c.840A>G (p.Ile280Met)	PTEN	single nucleotide variant	not provided	G: Uncertain significance	criteria provided, single submitter	missense variant	I280M, I453M, I83M	2024/03/11			10:89720689	10:87960932	3370850	VCV003370850	
NM_000314.8(PTEN):c.841C>T (p.Pro281Ser)	PTEN	single nucleotide variant	PTEN hamartoma tumor syndrome	G: Uncertain significance	criteria provided, single submitter	missense variant	P281S, P454S, P84S	2018/10/23			10:89720690	10:87960933	468720	VCV000468720	rs750705904
NM_000314.8(PTEN):c.844G>C (p.Gly282Arg)	PTEN	single nucleotide variant	Hereditary cancer-predisposing syndrome	G: Uncertain significance	criteria provided, single submitter	missense variant	G85R, G455R, G282R	2023/06/14			10:89720693	10:87960936	2567282	VCV002567282	rs1554825519
NM_000314.8(PTEN):c.845G>C (p.Gly282Ala)	PTEN	single nucleotide variant	PTEN hamartoma tumor syndrome, Hereditary cancer-predisposing syndrome	G: Uncertain significance	criteria provided, multiple submitters, no conflicts	missense variant	G455A, G282A, G85A	2025/04/28			10:89720694	10:87960937	3662351	VCV003662351	
NM_000314.8(PTEN):c.845G>A (p.Gly282Glu)	PTEN	single nucleotide variant	Hereditary cancer-predisposing syndrome, PTEN hamartoma tumor syndrome	G: Uncertain significance	criteria provided, multiple submitters, no conflicts	missense variant	G85E, G282E, G455E	2025/04/28			10:89720694	10:87960937	954195	VCV000954195	rs1860619555
NM_000314.8(PTEN):c.847C>G (p.Pro283Ala)	PTEN	single nucleotide variant	Hereditary cancer-predisposing syndrome, PTEN hamartoma tumor syndrome	G: Uncertain significance	criteria provided, multiple submitters, no conflicts	missense variant	P283A, P456A, P86A	2022/08/12			10:89720696	10:87960939	629197	VCV000629197	rs876658988
NM_000314.8(PTEN):c.847C>T (p.Pro283Ser)	PTEN	single nucleotide variant	Hereditary cancer-predisposing syndrome, PTEN hamartoma tumor syndrome	G: Uncertain significance	criteria provided, multiple submitters, no conflicts	missense variant	P283S, P456S, P86S	2025/09/08			10:89720696	10:87960939	231154	VCV000231154	rs876658988
NM_000314.8(PTEN):c.848C>G (p.Pro283Arg)	PTEN	single nucleotide variant	PTEN hamartoma tumor syndrome, Hereditary cancer-predisposing syndrome, not provided	G: Uncertain significance	criteria provided, multiple submitters, no conflicts	missense variant	P283R, P456R, P86R	2023/07/05			10:89720697	10:87960940	1474758	VCV001474758	rs1860619820
NM_000314.8(PTEN):c.848C>T (p.Pro283Leu)	PTEN	single nucleotide variant	Glioma susceptibility 2, PTEN hamartoma tumor syndrome, Hereditary cancer-predisposing syndrome	G: Uncertain significance	criteria provided, multiple submitters, no conflicts	missense variant	P283L, P86L, P456L	2023/08/29			10:89720697	10:87960940	923099	VCV000923099	rs1860619820
NM_000314.8(PTEN):c.850G>C (p.Glu284Gln)	PTEN	single nucleotide variant	Hereditary cancer-predisposing syndrome	G: Uncertain significance	criteria provided, single submitter	missense variant	E457Q, E87Q, E284Q	2025/12/11			10:89720699	10:87960942	4676638	VCV004676638	
NM_000314.8(PTEN):c.852G>T (p.Glu284Asp)	PTEN	single nucleotide variant	PTEN hamartoma tumor syndrome	G: Uncertain significance	criteria provided, single submitter	missense variant	E457D, E87D, E284D	2019/07/02			10:89720701	10:87960944	947876	VCV000947876	rs1860620187
NM_000314.8(PTEN):c.853G>A (p.Glu285Lys)	PTEN	single nucleotide variant	PTEN hamartoma tumor syndrome, Hereditary cancer-predisposing syndrome	G: Uncertain significance	criteria provided, multiple submitters, no conflicts	missense variant	E285K, E458K, E88K	2025/12/09			10:89720702	10:87960945	589540	VCV000589540	rs1564568265
NM_000314.8(PTEN):c.855A>T (p.Glu285Asp)	PTEN	single nucleotide variant	Hereditary cancer-predisposing syndrome, PTEN hamartoma tumor syndrome	G: Uncertain significance	criteria provided, multiple submitters, no conflicts	missense variant	E458D, E88D, E285D	2022/04/17			10:89720704	10:87960947	1440481	VCV001440481	rs751888926
NM_000314.8(PTEN):c.856A>G (p.Thr286Ala)	PTEN	single nucleotide variant	PTEN hamartoma tumor syndrome	G: Uncertain significance	criteria provided, single submitter	missense variant	T89A, T286A, T459A	2023/07/25			10:89720705	10:87960948	2777407	VCV002777407	rs2132282104
NM_000314.8(PTEN):c.857C>A (p.Thr286Asn)	PTEN	single nucleotide variant	PTEN hamartoma tumor syndrome	G: Uncertain significance	criteria provided, single submitter	missense variant	T459N, T89N, T286N	2022/11/16			10:89720706	10:87960949	2814779	VCV002814779	rs2132282110
NM_000314.8(PTEN):c.859T>A (p.Ser287Thr)	PTEN	single nucleotide variant	Hereditary cancer-predisposing syndrome	G: Uncertain significance	criteria provided, single submitter	missense variant	S90T, S460T, S287T	2017/10/31			10:89720708	10:87960951	1763987	VCV001763987	rs1554825526
NM_000314.8(PTEN):c.859T>C (p.Ser287Pro)	PTEN	single nucleotide variant	Hereditary breast ovarian cancer syndrome, PTEN hamartoma tumor syndrome, Hereditary cancer-predisposing syndrome, not provided	G: Uncertain significance	criteria provided, multiple submitters, no conflicts	missense variant	S287P, S90P, S460P	2025/12/18			10:89720708	10:87960951	536547	VCV000536547	rs1554825526
NM_000314.8(PTEN):c.860C>T (p.Ser287Leu)	PTEN	single nucleotide variant	PTEN hamartoma tumor syndrome	G: Uncertain significance	criteria provided, single submitter	missense variant	S287L, S460L, S90L	2024/08/07			10:89720709	10:87960952	3654135	VCV003654135	
NM_000314.8(PTEN):c.862G>A (p.Glu288Lys)	PTEN	single nucleotide variant	Hereditary cancer-predisposing syndrome, Prostate cancer, VACTERL with hydrocephalus, Glioma susceptibility 2, Familial meningioma, Macrocephaly-autism syndrome, PTEN hamartoma tumor syndrome, Cowden syndrome 1	G: Uncertain significance	criteria provided, multiple submitters, no conflicts	missense variant	E288K, E461K, E91K	2025/12/24			10:89720711	10:87960954	484603	VCV000484603	rs1554825528
NM_000314.8(PTEN):c.866A>G (p.Lys289Arg)	PTEN	single nucleotide variant	Epileptic encephalopathy	G: Uncertain significance	criteria provided, single submitter	missense variant	K289R, K462R, K92R	2024/01/11			10:89720715	10:87960958	2687759	VCV002687759	rs2132282193
NM_000314.8(PTEN):c.868G>A (p.Val290Ile)	PTEN	single nucleotide variant	PTEN hamartoma tumor syndrome	G: Uncertain significance	criteria provided, single submitter	missense variant	V463I, V290I, V93I	2019/11/25			10:89720717	10:87960960	840900	VCV000840900	rs35600253
NM_000314.8(PTEN):c.869T>C (p.Val290Ala)	PTEN	single nucleotide variant	not provided, PTEN hamartoma tumor syndrome	G: Uncertain significance	criteria provided, multiple submitters, no conflicts	missense variant	V290A, V463A, V93A	2023/12/27			10:89720718	10:87960961	234815	VCV000234815	rs876661234
NM_000314.8(PTEN):c.872A>G (p.Glu291Gly)	PTEN	single nucleotide variant	PTEN hamartoma tumor syndrome	G: Uncertain significance	criteria provided, single submitter	missense variant	E291G, E94G, E464G	2019/11/11			10:89720721	10:87960964	578559	VCV000578559	rs1564568318
NM_000314.8(PTEN):c.874A>G (p.Asn292Asp)	PTEN	single nucleotide variant	Glioma susceptibility 2	G: Uncertain significance	criteria provided, single submitter	missense variant	N292D, N465D, N95D	2024/02/13			10:89720723	10:87960966	3240231	VCV003240231	rs2493775175
NM_000314.8(PTEN):c.875A>T (p.Asn292Ile)	PTEN	single nucleotide variant	PTEN hamartoma tumor syndrome	G: Uncertain significance	criteria provided, single submitter	missense variant	N465I, N95I, N292I	2023/07/07			10:89720724	10:87960967	2877017	VCV002877017	rs2132282266
NM_000314.8(PTEN):c.875A>G (p.Asn292Ser)	PTEN	single nucleotide variant	PTEN hamartoma tumor syndrome	G: Uncertain significance	criteria provided, single submitter	missense variant	N465S, N95S, N292S	2020/11/24			10:89720724	10:87960967	1425524	VCV001425524	rs2132282266
NM_000314.8(PTEN):c.878G>C (p.Gly293Ala)	PTEN	single nucleotide variant	PTEN hamartoma tumor syndrome, Hereditary cancer-predisposing syndrome	G: Uncertain significance	criteria provided, multiple submitters, no conflicts	missense variant	G96A, G293A, G466A	2023/07/20			10:89720727	10:87960970	2587206	VCV002587206	rs1860622339
NM_000314.8(PTEN):c.878G>T (p.Gly293Val)	PTEN	single nucleotide variant	PTEN hamartoma tumor syndrome	G: Uncertain significance	criteria provided, single submitter	missense variant	G96V, G293V, G466V	2019/10/23			10:89720727	10:87960970	958992	VCV000958992	rs1860622339
NM_000314.8(PTEN):c.881G>T (p.Ser294Ile)	PTEN	single nucleotide variant	Hereditary cancer-predisposing syndrome	G: Uncertain significance	criteria provided, single submitter	missense variant	S294I, S467I, S97I	2026/04/08			10:89720730	10:87960973	4862731	VCV004862731	
NM_000314.8(PTEN):c.888T>G (p.Cys296Trp)	PTEN	single nucleotide variant	Hereditary cancer-predisposing syndrome, PTEN hamartoma tumor syndrome	G: Uncertain significance	criteria provided, multiple submitters, no conflicts	missense variant	C296W, C99W, C469W	2025/06/23			10:89720737	10:87960980	822798	VCV000822798	rs1589665853
NM_000314.8(PTEN):c.889G>T (p.Asp297Tyr)	PTEN	single nucleotide variant	Hereditary cancer-predisposing syndrome, not provided, PTEN hamartoma tumor syndrome	G: Uncertain significance	criteria provided, multiple submitters, no conflicts	missense variant	D297Y, D470Y, D100Y	2025/10/29			10:89720738	10:87960981	418439	VCV000418439	rs370064195
NM_000314.8(PTEN):c.889G>C (p.Asp297His)	PTEN	single nucleotide variant	Hereditary cancer-predisposing syndrome, PTEN hamartoma tumor syndrome	G: Uncertain significance	criteria provided, multiple submitters, no conflicts	missense variant	D297H, D100H, D470H	2024/05/27			10:89720738	10:87960981	404172	VCV000404172	rs370064195
NM_000314.8(PTEN):c.890A>G (p.Asp297Gly)	PTEN	single nucleotide variant	PTEN hamartoma tumor syndrome	G: Uncertain significance	criteria provided, single submitter	missense variant	D100G, D297G, D470G	2020/06/28			10:89720739	10:87960982	1052858	VCV001052858	rs2132282426
NM_000314.8(PTEN):c.891T>G (p.Asp297Glu)	PTEN	single nucleotide variant	Hereditary cancer-predisposing syndrome	G: Uncertain significance	criteria provided, single submitter	missense variant	D100E, D470E, D297E	2025/11/19			10:89720740	10:87960983	4677026	VCV004677026	
NM_000314.8(PTEN):c.892C>A (p.Gln298Lys)	PTEN	single nucleotide variant	PTEN hamartoma tumor syndrome, Hereditary cancer-predisposing syndrome	G: Uncertain significance	criteria provided, multiple submitters, no conflicts	missense variant	Q298K, Q101K, Q471K	2022/05/21			10:89720741	10:87960984	570880	VCV000570880	rs371387815
NM_000314.8(PTEN):c.893A>C (p.Gln298Pro)	PTEN	single nucleotide variant	PTEN hamartoma tumor syndrome	G: Uncertain significance	criteria provided, single submitter	missense variant	Q101P, Q471P, Q298P	2022/03/01			10:89720742	10:87960985	2105292	VCV002105292	rs2493775468
NM_000314.8(PTEN):c.895G>A (p.Glu299Lys)	PTEN	single nucleotide variant	PTEN hamartoma tumor syndrome	G: Uncertain significance	criteria provided, single submitter	missense variant	E102K, E299K, E472K	2023/11/08			10:89720744	10:87960987	2788987	VCV002788987	rs1114167674
NM_000314.8(PTEN):c.896A>G (p.Glu299Gly)	PTEN	single nucleotide variant	Hereditary cancer-predisposing syndrome, not provided, PTEN hamartoma tumor syndrome	G: Uncertain significance	criteria provided, multiple submitters, no conflicts	missense variant	E299G, E102G, E472G	2024/10/15			10:89720745	10:87960988	484624	VCV000484624	rs1554825550
NM_000314.8(PTEN):c.898A>G (p.Ile300Val)	PTEN	single nucleotide variant	Hereditary cancer-predisposing syndrome	G: Uncertain significance	criteria provided, single submitter	missense variant	I103V, I300V, I473V	2021/07/27			10:89720747	10:87960990	1692373	VCV001692373	rs2132282509
NM_000314.8(PTEN):c.901G>T (p.Asp301Tyr)	PTEN	single nucleotide variant	Hereditary cancer-predisposing syndrome, not provided	G: Uncertain significance	criteria provided, multiple submitters, no conflicts	missense variant	D104Y, D301Y, D474Y	2025/05/13			10:89720750	10:87960993	872239	VCV000872239	rs758644748
NM_000314.8(PTEN):c.906C>G (p.Ser302Arg)	PTEN	single nucleotide variant	not provided, Hereditary cancer-predisposing syndrome, PTEN hamartoma tumor syndrome, Glioma susceptibility 2	G: Uncertain significance	criteria provided, multiple submitters, no conflicts	missense variant	S302R, S105R, S475R	2025/04/02			10:89720755	10:87960998	234182	VCV000234182	rs876660906
NM_000314.8(PTEN):c.907A>G (p.Ile303Val)	PTEN	single nucleotide variant	Hereditary cancer-predisposing syndrome, PTEN hamartoma tumor syndrome	G: Uncertain significance	criteria provided, multiple submitters, no conflicts	missense variant	I303V, I476V, I106V	2022/10/01			10:89720756	10:87960999	428242	VCV000428242	rs1114167660
NM_000314.8(PTEN):c.911G>T (p.Cys304Phe)	PTEN	single nucleotide variant	Hereditary cancer-predisposing syndrome, PTEN hamartoma tumor syndrome	G: Uncertain significance	criteria provided, multiple submitters, no conflicts	missense variant	C107F, C477F, C304F	2024/08/06			10:89720760	10:87961003	1765878	VCV001765878	rs2132282627
NM_000314.8(PTEN):c.914G>C (p.Ser305Thr)	PTEN	single nucleotide variant	PTEN hamartoma tumor syndrome	G: Uncertain significance	criteria provided, single submitter	missense variant	S478T, S305T, S108T	2025/02/12			10:89720763	10:87961006	4744165	VCV004744165	
NM_000314.8(PTEN):c.914G>T (p.Ser305Ile)	PTEN	single nucleotide variant	not provided, PTEN hamartoma tumor syndrome	G: Uncertain significance	criteria provided, multiple submitters, no conflicts	missense variant	S305I, S478I, S108I	2023/06/30			10:89720763	10:87961006	619910	VCV000619910	rs587780007
NM_000314.8(PTEN):c.914G>A (p.Ser305Asn)	PTEN	single nucleotide variant	PTEN hamartoma tumor syndrome	G: Uncertain significance	reviewed by expert panel	missense variant	S305N, S108N, S478N	2026/02/18			10:89720763	10:87961006	127696	VCV000127696	rs587780007
NM_000314.8(PTEN):c.915T>G (p.Ser305Arg)	PTEN	single nucleotide variant	Hereditary cancer-predisposing syndrome, PTEN hamartoma tumor syndrome	G: Uncertain significance	criteria provided, multiple submitters, no conflicts	missense variant	S305R, S108R, S478R	2022/06/29			10:89720764	10:87961007	230040	VCV000230040	rs876658345
NM_000314.8(PTEN):c.916A>G (p.Ile306Val)	PTEN	single nucleotide variant	Hereditary cancer-predisposing syndrome, not provided, PTEN hamartoma tumor syndrome	G: Uncertain significance	criteria provided, multiple submitters, no conflicts	missense variant	I306V, I479V, I109V	2025/06/14			10:89720765	10:87961008	187604	VCV000187604	rs786203858
NM_000314.8(PTEN):c.917T>C (p.Ile306Thr)	PTEN	single nucleotide variant	PTEN hamartoma tumor syndrome, Hereditary cancer-predisposing syndrome	G: Uncertain significance	criteria provided, multiple submitters, no conflicts	missense variant	I306T, I479T, I109T	2025/09/16			10:89720766	10:87961009	1356075	VCV001356075	rs2132282700
NM_000314.8(PTEN):c.918A>G (p.Ile306Met)	PTEN	single nucleotide variant	PTEN hamartoma tumor syndrome, Hereditary cancer-predisposing syndrome	G: Uncertain significance	criteria provided, multiple submitters, no conflicts	missense variant	I306M, I479M, I109M	2025/07/22			10:89720767	10:87961010	2912092	VCV002912092	rs1860626113
NM_000314.8(PTEN):c.920A>G (p.Glu307Gly)	PTEN	single nucleotide variant	Hereditary breast ovarian cancer syndrome, PTEN hamartoma tumor syndrome, Hereditary cancer-predisposing syndrome	G: Uncertain significance	criteria provided, multiple submitters, no conflicts	missense variant	E307G, E110G, E480G	2025/10/27			10:89720769	10:87961012	484626	VCV000484626	rs1197734477
NM_000314.8(PTEN):c.921G>C (p.Glu307Asp)	PTEN	single nucleotide variant	PTEN hamartoma tumor syndrome	G: Uncertain significance	criteria provided, single submitter	missense variant	E307D, E110D, E480D	2023/08/20			10:89720770	10:87961013	2754132	VCV002754132	rs1860626419
NM_000314.8(PTEN):c.923G>T (p.Arg308Leu)	PTEN	single nucleotide variant	PTEN hamartoma tumor syndrome	G: Uncertain significance	criteria provided, multiple submitters, no conflicts	missense variant	R111L, R308L, R481L	2023/06/08			10:89720772	10:87961015	2104965	VCV002104965	rs786201507
NM_000314.8(PTEN):c.928G>A (p.Asp310Asn)	PTEN	single nucleotide variant	PTEN hamartoma tumor syndrome, Hereditary cancer-predisposing syndrome, not provided	G: Uncertain significance	criteria provided, multiple submitters, no conflicts	missense variant	D113N, D310N, D483N	2024/07/22			10:89720777	10:87961020	1766444	VCV001766444	rs2132282787
NM_000314.8(PTEN):c.929A>T (p.Asp310Val)	PTEN	single nucleotide variant	PTEN hamartoma tumor syndrome	G: Uncertain significance	criteria provided, single submitter	missense variant	D310V, D483V, D113V	2024/08/31			10:89720778	10:87961021	3661951	VCV003661951	
NM_000314.8(PTEN):c.930T>A (p.Asp310Glu)	PTEN	single nucleotide variant	Hereditary cancer-predisposing syndrome	G: Uncertain significance	criteria provided, single submitter	missense variant	D113E, D310E, D483E	2024/11/25			10:89720779	10:87961022	3893824	VCV003893824	
NM_000314.8(PTEN):c.932A>T (p.Asn311Ile)	PTEN	single nucleotide variant	Hereditary cancer-predisposing syndrome, PTEN hamartoma tumor syndrome	G: Uncertain significance	criteria provided, multiple submitters, no conflicts	missense variant	N114I, N311I, N484I	2025/07/14			10:89720781	10:87961024	2896208	VCV002896208	rs2493776032
NM_000314.8(PTEN):c.933T>G (p.Asn311Lys)	PTEN	single nucleotide variant	PTEN hamartoma tumor syndrome	G: Uncertain significance	criteria provided, single submitter	missense variant	N484K, N114K, N311K	2025/10/22			10:89720782	10:87961025	4705705	VCV004705705	
NM_000314.8(PTEN):c.934G>A (p.Asp312Asn)	PTEN	single nucleotide variant	Hereditary cancer-predisposing syndrome, PTEN hamartoma tumor syndrome	G: Uncertain significance	criteria provided, multiple submitters, no conflicts	missense variant	D312N, D115N, D485N	2026/04/14			10:89720783	10:87961026	237656	VCV000237656	rs878853946
NM_000314.8(PTEN):c.935A>C (p.Asp312Ala)	PTEN	single nucleotide variant	PTEN hamartoma tumor syndrome, Hereditary cancer-predisposing syndrome	G: Uncertain significance	criteria provided, multiple submitters, no conflicts	missense variant	D115A, D312A, D485A	2026/04/16			10:89720784	10:87961027	3231173	VCV003231173	rs863224667
NM_000314.8(PTEN):c.935A>T (p.Asp312Val)	PTEN	single nucleotide variant	Hereditary cancer-predisposing syndrome	G: Uncertain significance	criteria provided, single submitter	missense variant	D115V, D312V, D485V	2026/04/16			10:89720784	10:87961027	2452979	VCV002452979	rs863224667
NM_000314.8(PTEN):c.937A>C (p.Lys313Gln)	PTEN	single nucleotide variant	Hereditary cancer-predisposing syndrome, PTEN hamartoma tumor syndrome	G: Uncertain significance	criteria provided, multiple submitters, no conflicts	missense variant	K116Q, K313Q, K486Q	2026/02/10			10:89720786	10:87961029	639572	VCV000639572	rs1589666011
NM_000314.8(PTEN):c.938A>C (p.Lys313Thr)	PTEN	single nucleotide variant	PTEN hamartoma tumor syndrome	G: Uncertain significance	criteria provided, single submitter	missense variant	K313T, K116T, K486T	2024/04/10			10:89720787	10:87961030	3649417	VCV003649417	
NM_000314.8(PTEN):c.941A>T (p.Glu314Val)	PTEN	single nucleotide variant	PTEN hamartoma tumor syndrome	G: Uncertain significance	criteria provided, single submitter	missense variant	E117V, E314V, E487V	2019/05/21			10:89720790	10:87961033	936326	VCV000936326	rs1171478249
NM_000314.8(PTEN):c.943T>G (p.Tyr315Asp)	PTEN	single nucleotide variant	Hereditary cancer-predisposing syndrome	G: Uncertain significance	criteria provided, single submitter	missense variant	Y488D, Y315D, Y118D	2022/08/05			10:89720792	10:87961035	1766972	VCV001766972	rs2132282978
NM_000314.8(PTEN):c.944A>T (p.Tyr315Phe)	PTEN	single nucleotide variant	PTEN hamartoma tumor syndrome, Hereditary cancer-predisposing syndrome	G: Uncertain significance	criteria provided, multiple submitters, no conflicts	missense variant	Y118F, Y488F, Y315F	2025/02/26			10:89720793	10:87961036	1766981	VCV001766981	rs2132282991
NM_000314.8(PTEN):c.946C>G (p.Leu316Val)	PTEN	single nucleotide variant	Hereditary cancer-predisposing syndrome	G: Uncertain significance	criteria provided, single submitter	missense variant	L489V, L316V, L119V	2021/11/22			10:89720795	10:87961038	1767056	VCV001767056	rs1554825577
NM_000314.8(PTEN):c.946C>A (p.Leu316Ile)	PTEN	single nucleotide variant	Cowden syndrome 1, PTEN hamartoma tumor syndrome	G: Uncertain significance	criteria provided, multiple submitters, no conflicts	missense variant	L316I, L489I, L119I	2025/01/23			10:89720795	10:87961038	468723	VCV000468723	rs1554825577
NM_000314.8(PTEN):c.949G>T (p.Val317Leu)	PTEN	single nucleotide variant	PTEN hamartoma tumor syndrome, Hereditary cancer-predisposing syndrome	G: Uncertain significance	criteria provided, multiple submitters, no conflicts	missense variant	V317L, V120L, V490L	2025/04/11			10:89720798	10:87961041	2587212	VCV002587212	rs876658630
NM_000314.8(PTEN):c.949G>C (p.Val317Leu)	PTEN	single nucleotide variant	PTEN hamartoma tumor syndrome	G: Uncertain significance	criteria provided, single submitter	missense variant	V490L, V120L, V317L	2022/03/07			10:89720798	10:87961041	2103446	VCV002103446	rs876658630
NM_000314.8(PTEN):c.949G>A (p.Val317Ile)	PTEN	single nucleotide variant	Breast and/or ovarian cancer, Hereditary cancer-predisposing syndrome, Familial prostate cancer, PTEN hamartoma tumor syndrome	G: Uncertain significance	criteria provided, multiple submitters, no conflicts	missense variant	V317I, V490I, V120I	2026/01/16			10:89720798	10:87961041	230554	VCV000230554	rs876658630
NM_000314.8(PTEN):c.953T>G (p.Leu318Arg)	PTEN	single nucleotide variant	Glioma susceptibility 2, Cowden syndrome 1, Familial meningioma, Familial prostate cancer, Macrocephaly-autism syndrome, PTEN hamartoma tumor syndrome	G: Uncertain significance	criteria provided, multiple submitters, no conflicts	missense variant	L121R, L318R, L491R	2024/06/22			10:89720802	10:87961045	3075549	VCV003075549	rs2132283096
NM_000314.8(PTEN):c.953T>C (p.Leu318Pro)	PTEN	single nucleotide variant	PTEN hamartoma tumor syndrome, not provided	G: Uncertain significance	criteria provided, multiple submitters, no conflicts	missense variant	L121P, L491P, L318P	2025/05/14			10:89720802	10:87961045	2746803	VCV002746803	rs2132283096
NM_000314.8(PTEN):c.956C>G (p.Thr319Ser)	PTEN	single nucleotide variant	PTEN hamartoma tumor syndrome	G: Uncertain significance	criteria provided, single submitter	missense variant	T122S, T319S, T492S	2025/07/16			10:89720805	10:87961048	4809651	VCV004809651	
NM_000314.8(PTEN):c.958T>G (p.Leu320Val)	PTEN	single nucleotide variant	Hereditary cancer-predisposing syndrome	G: Uncertain significance	criteria provided, single submitter	missense variant	L320V, L493V, L123V	2024/10/30			10:89720807	10:87961050	3427443	VCV003427443	
NM_000314.8(PTEN):c.962C>T (p.Thr321Ile)	PTEN	single nucleotide variant	Hereditary cancer-predisposing syndrome	G: Uncertain significance	criteria provided, single submitter	missense variant	T494I, T321I, T124I	2020/03/20			10:89720811	10:87961054	1767610	VCV001767610	rs2132283195
NM_000314.8(PTEN):c.964A>G (p.Lys322Glu)	PTEN	single nucleotide variant	not provided	G: Uncertain significance	criteria provided, multiple submitters, no conflicts	missense variant	K125E, K322E, K495E	2025/10/31			10:89720813	10:87961056	2504932	VCV002504932	rs786202004
NM_000314.8(PTEN):c.965A>G (p.Lys322Arg)	PTEN	single nucleotide variant	Hereditary cancer-predisposing syndrome	G: Uncertain significance	criteria provided, single submitter	missense variant	K495R, K125R, K322R	2022/08/12			10:89720814	10:87961057	1767686	VCV001767686	rs2493776529
NM_000314.8(PTEN):c.967A>G (p.Asn323Asp)	PTEN	single nucleotide variant	Hereditary cancer-predisposing syndrome	G: Uncertain significance	criteria provided, single submitter	missense variant	N126D, N323D, N496D	2026/06/01			10:89720816	10:87961059	4862741	VCV004862741	
NM_000314.8(PTEN):c.967A>C (p.Asn323His)	PTEN	single nucleotide variant	Hereditary cancer-predisposing syndrome	G: Uncertain significance	criteria provided, single submitter	missense variant	N496H, N126H, N323H	2019/07/22			10:89720816	10:87961059	823396	VCV000823396	rs1589666149
NM_000314.8(PTEN):c.968A>C (p.Asn323Thr)	PTEN	single nucleotide variant	PTEN hamartoma tumor syndrome	G: Uncertain significance	criteria provided, single submitter	missense variant	N126T, N496T, N323T	2018/11/10			10:89720817	10:87961060	644448	VCV000644448	rs1589666155
NM_000314.8(PTEN):c.969T>A (p.Asn323Lys)	PTEN	single nucleotide variant	Hereditary cancer-predisposing syndrome	G: Uncertain significance	criteria provided, single submitter	missense variant	N496K, N126K, N323K	2020/09/23			10:89720818	10:87961061	1767858	VCV001767858	rs2493776559
NM_000314.8(PTEN):c.971A>G (p.Asp324Gly)	PTEN	single nucleotide variant	PTEN hamartoma tumor syndrome, Hereditary cancer-predisposing syndrome	G: Uncertain significance	criteria provided, multiple submitters, no conflicts	missense variant	D324G, D127G, D497G	2024/05/07			10:89720820	10:87961063	823437	VCV000823437	rs1589666167
NM_000314.8(PTEN):c.972T>A (p.Asp324Glu)	PTEN	single nucleotide variant	not provided, PTEN hamartoma tumor syndrome, Hereditary cancer-predisposing syndrome	G: Uncertain significance	criteria provided, multiple submitters, no conflicts	missense variant	D127E, D324E, D497E	2024/08/12			10:89720821	10:87961064	834923	VCV000834923	rs1860630615
NM_000314.8(PTEN):c.973C>T (p.Leu325Phe)	PTEN	single nucleotide variant	Macrocephaly-autism syndrome	G: Uncertain significance	criteria provided, single submitter	missense variant	L128F, L325F, L498F	2025/08/21			10:89720822	10:87961065	4279992	VCV004279992	
NM_000314.8(PTEN):c.973C>A (p.Leu325Ile)	PTEN	single nucleotide variant	Hereditary cancer-predisposing syndrome	G: Uncertain significance	criteria provided, single submitter	missense variant	L498I, L128I, L325I	2021/10/22			10:89720822	10:87961065	1768042	VCV001768042	rs2132283278
NM_000314.8(PTEN):c.976G>C (p.Asp326His)	PTEN	single nucleotide variant	Hereditary cancer-predisposing syndrome	G: Likely pathogenic	criteria provided, single submitter	missense variant	D326H, D499H, D129H	2026/01/28			10:89720825	10:87961068	4825154	VCV004825154	
NM_000314.8(PTEN):c.976G>A (p.Asp326Asn)	PTEN	single nucleotide variant	PTEN hamartoma tumor syndrome, not provided	G: Pathogenic	criteria provided, multiple submitters, no conflicts	missense variant	D129N, D326N, D499N	2023/07/19		2025/03/04	10:89720825	10:87961068	2498032	VCV002498032	rs2132283300
NM_000314.8(PTEN):c.977A>G (p.Asp326Gly)	PTEN	single nucleotide variant	PTEN hamartoma tumor syndrome, Hereditary cancer-predisposing syndrome	G: Likely pathogenic	criteria provided, multiple submitters, no conflicts	missense variant	D326G, D129G, D499G	2026/01/27			10:89720826	10:87961069	857109	VCV000857109	rs1860631246
NM_000314.8(PTEN):c.978C>G (p.Asp326Glu)	PTEN	single nucleotide variant	PTEN hamartoma tumor syndrome	G: Uncertain significance	criteria provided, multiple submitters, no conflicts	missense variant	D129E, D326E, D499E	2024/08/06			10:89720827	10:87961070	1056002	VCV001056002	rs1860631336
NM_000314.8(PTEN):c.978C>A (p.Asp326Glu)	PTEN	single nucleotide variant	PTEN hamartoma tumor syndrome	G: Uncertain significance	criteria provided, single submitter	missense variant	D129E, D326E, D499E	2020/01/29			10:89720827	10:87961070	1000404	VCV001000404	rs1860631336
NM_000314.8(PTEN):c.986A>G (p.Asn329Ser)	PTEN	single nucleotide variant	PTEN hamartoma tumor syndrome	G: Uncertain significance	criteria provided, single submitter	missense variant	N132S, N502S, N329S	2019/04/19			10:89720835	10:87961078	944439	VCV000944439	rs1860631722
NM_000314.8(PTEN):c.989A>C (p.Lys330Thr)	PTEN	single nucleotide variant	PTEN hamartoma tumor syndrome	G: Uncertain significance	criteria provided, single submitter	missense variant	K503T, K133T, K330T	2024/11/07			10:89720838	10:87961081	3721391	VCV003721391	
NM_000314.8(PTEN):c.989A>G (p.Lys330Arg)	PTEN	single nucleotide variant	Hereditary cancer-predisposing syndrome	G: Uncertain significance	criteria provided, single submitter	missense variant	K330R, K503R, K133R	2021/06/04			10:89720838	10:87961081	1768513	VCV001768513	rs2132283430
NM_000314.8(PTEN):c.998C>A (p.Ala333Asp)	PTEN	single nucleotide variant	PTEN hamartoma tumor syndrome, Hereditary cancer-predisposing syndrome	G: Uncertain significance	criteria provided, multiple submitters, no conflicts	missense variant	A506D, A136D, A333D	2025/05/29			10:89720847	10:87961090	823591	VCV000823591	rs1554825616
NM_000314.8(PTEN):c.998C>T (p.Ala333Val)	PTEN	single nucleotide variant	Hereditary cancer-predisposing syndrome	G: Uncertain significance	criteria provided, single submitter	missense variant	A333V, A136V, A506V	2016/02/26			10:89720847	10:87961090	484606	VCV000484606	rs1554825616
NM_000314.8(PTEN):c.1001A>C (p.Asn334Thr)	PTEN	single nucleotide variant	PTEN hamartoma tumor syndrome	G: Uncertain significance	criteria provided, single submitter	missense variant	N334T, N507T, N137T	2024/08/27			10:89720850	10:87961093	3663539	VCV003663539	
NM_000314.8(PTEN):c.1001A>T (p.Asn334Ile)	PTEN	single nucleotide variant	PTEN hamartoma tumor syndrome	G: Uncertain significance	criteria provided, single submitter	missense variant	N334I, N507I, N137I	2022/07/09			10:89720850	10:87961093	2001625	VCV002001625	rs1206321984
NM_000314.8(PTEN):c.1002C>G (p.Asn334Lys)	PTEN	single nucleotide variant	PTEN hamartoma tumor syndrome, Hereditary cancer-predisposing syndrome	G: Uncertain significance	criteria provided, multiple submitters, no conflicts	missense variant	N334K, N507K, N137K	2023/12/04			10:89720851	10:87961094	492310	VCV000492310	rs1554825620
NM_000314.8(PTEN):c.1004G>C (p.Arg335Pro)	PTEN	single nucleotide variant	PTEN hamartoma tumor syndrome	G: Uncertain significance	criteria provided, single submitter	missense variant	R508P, R138P, R335P	2024/03/25			10:89720853	10:87961096	3647581	VCV003647581	
NM_000314.8(PTEN):c.1004G>T (p.Arg335Leu)	PTEN	single nucleotide variant	Cowden syndrome 1	G: Uncertain significance	no assertion criteria provided	missense variant	R335L, R138L, R508L	2017/02/02			10:89720853	10:87961096	548724	VCV000548724	rs1085308040
NM_000314.8(PTEN):c.1006T>C (p.Tyr336His)	PTEN	single nucleotide variant	PTEN hamartoma tumor syndrome, not provided	G: Uncertain significance	criteria provided, multiple submitters, no conflicts	missense variant	Y139H, Y509H, Y336H	2024/06/26			10:89720855	10:87961098	836781	VCV000836781	rs1860633558
NM_000314.8(PTEN):c.1007A>G (p.Tyr336Cys)	PTEN	single nucleotide variant	PTEN hamartoma tumor syndrome	G: Uncertain significance	criteria provided, single submitter	missense variant	Y139C, Y336C, Y509C	2022/03/12			10:89720856	10:87961099	2109916	VCV002109916	rs1860633716
NM_000314.8(PTEN):c.1010T>A (p.Phe337Tyr)	PTEN	single nucleotide variant	Hereditary cancer-predisposing syndrome	G: Uncertain significance	criteria provided, multiple submitters, no conflicts	missense variant	F337Y, F140Y, F510Y	2025/06/05			10:89720859	10:87961102	484613	VCV000484613	rs1554825641
NM_000314.8(PTEN):c.1011T>A (p.Phe337Leu)	PTEN	single nucleotide variant	PTEN hamartoma tumor syndrome	G: Uncertain significance	criteria provided, single submitter	missense variant	F140L, F337L, F510L	2025/12/26			10:89720860	10:87961103	4742968	VCV004742968	
NM_000314.8(PTEN):c.1012T>A (p.Ser338Thr)	PTEN	single nucleotide variant	PTEN hamartoma tumor syndrome	G: Uncertain significance	criteria provided, single submitter	missense variant	S338T, S141T, S511T	2021/11/05			10:89720861	10:87961104	1439337	VCV001439337	rs2132283644
NM_000314.8(PTEN):c.1013C>A (p.Ser338Tyr)	PTEN	single nucleotide variant	PTEN hamartoma tumor syndrome	G: Uncertain significance	criteria provided, single submitter	missense variant	S141Y, S338Y, S511Y	2023/02/04			10:89720862	10:87961105	2834356	VCV002834356	rs2132283655
NM_000314.8(PTEN):c.1013C>G (p.Ser338Cys)	PTEN	single nucleotide variant	Hereditary cancer-predisposing syndrome, PTEN hamartoma tumor syndrome	G: Uncertain significance	criteria provided, multiple submitters, no conflicts	missense variant	S141C, S511C, S338C	2023/09/05			10:89720862	10:87961105	1736322	VCV001736322	rs2132283655
NM_000314.8(PTEN):c.1015C>G (p.Pro339Ala)	PTEN	single nucleotide variant	PTEN hamartoma tumor syndrome	G: Uncertain significance	criteria provided, single submitter	missense variant	P142A, P339A, P512A	2023/11/30			10:89720864	10:87961107	3073991	VCV003073991	rs1860634292
NM_000314.8(PTEN):c.1015C>T (p.Pro339Ser)	PTEN	single nucleotide variant	Hereditary cancer-predisposing syndrome, PTEN hamartoma tumor syndrome	G: Uncertain significance	criteria provided, multiple submitters, no conflicts	missense variant	P339S, P512S, P142S	2025/08/25			10:89720864	10:87961107	961193	VCV000961193	rs1860634292
NM_000314.8(PTEN):c.1016C>A (p.Pro339Gln)	PTEN	single nucleotide variant	PTEN hamartoma tumor syndrome	G: Uncertain significance	criteria provided, single submitter	missense variant	P339Q, P512Q, P142Q	2018/07/02			10:89720865	10:87961108	584755	VCV000584755	rs1564568679
NM_000314.8(PTEN):c.1018A>T (p.Asn340Tyr)	PTEN	single nucleotide variant	PTEN hamartoma tumor syndrome	G: Uncertain significance	criteria provided, single submitter	missense variant	N340Y, N513Y, N143Y	2026/01/02			10:89720867	10:87961110	4744176	VCV004744176	
NM_000314.8(PTEN):c.1018A>G (p.Asn340Asp)	PTEN	single nucleotide variant	Hereditary cancer-predisposing syndrome, not provided, PTEN hamartoma tumor syndrome	G: Uncertain significance	criteria provided, multiple submitters, no conflicts	missense variant	N340D, N143D, N513D	2024/12/04			10:89720867	10:87961110	185586	VCV000185586	rs759852661
NM_000314.8(PTEN):c.1019A>G (p.Asn340Ser)	PTEN	single nucleotide variant	Hereditary cancer-predisposing syndrome	G: Uncertain significance	criteria provided, single submitter	missense variant	N513S, N143S, N340S	2020/01/25			10:89720868	10:87961111	1752598	VCV001752598	rs2493777230
NM_000314.8(PTEN):c.1020T>A (p.Asn340Lys)	PTEN	single nucleotide variant	Hereditary cancer-predisposing syndrome, PTEN hamartoma tumor syndrome	G: Uncertain significance	criteria provided, multiple submitters, no conflicts	missense variant	N340K, N143K, N513K	2024/05/22			10:89720869	10:87961112	536555	VCV000536555	rs1554825649
NM_000314.8(PTEN):c.1021T>A (p.Phe341Ile)	PTEN	single nucleotide variant	PTEN hamartoma tumor syndrome	G: Uncertain significance	criteria provided, single submitter	missense variant	F144I, F341I, F514I	2022/02/25			10:89720870	10:87961113	1013941	VCV001013941	rs1554825652
NM_000314.8(PTEN):c.1022T>G (p.Phe341Cys)	PTEN	single nucleotide variant	PTEN hamartoma tumor syndrome	G: Uncertain significance	criteria provided, single submitter	missense variant	F341C, F144C, F514C	2019/12/04			10:89720871	10:87961114	847564	VCV000847564	rs1860635056
NM_000314.8(PTEN):c.1025A>C (p.Lys342Thr)	PTEN	single nucleotide variant	Hereditary cancer-predisposing syndrome, not provided	G: Uncertain significance	criteria provided, multiple submitters, no conflicts	missense variant	K342T, K515T, K145T	2020/10/21			10:89720874	10:87961117	419745	VCV000419745	rs1064794080
NM_000314.8(PTEN):c.1027G>A (p.Val343Met)	PTEN	single nucleotide variant	Hereditary cancer-predisposing syndrome, PTEN hamartoma tumor syndrome	G: Uncertain significance	criteria provided, multiple submitters, no conflicts	missense variant	V343M, V146M, V516M	2022/12/23			10:89725044	10:87965287	404161	VCV000404161	rs1060500120
NM_000314.8(PTEN):c.1028T>G (p.Val343Gly)	PTEN	single nucleotide variant	Hereditary cancer-predisposing syndrome	G: Uncertain significance	criteria provided, single submitter	missense variant	V343G, V146G, V516G	2018/11/16			10:89725045	10:87965288	630756	VCV000630756	rs1564570264
NM_000314.8(PTEN):c.1031A>G (p.Lys344Arg)	PTEN	single nucleotide variant	Hereditary cancer-predisposing syndrome	G: Uncertain significance	criteria provided, single submitter	missense variant	K147R, K344R, K517R	2019/09/19			10:89725048	10:87965291	923007	VCV000923007	rs1860732053
NM_000314.8(PTEN):c.1034T>A (p.Leu345Gln)	PTEN	single nucleotide variant	PTEN hamartoma tumor syndrome	G: Uncertain significance	criteria provided, single submitter	missense variant	L518Q, L148Q, L345Q	2023/12/22			10:89725051	10:87965294	2745184	VCV002745184	rs1554826024
NM_000314.8(PTEN):c.1036T>G (p.Tyr346Asp)	PTEN	single nucleotide variant	Hereditary cancer-predisposing syndrome	G: Uncertain significance	criteria provided, single submitter	missense variant	Y346D, Y149D, Y519D	2019/06/07			10:89725053	10:87965296	822057	VCV000822057	rs1589669128
NM_000314.8(PTEN):c.1037A>T (p.Tyr346Phe)	PTEN	single nucleotide variant	Hereditary cancer-predisposing syndrome	G: Uncertain significance	criteria provided, single submitter	missense variant	Y346F, Y149F, Y519F	2025/06/17			10:89725054	10:87965297	4146999	VCV004146999	
NM_000314.8(PTEN):c.1037A>G (p.Tyr346Cys)	PTEN	single nucleotide variant	Hereditary cancer-predisposing syndrome, PTEN hamartoma tumor syndrome	G: Uncertain significance	criteria provided, multiple submitters, no conflicts	missense variant	Y346C, Y149C, Y519C	2021/02/25			10:89725054	10:87965297	480380	VCV000480380	rs1554826026
NM_000314.8(PTEN):c.1040T>C (p.Phe347Ser)	PTEN	single nucleotide variant	Hereditary cancer-predisposing syndrome	G: Uncertain significance	criteria provided, single submitter	missense variant	F150S, F347S, F520S	2026/05/26		2025/12/29	10:89725057	10:87965300	4539675	VCV004539675	
NM_000314.8(PTEN):c.1042A>C (p.Thr348Pro)	PTEN	single nucleotide variant	Cowden syndrome 1, PTEN hamartoma tumor syndrome, not provided, Hereditary cancer-predisposing syndrome	G: Uncertain significance	criteria provided, multiple submitters, no conflicts	missense variant	T151P, T348P, T521P	2025/06/12			10:89725059	10:87965302	2860672	VCV002860672	rs2132289257
NM_000314.8(PTEN):c.1043C>T (p.Thr348Ile)	PTEN	single nucleotide variant	Macrocephaly-autism syndrome	G: Uncertain significance	criteria provided, single submitter	missense variant	T151I, T348I, T521I	2025/01/02			10:89725060	10:87965303	3393458	VCV003393458	
NM_000314.8(PTEN):c.1043C>G (p.Thr348Arg)	PTEN	single nucleotide variant	Hereditary cancer-predisposing syndrome	G: Uncertain significance	criteria provided, single submitter	missense variant	T348R, T151R, T521R	2021/02/11			10:89725060	10:87965303	1774712	VCV001774712	rs2493785682
NM_000314.8(PTEN):c.1045A>G (p.Lys349Glu)	PTEN	single nucleotide variant	Hereditary cancer-predisposing syndrome	G: Uncertain significance	criteria provided, single submitter	missense variant	K522E, K152E, K349E	2025/09/20			10:89725062	10:87965305	4676788	VCV004676788	
NM_000314.8(PTEN):c.1045A>C (p.Lys349Gln)	PTEN	single nucleotide variant	Hereditary cancer-predisposing syndrome	G: Uncertain significance	criteria provided, single submitter	missense variant	K522Q, K152Q, K349Q	2024/11/25			10:89725062	10:87965305	3427451	VCV003427451	
NM_000314.8(PTEN):c.1048A>G (p.Thr350Ala)	PTEN	single nucleotide variant	Hereditary cancer-predisposing syndrome	G: Uncertain significance	criteria provided, single submitter	missense variant	T523A, T153A, T350A	2023/01/27			10:89725065	10:87965308	2452977	VCV002452977	rs2132289291
NM_000314.8(PTEN):c.1048A>C (p.Thr350Pro)	PTEN	single nucleotide variant	Hereditary cancer-predisposing syndrome	G: Uncertain significance	criteria provided, single submitter	missense variant	T350P, T523P, T153P	2021/11/24			10:89725065	10:87965308	1775972	VCV001775972	rs2132289291
NM_000314.8(PTEN):c.1054G>C (p.Glu352Gln)	PTEN	single nucleotide variant	PTEN hamartoma tumor syndrome, Hereditary cancer-predisposing syndrome	G: Uncertain significance	criteria provided, multiple submitters, no conflicts	missense variant	E352Q, E525Q, E155Q	2025/07/29			10:89725071	10:87965314	627921	VCV000627921	rs1554826034
NM_000314.8(PTEN):c.1055A>G (p.Glu352Gly)	PTEN	single nucleotide variant	PTEN hamartoma tumor syndrome	G: Uncertain significance	criteria provided, single submitter	missense variant	E155G, E525G, E352G	2021/07/03			10:89725072	10:87965315	1351177	VCV001351177	rs2132289351
NM_000314.8(PTEN):c.1056G>T (p.Glu352Asp)	PTEN	single nucleotide variant	Glioma susceptibility 2	G: Uncertain significance	criteria provided, single submitter	missense variant	E155D, E352D, E525D	2023/12/06			10:89725073	10:87965316	3240233	VCV003240233	rs2132289357
NM_000314.8(PTEN):c.1057G>A (p.Glu353Lys)	PTEN	single nucleotide variant	PTEN hamartoma tumor syndrome, Hereditary cancer-predisposing syndrome	G: Uncertain significance	criteria provided, multiple submitters, no conflicts	missense variant	E156K, E526K, E353K	2023/03/24			10:89725074	10:87965317	2567264	VCV002567264	rs1554826035
NM_000314.8(PTEN):c.1058A>G (p.Glu353Gly)	PTEN	single nucleotide variant	PTEN hamartoma tumor syndrome	G: Uncertain significance	criteria provided, single submitter	missense variant	E353G, E156G, E526G	2022/11/01			10:89725075	10:87965318	237638	VCV000237638	rs878853932
NM_000314.8(PTEN):c.1060C>T (p.Pro354Ser)	PTEN	single nucleotide variant	Hereditary cancer-predisposing syndrome	G: Likely benign	criteria provided, single submitter	missense variant	P157S, P527S, P354S	2025/07/11			10:89725077	10:87965320	4146996	VCV004146996	
NM_000314.8(PTEN):c.1064C>T (p.Ser355Leu)	PTEN	single nucleotide variant	Hereditary cancer-predisposing syndrome, not specified	G: Uncertain significance	criteria provided, multiple submitters, no conflicts	missense variant	S158L, S355L, S528L	2023/02/02			10:89725081	10:87965324	1685048	VCV001685048	rs2132289421
NM_000314.8(PTEN):c.1066A>C (p.Asn356His)	PTEN	single nucleotide variant	Hereditary cancer-predisposing syndrome	G: Uncertain significance	criteria provided, single submitter	missense variant	N529H, N356H, N159H	2025/08/08			10:89725083	10:87965326	3311266	VCV003311266	
NM_000314.8(PTEN):c.1066A>T (p.Asn356Tyr)	PTEN	single nucleotide variant	Hereditary cancer-predisposing syndrome, not specified, not provided, PTEN hamartoma tumor syndrome, Glioma susceptibility 2	G: Uncertain significance	criteria provided, multiple submitters, no conflicts	missense variant	N356Y, N529Y, N159Y	2025/12/18			10:89725083	10:87965326	189397	VCV000189397	rs587782345
NM_000314.8(PTEN):c.1067A>C (p.Asn356Thr)	PTEN	single nucleotide variant	Hereditary cancer-predisposing syndrome	G: Uncertain significance	criteria provided, single submitter	missense variant	N159T, N356T, N529T	2025/01/15			10:89725084	10:87965327	3784743	VCV003784743	
NM_000314.8(PTEN):c.1067A>T (p.Asn356Ile)	PTEN	single nucleotide variant	Hereditary cancer-predisposing syndrome	G: Uncertain significance	criteria provided, single submitter	missense variant	N356I, N159I, N529I	2023/12/04			10:89725084	10:87965327	628653	VCV000628653	rs1564570353
NM_000314.8(PTEN):c.1068T>A (p.Asn356Lys)	PTEN	single nucleotide variant	Hereditary cancer-predisposing syndrome, PTEN hamartoma tumor syndrome	G: Uncertain significance	criteria provided, multiple submitters, no conflicts	missense variant	N356K, N159K, N529K	2024/03/20			10:89725085	10:87965328	569595	VCV000569595	rs1564570356
NM_000314.8(PTEN):c.1069C>G (p.Pro357Ala)	PTEN	single nucleotide variant	PTEN hamartoma tumor syndrome	G: Uncertain significance	criteria provided, single submitter	missense variant	P357A, P160A, P530A	2025/07/30			10:89725086	10:87965329	854810	VCV000854810	rs876661264
NM_000314.8(PTEN):c.1070C>T (p.Pro357Leu)	PTEN	single nucleotide variant	Hereditary cancer-predisposing syndrome, Glioma susceptibility 2	G: Uncertain significance	criteria provided, multiple submitters, no conflicts	missense variant	P357L, P160L, P530L	2024/03/06			10:89725087	10:87965330	2567280	VCV002567280	rs2132289461
NM_000314.8(PTEN):c.1072G>C (p.Glu358Gln)	PTEN	single nucleotide variant	PTEN hamartoma tumor syndrome	G: Uncertain significance	criteria provided, single submitter	missense variant	E161Q, E358Q, E531Q	2021/03/01			10:89725089	10:87965332	1063157	VCV001063157	rs1554826040
NM_000314.8(PTEN):c.1072G>A (p.Glu358Lys)	PTEN	single nucleotide variant	PTEN hamartoma tumor syndrome	G: Uncertain significance	criteria provided, single submitter	missense variant	E161K, E358K, E531K	2019/11/16			10:89725089	10:87965332	961773	VCV000961773	rs1554826040
NM_000314.8(PTEN):c.1075G>T (p.Ala359Ser)	PTEN	single nucleotide variant	Hereditary cancer-predisposing syndrome, not provided, PTEN hamartoma tumor syndrome	G: Uncertain significance	criteria provided, multiple submitters, no conflicts	missense variant	A359S, A532S, A162S	2025/09/18			10:89725092	10:87965335	220596	VCV000220596	rs864622594
NM_000314.8(PTEN):c.1076C>T (p.Ala359Val)	PTEN	single nucleotide variant	not provided	G: Uncertain significance	criteria provided, single submitter	missense variant	A162V, A359V, A532V	2022/01/06			10:89725093	10:87965336	1695819	VCV001695819	rs2132289511
NM_000314.8(PTEN):c.1079G>C (p.Ser360Thr)	PTEN	single nucleotide variant	Hereditary cancer-predisposing syndrome, PTEN hamartoma tumor syndrome	G: Uncertain significance	criteria provided, multiple submitters, no conflicts	missense variant	S360T, S533T, S163T	2025/10/24			10:89725096	10:87965339	404169	VCV000404169	rs1060500127
NM_000314.8(PTEN):c.1081A>G (p.Ser361Gly)	PTEN	single nucleotide variant	Hereditary cancer-predisposing syndrome	G: Uncertain significance	criteria provided, single submitter	missense variant	S164G, S361G, S534G	2023/12/04			10:89725098	10:87965341	2774186	VCV002774186	rs1472028496
NM_000314.8(PTEN):c.1082G>C (p.Ser361Thr)	PTEN	single nucleotide variant	Hereditary cancer-predisposing syndrome	G: Uncertain significance	criteria provided, single submitter	missense variant	S164T, S361T, S534T	2025/03/05			10:89725099	10:87965342	3231144	VCV003231144	rs1283349882
NM_000314.8(PTEN):c.1082G>T (p.Ser361Ile)	PTEN	single nucleotide variant	Hereditary cancer-predisposing syndrome	G: Uncertain significance	criteria provided, single submitter	missense variant	S164I, S361I, S534I	2021/09/14			10:89725099	10:87965342	1786821	VCV001786821	rs1283349882
NM_000314.8(PTEN):c.1091C>T (p.Ser364Phe)	PTEN	single nucleotide variant	Hereditary cancer-predisposing syndrome	G: Uncertain significance	criteria provided, single submitter	missense variant	S537F, S167F, S364F	2024/08/22			10:89725108	10:87965351	3427435	VCV003427435	
NM_000314.8(PTEN):c.1093G>T (p.Val365Leu)	PTEN	single nucleotide variant	PTEN hamartoma tumor syndrome	G: Uncertain significance	criteria provided, single submitter	missense variant	V365L, V538L, V168L	2025/04/20			10:89725110	10:87965353	4744237	VCV004744237	
NM_000314.8(PTEN):c.1093G>C (p.Val365Leu)	PTEN	single nucleotide variant	Hereditary cancer-predisposing syndrome	G: Uncertain significance	criteria provided, single submitter	missense variant	V365L, V538L, V168L	2023/01/27			10:89725110	10:87965353	2452976	VCV002452976	rs758542021
NM_000314.8(PTEN):c.1096A>C (p.Thr366Pro)	PTEN	single nucleotide variant		O: Uncertain significance	criteria provided, single submitter	missense variant	T366P, T539P, T169P			2025/03/04	10:89725113	10:87965356	3257940	VCV003257940	
NM_000314.8(PTEN):c.1097C>T (p.Thr366Ile)	PTEN	single nucleotide variant	PTEN hamartoma tumor syndrome, Hereditary cancer-predisposing syndrome	G: Uncertain significance	criteria provided, multiple submitters, no conflicts	missense variant	T539I, T366I, T169I	2024/05/07			10:89725114	10:87965357	3311256	VCV003311256	
NM_000314.8(PTEN):c.1099C>T (p.Pro367Ser)	PTEN	single nucleotide variant	Hereditary cancer-predisposing syndrome	G: Uncertain significance	criteria provided, single submitter	missense variant	P170S, P367S, P540S	2025/02/04			10:89725116	10:87965359	3894232	VCV003894232	
NM_000314.8(PTEN):c.1103A>T (p.Asp368Val)	PTEN	single nucleotide variant	PTEN hamartoma tumor syndrome	G: Uncertain significance	criteria provided, single submitter	missense variant	D368V, D171V, D541V	2026/01/26			10:89725120	10:87965363	949056	VCV000949056	rs1860736589
NM_000314.8(PTEN):c.1104T>A (p.Asp368Glu)	PTEN	single nucleotide variant	Hereditary cancer-predisposing syndrome, not provided	G: Uncertain significance	criteria provided, multiple submitters, no conflicts	missense variant	D368E, D541E, D171E	2015/04/17			10:89725121	10:87965364	185298	VCV000185298	rs35979531
NM_000314.8(PTEN):c.1105G>A (p.Val369Ile)	PTEN	single nucleotide variant	PTEN hamartoma tumor syndrome	G: Uncertain significance	reviewed by expert panel	missense variant	V369I, V542I, V172I	2025/12/05			10:89725122	10:87965365	142088	VCV000142088	rs587782224
NM_000314.8(PTEN):c.1114A>G (p.Asn372Asp)	PTEN	single nucleotide variant	PTEN hamartoma tumor syndrome, not provided	G: Uncertain significance	criteria provided, multiple submitters, no conflicts	missense variant	N372D, N545D, N175D	2025/08/08			10:89725131	10:87965374	1503862	VCV001503862	rs2132289789
NM_000314.8(PTEN):c.1116T>A (p.Asn372Lys)	PTEN	single nucleotide variant	Hereditary cancer-predisposing syndrome	G: Uncertain significance	criteria provided, single submitter	missense variant	N545K, N175K, N372K	2021/09/08			10:89725133	10:87965376	1796384	VCV001796384	rs1060503845
NM_000314.8(PTEN):c.1120C>T (p.Pro374Ser)	PTEN	single nucleotide variant	PTEN hamartoma tumor syndrome, Hereditary cancer-predisposing syndrome	G: Uncertain significance	criteria provided, multiple submitters, no conflicts	missense variant	P547S, P177S, P374S	2025/04/24			10:89725137	10:87965380	2488773	VCV002488773	rs2132289835
NM_000314.8(PTEN):c.1123G>A (p.Asp375Asn)	PTEN	single nucleotide variant	PTEN hamartoma tumor syndrome	G: Uncertain significance	criteria provided, single submitter	missense variant	D375N, D178N, D548N	2018/02/07			10:89725140	10:87965383	568323	VCV000568323	rs1564570429
NM_000314.8(PTEN):c.1124A>G (p.Asp375Gly)	PTEN	single nucleotide variant	PTEN hamartoma tumor syndrome	G: Uncertain significance	criteria provided, single submitter	missense variant	D548G, D375G, D178G	2018/11/20			10:89725141	10:87965384	651164	VCV000651164	rs1589669344
NM_000314.8(PTEN):c.1126C>G (p.His376Asp)	PTEN	single nucleotide variant	not provided	G: Uncertain significance	criteria provided, single submitter	missense variant	H179D, H376D, H549D	2023/07/10			10:89725143	10:87965386	2682052	VCV002682052	rs2132289872
NM_000314.8(PTEN):c.1126C>T (p.His376Tyr)	PTEN	single nucleotide variant	PTEN hamartoma tumor syndrome, not provided	G: Uncertain significance	criteria provided, multiple submitters, no conflicts	missense variant	H179Y, H376Y, H549Y	2024/12/04			10:89725143	10:87965386	2502682	VCV002502682	rs2132289872
NM_000314.8(PTEN):c.1127A>C (p.His376Pro)	PTEN	single nucleotide variant	PTEN hamartoma tumor syndrome	G: Uncertain significance	criteria provided, single submitter	missense variant	H549P, H376P, H179P	2024/10/02			10:89725144	10:87965387	3720634	VCV003720634	
NM_000314.8(PTEN):c.1132A>G (p.Arg378Gly)	PTEN	single nucleotide variant	PTEN hamartoma tumor syndrome	G: Uncertain significance	criteria provided, single submitter	missense variant	R378G, R181G, R551G	2024/08/28			10:89725149	10:87965392	536550	VCV000536550	rs1554826055
NM_000314.8(PTEN):c.1133G>C (p.Arg378Thr)	PTEN	single nucleotide variant	not provided	G: Uncertain significance	criteria provided, single submitter	missense variant	R181T, R378T, R551T	2022/08/15			10:89725150	10:87965393	2431002	VCV002431002	rs2132289942
NM_000314.8(PTEN):c.1159C>T (p.Pro387Ser)	PTEN	single nucleotide variant	PTEN hamartoma tumor syndrome	G: Uncertain significance	criteria provided, single submitter	missense variant	P190S, P387S, P560S	2022/02/20			10:89725176	10:87965419	1062913	VCV001062913	rs2132290116
NM_000314.8(PTEN):c.1160C>T (p.Pro387Leu)	PTEN	single nucleotide variant	Hereditary cancer-predisposing syndrome, PTEN hamartoma tumor syndrome	G: Uncertain significance	criteria provided, multiple submitters, no conflicts	missense variant	P387L, P190L, P560L	2022/09/01			10:89725177	10:87965420	576918	VCV000576918	rs1564570452
NM_000314.8(PTEN):c.1162G>C (p.Glu388Gln)	PTEN	single nucleotide variant	PTEN hamartoma tumor syndrome	G: Uncertain significance	criteria provided, single submitter	missense variant	E191Q, E388Q, E561Q	2024/03/05			10:89725179	10:87965422	3387549	VCV003387549	
NM_000314.8(PTEN):c.1163A>T (p.Glu388Val)	PTEN	single nucleotide variant	Hereditary cancer-predisposing syndrome	G: Uncertain significance	criteria provided, single submitter	missense variant	E561V, E388V, E191V	2023/06/28			10:89725180	10:87965423	2587203	VCV002587203	rs2132290147
NM_000314.8(PTEN):c.1164G>T (p.Glu388Asp)	PTEN	single nucleotide variant	PTEN hamartoma tumor syndrome	G: Uncertain significance	criteria provided, single submitter	missense variant	E388D, E191D, E561D	2021/09/04			10:89725181	10:87965424	1379559	VCV001379559	rs1860738430
NM_000314.8(PTEN):c.1164G>C (p.Glu388Asp)	PTEN	single nucleotide variant	Hereditary cancer-predisposing syndrome, PTEN hamartoma tumor syndrome	G: Uncertain significance	criteria provided, multiple submitters, no conflicts	missense variant	E191D, E561D, E388D	2024/03/06			10:89725181	10:87965424	924240	VCV000924240	rs1860738430
NM_000314.8(PTEN):c.1165A>G (p.Asn389Asp)	PTEN	single nucleotide variant	PTEN hamartoma tumor syndrome	G: Uncertain significance	criteria provided, single submitter	missense variant	N192D, N389D, N562D	2024/05/17			10:89725182	10:87965425	3652409	VCV003652409	
NM_000314.8(PTEN):c.1166A>G (p.Asn389Ser)	PTEN	single nucleotide variant	PTEN hamartoma tumor syndrome, Hereditary cancer-predisposing syndrome	G: Uncertain significance	criteria provided, multiple submitters, no conflicts	missense variant	N562S, N192S, N389S	2025/11/07			10:89725183	10:87965426	1373194	VCV001373194	rs1860738514
NM_000314.8(PTEN):c.1168G>C (p.Glu390Gln)	PTEN	single nucleotide variant	PTEN hamartoma tumor syndrome	G: Uncertain significance	criteria provided, single submitter	missense variant	E563Q, E193Q, E390Q	2024/02/03			10:89725185	10:87965428	3631062	VCV003631062	
NM_000314.8(PTEN):c.1169A>G (p.Glu390Gly)	PTEN	single nucleotide variant	not provided, PTEN hamartoma tumor syndrome, Hereditary cancer-predisposing syndrome	G: Uncertain significance	criteria provided, multiple submitters, no conflicts	missense variant	E193G, E390G, E563G	2025/02/14			10:89725186	10:87965429	1806618	VCV001806618	rs2132290180
NM_000314.8(PTEN):c.1171C>A (p.Pro391Thr)	PTEN	single nucleotide variant	PTEN hamartoma tumor syndrome	G: Uncertain significance	criteria provided, single submitter	missense variant	P391T, P194T, P564T	2024/02/23			10:89725188	10:87965431	3642442	VCV003642442	
NM_000314.8(PTEN):c.1172C>A (p.Pro391His)	PTEN	single nucleotide variant	Hereditary cancer-predisposing syndrome	G: Uncertain significance	criteria provided, single submitter	missense variant	P391H, P564H, P194H	2023/12/05			10:89725189	10:87965432	490111	VCV000490111	rs1554826059
NM_000314.8(PTEN):c.1177G>T (p.Asp393Tyr)	PTEN	single nucleotide variant	Hereditary cancer-predisposing syndrome, PTEN hamartoma tumor syndrome	G: Uncertain significance	criteria provided, multiple submitters, no conflicts	missense variant	D196Y, D393Y, D566Y	2026/02/24			10:89725194	10:87965437	841411	VCV000841411	rs1860739011
NM_000314.8(PTEN):c.1178A>G (p.Asp393Gly)	PTEN	single nucleotide variant	PTEN hamartoma tumor syndrome	G: Uncertain significance	criteria provided, single submitter	missense variant	D393G, D566G, D196G	2026/01/13			10:89725195	10:87965438	560733	VCV000560733	rs1564570482
NM_000314.8(PTEN):c.1182A>T (p.Glu394Asp)	PTEN	single nucleotide variant	PTEN hamartoma tumor syndrome, Hereditary cancer-predisposing syndrome	G: Uncertain significance	criteria provided, multiple submitters, no conflicts	missense variant	E394D, E567D, E197D	2024/03/20			10:89725199	10:87965442	1912822	VCV001912822	rs2132290240
NM_000314.8(PTEN):c.1183G>A (p.Asp395Asn)	PTEN	single nucleotide variant	Hereditary cancer-predisposing syndrome	G: Uncertain significance	criteria provided, single submitter	missense variant	D395N, D198N, D568N	2025/11/13			10:89725200	10:87965443	4676440	VCV004676440	
NM_000314.8(PTEN):c.1183G>T (p.Asp395Tyr)	PTEN	single nucleotide variant	PTEN hamartoma tumor syndrome	G: Uncertain significance	criteria provided, single submitter	missense variant	D198Y, D395Y, D568Y	2022/04/15			10:89725200	10:87965443	2126147	VCV002126147	rs2132290244
NM_000314.8(PTEN):c.1184A>G (p.Asp395Gly)	PTEN	single nucleotide variant	Hereditary cancer-predisposing syndrome	G: Uncertain significance	criteria provided, single submitter	missense variant	D395G, D198G, D568G	2024/10/01			10:89725201	10:87965444	1742938	VCV001742938	rs1860739152
NM_000314.8(PTEN):c.1186C>G (p.Gln396Glu)	PTEN	single nucleotide variant	Hereditary cancer-predisposing syndrome	G: Uncertain significance	criteria provided, single submitter	missense variant	Q199E, Q396E, Q569E	2025/09/15			10:89725203	10:87965446	2452973	VCV002452973	rs2132290270
NM_000314.8(PTEN):c.1189C>T (p.His397Tyr)	PTEN	single nucleotide variant	PTEN hamartoma tumor syndrome, Macrocephaly-autism syndrome, Familial meningioma, Prostate cancer, Glioma susceptibility 2, Cowden syndrome 1, Hereditary cancer-predisposing syndrome	G: Uncertain significance	criteria provided, multiple submitters, no conflicts	missense variant	H397Y, H570Y, H200Y	2024/02/15			10:89725206	10:87965449	818542	VCV000818542	rs1589669413
NM_000314.8(PTEN):c.1190A>T (p.His397Leu)	PTEN	single nucleotide variant	PTEN hamartoma tumor syndrome, Hereditary cancer-predisposing syndrome	G: Uncertain significance	criteria provided, multiple submitters, no conflicts	missense variant	H570L, H200L, H397L	2019/10/12			10:89725207	10:87965450	818548	VCV000818548	rs876661021
NM_000314.8(PTEN):c.1190A>G (p.His397Arg)	PTEN	single nucleotide variant	not provided, PTEN hamartoma tumor syndrome	G: Uncertain significance	criteria provided, multiple submitters, no conflicts	missense variant	H397R, H200R, H570R	2024/02/07			10:89725207	10:87965450	234434	VCV000234434	rs876661021
NM_000314.8(PTEN):c.1191T>G (p.His397Gln)	PTEN	single nucleotide variant	Hereditary cancer-predisposing syndrome, PTEN hamartoma tumor syndrome	G: Uncertain significance	criteria provided, multiple submitters, no conflicts	missense variant	H200Q, H570Q, H397Q	2025/12/12			10:89725208	10:87965451	1037031	VCV001037031	rs1860739604
NM_000314.8(PTEN):c.1192A>G (p.Thr398Ala)	PTEN	single nucleotide variant	Hereditary cancer-predisposing syndrome	G: Uncertain significance	criteria provided, single submitter	missense variant	T201A, T398A, T571A	2025/03/31			10:89725209	10:87965452	3894288	VCV003894288	
NM_000314.8(PTEN):c.1193C>T (p.Thr398Ile)	PTEN	single nucleotide variant	Hereditary cancer-predisposing syndrome, PTEN hamartoma tumor syndrome	G: Uncertain significance	criteria provided, multiple submitters, no conflicts	missense variant	T201I, T571I, T398I	2024/06/13			10:89725210	10:87965453	1039305	VCV001039305	rs1860739729
NM_000314.8(PTEN):c.1197A>T (p.Gln399His)	PTEN	single nucleotide variant	not provided	G: Uncertain significance	criteria provided, single submitter	missense variant	Q202H, Q399H, Q572H	2020/02/27			10:89725214	10:87965457	1318532	VCV001318532	rs374684043
NM_000314.8(PTEN):c.1197A>C (p.Gln399His)	PTEN	single nucleotide variant	Hereditary cancer-predisposing syndrome	G: Uncertain significance	criteria provided, single submitter	missense variant	Q572H, Q202H, Q399H	2023/12/04			10:89725214	10:87965457	921678	VCV000921678	rs374684043
NM_000314.8(PTEN):c.1198A>T (p.Ile400Phe)	PTEN	single nucleotide variant	Hereditary cancer-predisposing syndrome	G: Uncertain significance	criteria provided, single submitter	missense variant	I573F, I203F, I400F	2024/11/05			10:89725215	10:87965458	3427449	VCV003427449	
NM_000314.8(PTEN):c.1198A>G (p.Ile400Val)	PTEN	single nucleotide variant	Hereditary cancer-predisposing syndrome, not provided, PTEN hamartoma tumor syndrome, Glioma susceptibility 2	G: Uncertain significance	criteria provided, multiple submitters, no conflicts	missense variant	I400V, I203V, I573V	2025/04/24			10:89725215	10:87965458	216420	VCV000216420	rs863224665
NM_000314.8(PTEN):c.1202C>A (p.Thr401Lys)	PTEN	single nucleotide variant	PTEN hamartoma tumor syndrome, Hereditary cancer-predisposing syndrome	G: Uncertain significance	criteria provided, multiple submitters, no conflicts	missense variant	T204K, T401K, T574K	2024/02/03			10:89725219	10:87965462	1747840	VCV001747840	rs1860740005
NM_000314.8(PTEN):c.1207G>T (p.Val403Phe)	PTEN	single nucleotide variant	PTEN hamartoma tumor syndrome, Hereditary cancer-predisposing syndrome	G: Uncertain significance	criteria provided, multiple submitters, no conflicts	missense variant	V576F, V206F, V403F	2025/04/30			10:89725224	10:87965467	2101671	VCV002101671	rs2132290414
NM_000314.8(PTEN):c.1207G>A (p.Val403Ile)	PTEN	single nucleotide variant	PTEN hamartoma tumor syndrome	G: Uncertain significance	criteria provided, single submitter	missense variant	V206I, V403I, V576I	2021/07/13			10:89725224	10:87965467	1401113	VCV001401113	rs2132290414
