Variation	Genes	Type	Condition	Classification	Review status	Molecular consequence	Protein change	Germline date last evaluated	Somatic clinical impact date last evaluated	Oncogenicity date last evaluated	GRCh37 Location	GRCh38 Location	Variation ID	VCV accession	rs_ID
NM_000546.6(TP53):c.1178A>T (p.Asp393Val)	TP53	single nucleotide variant	Li-Fraumeni syndrome	G: Uncertain significance	criteria provided, single submitter	missense variant, 3 prime UTR variant, non-coding transcript variant	D354V, D234V, D393V, D261V	2024/06/07			17:7572931	17:7669613	3634421	VCV003634421	
NM_000546.6(TP53):c.1178A>G (p.Asp393Gly)	TP53	single nucleotide variant	Li-Fraumeni syndrome	G: Uncertain significance	criteria provided, single submitter	missense variant, 3 prime UTR variant, non-coding transcript variant	D234G, D261G, D354G, D393G	2024/12/20			17:7572931	17:7669613	3619316	VCV003619316	
NM_000546.6(TP53):c.1177G>T (p.Asp393Tyr)	TP53	single nucleotide variant	Hereditary cancer-predisposing syndrome	G: Likely benign	criteria provided, single submitter	missense variant, 3 prime UTR variant	D234Y, D261Y, D393Y, D354Y	2022/07/12			17:7572932	17:7669614	1741120	VCV001741120	rs1192921623
NM_000546.6(TP53):c.1174T>C (p.Ser392Pro)	TP53	single nucleotide variant	Li-Fraumeni syndrome	G: Uncertain significance	criteria provided, single submitter	missense variant, 3 prime UTR variant	S260P, S233P, S353P, S392P	2022/02/09			17:7572935	17:7669617	2095568	VCV002095568	rs2150988041
NM_000546.6(TP53):c.1173C>A (p.Asp391Glu)	TP53	single nucleotide variant	Li-Fraumeni syndrome	G: Uncertain significance	criteria provided, single submitter	missense variant, 3 prime UTR variant, non-coding transcript variant	D259E, D391E, D352E, D232E	2025/12/14			17:7572936	17:7669618	4760586	VCV004760586	
NM_000546.6(TP53):c.1173C>G (p.Asp391Glu)	TP53	single nucleotide variant	Li-Fraumeni syndrome, Hereditary cancer-predisposing syndrome	G: Uncertain significance	criteria provided, multiple submitters, no conflicts	missense variant, 3 prime UTR variant	D391E, D259E, D352E, D232E	2023/12/05			17:7572936	17:7669618	629063	VCV000629063	rs1567540133
NM_000546.6(TP53):c.1168C>A (p.Pro390Thr)	TP53	single nucleotide variant	Hereditary cancer-predisposing syndrome	G: Uncertain significance	criteria provided, single submitter	missense variant, 3 prime UTR variant	P351T, P258T, P231T, P390T	2019/10/17			17:7572941	17:7669623	818485	VCV000818485	rs1597345232
NM_000546.6(TP53):c.1165G>T (p.Gly389Trp)	TP53	single nucleotide variant	Li-Fraumeni syndrome 1	G: Uncertain significance	no assertion criteria provided	missense variant, 3 prime UTR variant	G257W, G350W, G389W, G230W	2014/07/24			17:7572944	17:7669626	156517	VCV000156517	rs587783064
NM_000546.6(TP53):c.1164A>C (p.Glu388Asp)	TP53	single nucleotide variant	Hereditary cancer-predisposing syndrome	G: Likely benign	criteria provided, single submitter	missense variant, 3 prime UTR variant, non-coding transcript variant	E256D, E229D, E388D, E349D	2025/12/04			17:7572945	17:7669627	4553123	VCV004553123	
NM_000546.6(TP53):c.1164A>T (p.Glu388Asp)	TP53	single nucleotide variant	Hereditary cancer-predisposing syndrome	G: Likely benign	criteria provided, single submitter	missense variant, 3 prime UTR variant	E229D, E256D, E349D, E388D	2021/08/06			17:7572945	17:7669627	1737684	VCV001737684	rs2072832085
NM_000546.6(TP53):c.1162G>C (p.Glu388Gln)	TP53	single nucleotide variant	Hereditary cancer-predisposing syndrome	G: Likely benign	criteria provided, single submitter	missense variant, 3 prime UTR variant	E229Q, E349Q, E388Q, E256Q	2022/07/11			17:7572947	17:7669629	1737291	VCV001737291	rs2150988225
NM_000546.6(TP53):c.1159A>C (p.Thr387Pro)	TP53	single nucleotide variant	Hereditary cancer-predisposing syndrome	G: Likely benign	criteria provided, single submitter	missense variant, 3 prime UTR variant, non-coding transcript variant	T255P, T387P, T228P, T348P	2023/08/23			17:7572950	17:7669632	2585882	VCV002585882	rs2150988269
NM_000546.6(TP53):c.1155C>A (p.Phe385Leu)	TP53	single nucleotide variant	Hereditary cancer-predisposing syndrome	G: Likely benign	criteria provided, single submitter	missense variant, 3 prime UTR variant	F346L, F226L, F253L, F385L	2021/12/10			17:7572954	17:7669636	1735082	VCV001735082	rs2150988307
NM_000546.6(TP53):c.1153T>C (p.Phe385Leu)	TP53	single nucleotide variant	Hereditary cancer-predisposing syndrome	G: Likely benign	criteria provided, single submitter	missense variant, 3 prime UTR variant	F385L, F253L, F346L, F226L	2021/01/07			17:7572956	17:7669638	485029	VCV000485029	rs1555524094
NM_000546.6(TP53):c.1151T>G (p.Met384Arg)	TP53	single nucleotide variant	Li-Fraumeni syndrome	G: Uncertain significance	criteria provided, single submitter	missense variant, 3 prime UTR variant	M252R, M384R, M345R, M225R	2017/01/20			17:7572958	17:7669640	458521	VCV000458521	rs1060501196
NM_000546.6(TP53):c.1150A>T (p.Met384Leu)	TP53	single nucleotide variant	Li-Fraumeni syndrome	G: Uncertain significance	criteria provided, single submitter	missense variant, 3 prime UTR variant	M252L, M345L, M384L, M225L	2021/09/26			17:7572959	17:7669641	1493091	VCV001493091	rs730882009
NM_000546.6(TP53):c.1148T>C (p.Leu383Pro)	TP53	single nucleotide variant	Hereditary cancer-predisposing syndrome	G: Uncertain significance	criteria provided, single submitter	missense variant, 3 prime UTR variant, non-coding transcript variant	L224P, L251P, L344P, L383P	2024/03/04			17:7572961	17:7669643	3232048	VCV003232048	rs2072834419
NM_000546.6(TP53):c.1145A>T (p.Lys382Ile)	TP53	single nucleotide variant	Hereditary cancer-predisposing syndrome	G: Uncertain significance	criteria provided, single submitter	missense variant, 3 prime UTR variant	K250I, K343I, K223I, K382I	2021/04/05			17:7572964	17:7669646	1732327	VCV001732327	rs2072835191
NM_000546.6(TP53):c.1143A>T (p.Lys381Asn)	TP53	single nucleotide variant	Hereditary cancer-predisposing syndrome	G: Uncertain significance	criteria provided, single submitter	missense variant, 3 prime UTR variant, non-coding transcript variant	K222N, K381N, K249N, K342N	2026/01/22			17:7572966	17:7669648	4842681	VCV004842681	
NM_000546.6(TP53):c.1141A>G (p.Lys381Glu)	TP53	single nucleotide variant	Li-Fraumeni syndrome, Hereditary cancer-predisposing syndrome	G: Uncertain significance	criteria provided, multiple submitters, no conflicts	missense variant, 3 prime UTR variant	K222E, K249E, K342E, K381E	2024/11/09			17:7572968	17:7669650	976475	VCV000976475	rs2072835371
NM_000546.6(TP53):c.1139A>G (p.His380Arg)	TP53	single nucleotide variant	Li-Fraumeni syndrome	G: Uncertain significance	criteria provided, single submitter	missense variant, 3 prime UTR variant	H248R, H341R, H380R, H221R	2025/09/15			17:7572970	17:7669652	2123066	VCV002123066	rs2543451131
NM_000546.6(TP53):c.1136G>T (p.Arg379Leu)	TP53	single nucleotide variant	Li-Fraumeni syndrome	G: Likely benign	reviewed by expert panel	missense variant, 3 prime UTR variant	R247L, R340L, R379L, R220L	2025/01/16			17:7572973	17:7669655	216463	VCV000216463	rs863224682
NM_000546.6(TP53):c.1135C>A (p.Arg379Ser)	TP53	single nucleotide variant	Li-Fraumeni syndrome	G: Likely benign	reviewed by expert panel	missense variant, 3 prime UTR variant	R247S, R340S, R379S, R220S	2025/01/16			17:7572974	17:7669656	186762	VCV000186762	rs749061599
NM_000546.6(TP53):c.1133C>A (p.Ser378Tyr)	TP53	single nucleotide variant	Adrenocortical carcinoma, hereditary	G: Uncertain significance	criteria provided, single submitter	missense variant, 3 prime UTR variant, non-coding transcript variant	S219Y, S246Y, S339Y, S378Y	2024/04/04			17:7572976	17:7669658	3068296	VCV003068296	rs1555524130
NM_000546.6(TP53):c.1132T>A (p.Ser378Thr)	TP53	single nucleotide variant	Hereditary cancer-predisposing syndrome	G: Likely benign	criteria provided, single submitter	missense variant, 3 prime UTR variant, non-coding transcript variant	S219T, S378T, S246T, S339T	2025/04/21			17:7572977	17:7669659	3972449	VCV003972449	
NM_000546.6(TP53):c.1129A>T (p.Thr377Ser)	TP53	single nucleotide variant	Li-Fraumeni syndrome	G: Uncertain significance	criteria provided, single submitter	missense variant, 3 prime UTR variant, non-coding transcript variant	T338S, T245S, T218S, T377S	2024/01/31			17:7572980	17:7669662	3634422	VCV003634422	
NM_000546.6(TP53):c.1127C>T (p.Ser376Phe)	TP53	single nucleotide variant	Hereditary cancer-predisposing syndrome	G: Uncertain significance	criteria provided, single submitter	missense variant, 3 prime UTR variant	S244F, S337F, S376F, S217F	2018/08/30			17:7572982	17:7669664	492573	VCV000492573	rs1555524151
NM_000546.6(TP53):c.1125G>T (p.Gln375His)	TP53	single nucleotide variant	Hereditary cancer-predisposing syndrome	G: Uncertain significance	criteria provided, single submitter	missense variant, 3 prime UTR variant	Q243H, Q375H, Q216H, Q336H	2020/11/13			17:7572984	17:7669666	1799016	VCV001799016	rs764011631
NM_000546.6(TP53):c.1123C>A (p.Gln375Lys)	TP53	single nucleotide variant	Hereditary cancer-predisposing syndrome	G: Likely benign	criteria provided, single submitter	missense variant, 3 prime UTR variant	Q216K, Q375K, Q336K, Q243K	2021/01/07			17:7572986	17:7669668	1798385	VCV001798385	rs1555524156
NM_000546.6(TP53):c.1121G>A (p.Gly374Asp)	TP53	single nucleotide variant	Li-Fraumeni syndrome	G: Uncertain significance	criteria provided, single submitter	missense variant, 3 prime UTR variant, non-coding transcript variant	G242D, G335D, G215D, G374D	2023/06/02			17:7572988	17:7669670	2719153	VCV002719153	rs2543452309
NM_000546.6(TP53):c.1119G>C (p.Lys373Asn)	TP53	single nucleotide variant	Hereditary cancer-predisposing syndrome	G: Uncertain significance	criteria provided, single submitter	missense variant, 3 prime UTR variant, non-coding transcript variant	K334N, K214N, K241N, K373N	2024/04/10			17:7572990	17:7669672	3328167	VCV003328167	
NM_000546.6(TP53):c.1118A>T (p.Lys373Met)	TP53	single nucleotide variant	Li-Fraumeni syndrome	G: Uncertain significance	criteria provided, single submitter	missense variant, 3 prime UTR variant	K214M, K241M, K334M, K373M	2023/01/22			17:7572991	17:7669673	1059527	VCV001059527	rs1567540504
NM_000546.6(TP53):c.1115A>C (p.Lys372Thr)	TP53	single nucleotide variant	not specified	G: Uncertain significance	criteria provided, single submitter	missense variant, 3 prime UTR variant	K240T, K333T, K372T, K213T	2016/11/26			17:7572994	17:7669676	439315	VCV000439315	rs876658876
NM_000546.6(TP53):c.1114A>G (p.Lys372Glu)	TP53	single nucleotide variant	Hereditary cancer-predisposing syndrome	G: Uncertain significance	criteria provided, single submitter	3 prime UTR variant, missense variant, non-coding transcript variant	K372E, K240E, K213E, K333E	2025/12/30			17:7572995	17:7669677	4842678	VCV004842678	
NM_000546.6(TP53):c.1112C>T (p.Ser371Phe)	TP53	single nucleotide variant	Li-Fraumeni syndrome	G: Uncertain significance	criteria provided, single submitter	missense variant, 3 prime UTR variant, non-coding transcript variant	S212F, S332F, S371F, S239F	2025/12/23			17:7572997	17:7669679	4739105	VCV004739105	
NM_000546.6(TP53):c.1109A>G (p.Lys370Arg)	TP53	single nucleotide variant	Li-Fraumeni syndrome	G: Uncertain significance	criteria provided, single submitter	missense variant, 3 prime UTR variant, non-coding transcript variant	K211R, K238R, K331R, K370R	2025/10/31			17:7573000	17:7669682	4800650	VCV004800650	
NM_000546.6(TP53):c.1109A>T (p.Lys370Met)	TP53	single nucleotide variant	Hereditary cancer-predisposing syndrome	G: Uncertain significance	criteria provided, single submitter	missense variant, 3 prime UTR variant	K370M, K331M, K211M, K238M	2020/03/25			17:7573000	17:7669682	1794493	VCV001794493	rs2150988865
NM_000546.6(TP53):c.1105C>A (p.Leu369Met)	TP53	single nucleotide variant	Hereditary cancer-predisposing syndrome	G: Likely benign	criteria provided, single submitter	missense variant, 3 prime UTR variant, non-coding transcript variant	L210M, L369M, L237M, L330M	2026/03/09			17:7573004	17:7669686	4826639	VCV004826639	
NM_000546.6(TP53):c.1103A>G (p.His368Arg)	TP53	single nucleotide variant	Li-Fraumeni syndrome	G: Uncertain significance	criteria provided, single submitter	missense variant, 3 prime UTR variant	H368R, H236R, H329R, H209R	2022/01/26			17:7573006	17:7669688	1386302	VCV001386302	rs2150988929
NM_000546.6(TP53):c.1102C>G (p.His368Asp)	TP53	single nucleotide variant	Hereditary cancer-predisposing syndrome	G: Uncertain significance	criteria provided, single submitter	missense variant, 3 prime UTR variant, non-coding transcript variant	H236D, H329D, H368D, H209D	2025/06/23			17:7573007	17:7669689	4189262	VCV004189262	
NM_000546.6(TP53):c.1102C>A (p.His368Asn)	TP53	single nucleotide variant	Hereditary cancer-predisposing syndrome, Li-Fraumeni syndrome 1, Li-Fraumeni syndrome	G: Uncertain significance	criteria provided, multiple submitters, no conflicts	missense variant, 3 prime UTR variant	H329N, H209N, H368N, H236N	2022/06/18			17:7573007	17:7669689	919211	VCV000919211	rs786204227
NM_000546.6(TP53):c.1099A>G (p.Ser367Gly)	TP53	single nucleotide variant	Hereditary cancer-predisposing syndrome, Li-Fraumeni syndrome 1, Li-Fraumeni syndrome	G: Uncertain significance	criteria provided, multiple submitters, no conflicts	missense variant, 3 prime UTR variant	S235G, S328G, S367G, S208G	2025/10/22			17:7573928	17:7670610	231953	VCV000231953	rs876659459
NM_000546.6(TP53):c.1097C>A (p.Ser366Tyr)	TP53	single nucleotide variant	Li-Fraumeni syndrome	G: Uncertain significance	criteria provided, single submitter	missense variant, 3 prime UTR variant, non-coding transcript variant	S366Y, S207Y, S234Y, S327Y	2023/09/21			17:7573930	17:7670612	2762393	VCV002762393	rs2072905459
NM_000546.6(TP53):c.1097C>G (p.Ser366Cys)	TP53	single nucleotide variant	Hereditary cancer-predisposing syndrome	G: Uncertain significance	criteria provided, multiple submitters, no conflicts	3 prime UTR variant, missense variant	S234C, S327C, S366C, S207C	2022/06/23			17:7573930	17:7670612	927316	VCV000927316	rs2072905459
NM_000546.6(TP53):c.1096T>A (p.Ser366Thr)	TP53	single nucleotide variant	Hereditary cancer-predisposing syndrome, Li-Fraumeni syndrome	G: Uncertain significance	criteria provided, multiple submitters, no conflicts	missense variant, 3 prime UTR variant	S366T, S234T, S327T, S207T	2026/01/28			17:7573931	17:7670613	2005578	VCV002005578	rs17881470
NM_000546.6(TP53):c.1096T>C (p.Ser366Pro)	TP53	single nucleotide variant	Li-Fraumeni syndrome 1, Li-Fraumeni syndrome	G: Uncertain significance	criteria provided, multiple submitters, no conflicts	missense variant, 3 prime UTR variant	S234P, S327P, S366P, S207P	2022/10/19			17:7573931	17:7670613	528252	VCV000528252	rs17881470
NM_000546.6(TP53):c.1094A>C (p.His365Pro)	TP53	single nucleotide variant	Hereditary cancer-predisposing syndrome	G: Uncertain significance	criteria provided, single submitter	missense variant, 3 prime UTR variant	H233P, H326P, H365P, H206P	2021/06/03			17:7573933	17:7670615	1790091	VCV001790091	rs2150993767
NM_000546.6(TP53):c.1090G>A (p.Ala364Thr)	TP53	single nucleotide variant	Hereditary cancer-predisposing syndrome, Li-Fraumeni syndrome	G: Uncertain significance	criteria provided, multiple submitters, no conflicts	missense variant, 3 prime UTR variant	A232T, A205T, A325T, A364T	2025/07/09			17:7573937	17:7670619	1414768	VCV001414768	rs2072906212
NM_000546.6(TP53):c.1087_1088inv (p.Arg363Leu)	TP53	Inversion	Adrenocortical carcinoma, hereditary	G: Uncertain significance	criteria provided, single submitter	missense variant, 3 prime UTR variant, non-coding transcript variant	R204L, R231L, R324L, R363L	2024/02/29			17:7573939	17:7670621	3240618	VCV003240618	
NM_000546.6(TP53):c.1088G>A (p.Arg363Lys)	TP53	single nucleotide variant	not provided, Li-Fraumeni syndrome 1, Hereditary cancer-predisposing syndrome, Li-Fraumeni syndrome	G: Uncertain significance	criteria provided, multiple submitters, no conflicts	3 prime UTR variant, missense variant	R231K, R324K, R363K, R204K	2025/02/11			17:7573939	17:7670621	233244	VCV000233244	rs876660285
NM_000546.6(TP53):c.1087A>T (p.Arg363Trp)	TP53	single nucleotide variant	Hereditary cancer-predisposing syndrome	G: Uncertain significance	criteria provided, single submitter	missense variant, 3 prime UTR variant, non-coding transcript variant	R324W, R231W, R363W, R204W	2025/10/29			17:7573940	17:7670622	4552983	VCV004552983	
NM_000546.6(TP53):c.1086C>A (p.Ser362Arg)	TP53	single nucleotide variant	Li-Fraumeni syndrome	G: Uncertain significance	criteria provided, single submitter	missense variant, 3 prime UTR variant	S323R, S362R, S203R, S230R	2022/01/11			17:7573941	17:7670623	2078374	VCV002078374	rs2150993899
NM_000546.6(TP53):c.1084A>G (p.Ser362Gly)	TP53	single nucleotide variant	Li-Fraumeni syndrome, not provided	G: Uncertain significance	criteria provided, multiple submitters, no conflicts	missense variant, 3 prime UTR variant	S203G, S230G, S323G, S362G	2025/10/03			17:7573943	17:7670625	1205464	VCV001205464	rs1287887419
NM_000546.6(TP53):c.1081G>A (p.Gly361Arg)	TP53	single nucleotide variant	Hereditary cancer-predisposing syndrome, Li-Fraumeni syndrome	G: Uncertain significance	criteria provided, multiple submitters, no conflicts	missense variant, 3 prime UTR variant	G361R, G229R, G202R, G322R	2024/06/07			17:7573946	17:7670628	1961562	VCV001961562	rs1555524361
NM_000546.6(TP53):c.1081G>C (p.Gly361Arg)	TP53	single nucleotide variant	Hereditary cancer-predisposing syndrome, Adrenocortical carcinoma, hereditary, Li-Fraumeni syndrome 1, Li-Fraumeni syndrome	G: Uncertain significance	criteria provided, multiple submitters, no conflicts	missense variant, 3 prime UTR variant	G361R, G229R, G322R, G202R	2025/09/02			17:7573946	17:7670628	480761	VCV000480761	rs1555524361
NM_000546.6(TP53):c.1078G>C (p.Gly360Arg)	TP53	single nucleotide variant	Hereditary cancer-predisposing syndrome	G: Uncertain significance	criteria provided, single submitter	missense variant, 3 prime UTR variant	G360R, G201R, G228R, G321R	2025/04/30			17:7573949	17:7670631	1785528	VCV001785528	rs786203298
NM_000546.6(TP53):c.1078G>T (p.Gly360Trp)	TP53	single nucleotide variant	Hereditary cancer-predisposing syndrome	G: Uncertain significance	criteria provided, single submitter	missense variant, 3 prime UTR variant	G321W, G360W, G228W, G201W	2017/09/28			17:7573949	17:7670631	480753	VCV000480753	rs786203298
NM_000546.6(TP53):c.1070A>C (p.Lys357Thr)	TP53	single nucleotide variant	Li-Fraumeni syndrome	G: Uncertain significance	criteria provided, single submitter	missense variant, 3 prime UTR variant, non-coding transcript variant	K198T, K318T, K225T, K357T	2022/12/12			17:7573957	17:7670639	2820330	VCV002820330	rs763426446
NM_000546.6(TP53):c.1069A>G (p.Lys357Glu)	TP53	single nucleotide variant	Squamous cell carcinoma of the head and neck	G: Uncertain significance	criteria provided, single submitter	missense variant, 3 prime UTR variant	K225E, K357E, K318E, K198E	2019/05/28			17:7573958	17:7670640	584919	VCV000584919	rs1567541856
NM_000546.6(TP53):c.1067G>A (p.Gly356Glu)	TP53	single nucleotide variant	Hereditary cancer-predisposing syndrome	G: Likely benign	criteria provided, single submitter	missense variant, 3 prime UTR variant, non-coding transcript variant	G317E, G197E, G356E, G224E	2024/11/18			17:7573960	17:7670642	3460336	VCV003460336	
NM_000546.6(TP53):c.1067G>C (p.Gly356Ala)	TP53	single nucleotide variant	Li-Fraumeni syndrome	G: Uncertain significance	criteria provided, single submitter	missense variant, 3 prime UTR variant	G197A, G224A, G317A, G356A	2022/08/11			17:7573960	17:7670642	1716142	VCV001716142	rs2150994219
NM_000546.6(TP53):c.1066G>T (p.Gly356Trp)	TP53	single nucleotide variant	Li-Fraumeni syndrome	G: Uncertain significance	criteria provided, single submitter	missense variant, 3 prime UTR variant	G224W, G356W, G317W, G197W	2022/05/24			17:7573961	17:7670643	1998185	VCV001998185	rs766786605
NM_000546.6(TP53):c.1064C>A (p.Ala355Asp)	TP53	single nucleotide variant	Hereditary cancer-predisposing syndrome, Li-Fraumeni syndrome	G: Uncertain significance	criteria provided, multiple submitters, no conflicts	missense variant, 3 prime UTR variant, non-coding transcript variant	A196D, A223D, A316D, A355D	2024/07/11			17:7573963	17:7670645	2774647	VCV002774647	rs1555524382
NM_000546.6(TP53):c.1063G>A (p.Ala355Thr)	TP53	single nucleotide variant	Hereditary cancer-predisposing syndrome	G: Likely benign	criteria provided, single submitter	missense variant, 3 prime UTR variant	A316T, A355T, A196T, A223T	2022/01/05			17:7573964	17:7670646	1781085	VCV001781085	rs1157427821
NM_000546.6(TP53):c.1061A>C (p.Gln354Pro)	TP53	single nucleotide variant	Hereditary cancer-predisposing syndrome	G: Likely benign	criteria provided, single submitter	missense variant, non-coding transcript variant, 3 prime UTR variant	Q222P, Q354P, Q195P, Q315P	2024/05/08			17:7573966	17:7670648	3328171	VCV003328171	
NM_000546.6(TP53):c.1061A>T (p.Gln354Leu)	TP53	single nucleotide variant	Hereditary cancer-predisposing syndrome	G: Benign	criteria provided, single submitter	missense variant, 3 prime UTR variant, non-coding transcript variant	Q195L, Q222L, Q315L, Q354L	2023/12/29			17:7573966	17:7670648	3232047	VCV003232047	rs752142489
NM_000546.6(TP53):c.1060C>G (p.Gln354Glu)	TP53	single nucleotide variant	Li-Fraumeni syndrome	G: Uncertain significance	criteria provided, single submitter	3 prime UTR variant, missense variant	Q195E, Q222E, Q315E, Q354E	2022/01/27			17:7573967	17:7670649	1061283	VCV001061283	rs755394212
NM_000546.6(TP53):c.1058C>T (p.Ala353Val)	TP53	single nucleotide variant	Hereditary cancer-predisposing syndrome	G: Likely benign	criteria provided, single submitter	missense variant, 3 prime UTR variant, non-coding transcript variant	A194V, A221V, A314V, A353V	2026/04/29			17:7573969	17:7670651	4865861	VCV004865861	
NM_000546.6(TP53):c.1057G>T (p.Ala353Ser)	TP53	single nucleotide variant	Li-Fraumeni syndrome	G: Uncertain significance	criteria provided, single submitter	3 prime UTR variant, missense variant	A194S, A353S, A221S, A314S	2022/04/16			17:7573970	17:7670652	2126647	VCV002126647	rs2150994385
NM_000546.6(TP53):c.1054G>A (p.Asp352Asn)	TP53	single nucleotide variant	Adrenocortical carcinoma, hereditary	G: Uncertain significance	criteria provided, single submitter	missense variant, 3 prime UTR variant, non-coding transcript variant	D193N, D220N, D313N, D352N	2023/11/10			17:7573973	17:7670655	3240620	VCV003240620	rs1555524394
NM_000546.6(TP53):c.1052A>G (p.Lys351Arg)	TP53	single nucleotide variant	Li-Fraumeni syndrome	G: Uncertain significance	criteria provided, single submitter	missense variant, 3 prime UTR variant	K219R, K351R, K312R, K192R	2017/06/10			17:7573975	17:7670657	458513	VCV000458513	rs1555524396
NM_000546.6(TP53):c.1049T>G (p.Leu350Arg)	TP53	single nucleotide variant	Hereditary cancer-predisposing syndrome	G: Likely benign	criteria provided, single submitter	3 prime UTR variant, non-coding transcript variant, missense variant	L350R, L191R, L218R, L311R	2025/08/18			17:7573978	17:7670660	4189250	VCV004189250	
NM_000546.6(TP53):c.1049T>C (p.Leu350Pro)	TP53	single nucleotide variant	Hereditary cancer-predisposing syndrome, Li-Fraumeni syndrome	G: Uncertain significance	criteria provided, multiple submitters, no conflicts	missense variant, 3 prime UTR variant, non-coding transcript variant	L191P, L350P, L218P, L311P	2023/08/27			17:7573978	17:7670660	2450751	VCV002450751	rs2150994581
NM_000546.6(TP53):c.1046A>G (p.Glu349Gly)	TP53	single nucleotide variant	Hereditary cancer-predisposing syndrome	G: Likely benign	criteria provided, single submitter	missense variant, 3 prime UTR variant	E190G, E217G, E310G, E349G	2020/12/21			17:7573981	17:7670663	1775423	VCV001775423	rs2543472094
NM_000546.6(TP53):c.1045G>A (p.Glu349Lys)	TP53	single nucleotide variant	Li-Fraumeni syndrome	G: Uncertain significance	criteria provided, single submitter	missense variant, 3 prime UTR variant	E190K, E217K, E310K, E349K	2024/03/23			17:7573982	17:7670664	839717	VCV000839717	rs1567541975
NM_000546.6(TP53):c.1043T>C (p.Leu348Ser)	TP53	single nucleotide variant	Li-Fraumeni syndrome	G: Uncertain significance	criteria provided, single submitter	missense variant, 3 prime UTR variant, non-coding transcript variant	L189S, L216S, L309S, L348S	2024/11/20			17:7573984	17:7670666	2746088	VCV002746088	rs2150994675
NM_000546.6(TP53):c.1042T>G (p.Leu348Val)	TP53	single nucleotide variant	Li-Fraumeni syndrome	G: Uncertain significance	criteria provided, single submitter	missense variant, 3 prime UTR variant	L216V, L348V, L309V, L189V	2021/08/04			17:7573985	17:7670667	406571	VCV000406571	rs1060501193
NM_000546.6(TP53):c.1040C>G (p.Ala347Gly)	TP53	single nucleotide variant	Hereditary breast ovarian cancer syndrome	G: Likely benign	criteria provided, single submitter	missense variant, 3 prime UTR variant, non-coding transcript variant	A188G, A215G, A308G, A347G	2023/11/14			17:7573987	17:7670669	2683739	VCV002683739	rs397516434
NM_000546.6(TP53):c.1040C>T (p.Ala347Val)	TP53	single nucleotide variant	Hereditary cancer-predisposing syndrome, not provided, Li-Fraumeni syndrome 1, Li-Fraumeni syndrome	G: Uncertain significance	criteria provided, multiple submitters, no conflicts	missense variant, 3 prime UTR variant	A215V, A308V, A347V, A188V	2025/03/26			17:7573987	17:7670669	422725	VCV000422725	rs397516434
NM_000546.6(TP53):c.1039G>T (p.Ala347Ser)	TP53	single nucleotide variant	Hereditary cancer-predisposing syndrome	G: Uncertain significance	criteria provided, single submitter	missense variant, 3 prime UTR variant	A188S, A215S, A347S, A308S	2024/07/24			17:7573988	17:7670670	1773570	VCV001773570	rs1597349147
NM_000546.6(TP53):c.1034A>G (p.Asn345Ser)	TP53	single nucleotide variant	Li-Fraumeni syndrome	G: Uncertain significance	criteria provided, single submitter	missense variant, 3 prime UTR variant, non-coding transcript variant	N213S, N186S, N306S, N345S	2024/05/06			17:7573993	17:7670675	3679774	VCV003679774	
NM_000546.6(TP53):c.1031T>C (p.Leu344Pro)	TP53	single nucleotide variant	Li-Fraumeni syndrome	G: Likely pathogenic	reviewed by expert panel	missense variant, 3 prime UTR variant	L344P, L212P, L305P, L185P	2024/08/05			17:7573996	17:7670678	12375	VCV000012375	rs121912662
NM_000546.6(TP53):c.1030C>A (p.Leu344Met)	TP53	single nucleotide variant	Hereditary cancer-predisposing syndrome	G: Uncertain significance	criteria provided, single submitter	missense variant, 3 prime UTR variant	L185M, L212M, L305M, L344M	2020/08/21			17:7573997	17:7670679	1771001	VCV001771001	rs1597349242
NM_000546.6(TP53):c.1029G>T (p.Glu343Asp)	TP53	single nucleotide variant	Hereditary cancer-predisposing syndrome	G: Benign	criteria provided, single submitter	missense variant, 3 prime UTR variant, non-coding transcript variant	E343D, E184D, E304D, E211D	2024/10/24			17:7573998	17:7670680	3460327	VCV003460327	
NM_000546.6(TP53):c.1029G>C (p.Glu343Asp)	TP53	single nucleotide variant	Adrenocortical carcinoma, hereditary, Li-Fraumeni syndrome	G: Uncertain significance	criteria provided, multiple submitters, no conflicts	missense variant, 3 prime UTR variant, non-coding transcript variant	E184D, E211D, E304D, E343D	2025/11/25			17:7573998	17:7670680	2679227	VCV002679227	rs2150994883
NM_000546.6(TP53):c.1025G>T (p.Arg342Leu)	TP53	single nucleotide variant	Li-Fraumeni syndrome	G: Uncertain significance	criteria provided, single submitter	3 prime UTR variant, missense variant	R183L, R210L, R303L, R342L	2020/02/20			17:7574002	17:7670684	1055894	VCV001055894	rs375338359
NM_000546.6(TP53):c.1025G>C (p.Arg342Pro)	TP53	single nucleotide variant	Li-Fraumeni syndrome	G: Pathogenic	reviewed by expert panel	missense variant, 3 prime UTR variant	R210P, R303P, R342P, R183P	2024/09/06	2024/08/05		17:7574002	17:7670684	215996	VCV000215996	rs375338359
NM_000546.6(TP53):c.1024C>G (p.Arg342Gly)	TP53	single nucleotide variant	Li-Fraumeni syndrome, Hereditary cancer-predisposing syndrome	G: Uncertain significance	criteria provided, multiple submitters, no conflicts	missense variant, 3 prime UTR variant	R183G, R303G, R342G, R210G	2024/04/29			17:7574003	17:7670685	1769035	VCV001769035	rs730882029
NM_000546.6(TP53):c.1023C>G (p.Phe341Leu)	TP53	single nucleotide variant	Hereditary cancer-predisposing syndrome	G: Likely benign	criteria provided, single submitter	missense variant, 3 prime UTR variant, non-coding transcript variant	F209L, F302L, F182L, F341L	2023/06/26			17:7574004	17:7670686	2585878	VCV002585878	rs864622369
NM_000546.6(TP53):c.1021_1022delinsAG (p.Phe341Ser)	TP53	Indel	Hereditary cancer-predisposing syndrome	G: Likely pathogenic	criteria provided, single submitter	missense variant, 3 prime UTR variant, non-coding transcript variant	F209S, F182S, F302S, F341S	2022/12/29			17:7574005	17:7670687	2450748	VCV002450748	rs2543473385
NM_000546.6(TP53):c.1021T>A (p.Phe341Ile)	TP53	single nucleotide variant	Li-Fraumeni syndrome	G: Uncertain significance	criteria provided, single submitter	missense variant, 3 prime UTR variant	F209I, F182I, F302I, F341I	2021/11/29			17:7574006	17:7670688	1395664	VCV001395664	rs2150995025
NM_000546.6(TP53):c.1020G>C (p.Met340Ile)	TP53	single nucleotide variant	not specified	G: Likely benign	criteria provided, single submitter	missense variant, 3 prime UTR variant, non-coding transcript variant	M181I, M208I, M301I, M340I	2025/03/04			17:7574007	17:7670689	3256325	VCV003256325	
NM_000546.6(TP53):c.1020G>T (p.Met340Ile)	TP53	single nucleotide variant	Hereditary cancer-predisposing syndrome	G: Likely benign	criteria provided, single submitter	missense variant, 3 prime UTR variant	M301I, M208I, M340I, M181I	2020/10/30			17:7574007	17:7670689	1759327	VCV001759327	rs1463722976
NM_000546.6(TP53):c.1019T>C (p.Met340Thr)	TP53	single nucleotide variant	Li-Fraumeni syndrome	G: Uncertain significance	criteria provided, single submitter	missense variant, 3 prime UTR variant, non-coding transcript variant	M208T, M340T, M181T, M301T	2025/11/14			17:7574008	17:7670690	4748000	VCV004748000	
NM_000546.6(TP53):c.1019T>A (p.Met340Lys)	TP53	single nucleotide variant	Li-Fraumeni syndrome 1, Li-Fraumeni syndrome, Hereditary cancer-predisposing syndrome	G: Uncertain significance	criteria provided, multiple submitters, no conflicts	missense variant, 3 prime UTR variant	M181K, M301K, M208K, M340K	2025/01/11			17:7574008	17:7670690	818264	VCV000818264	rs1597349348
NM_000546.6(TP53):c.1018A>T (p.Met340Leu)	TP53	single nucleotide variant	Hereditary cancer-predisposing syndrome	G: Likely benign	criteria provided, single submitter	missense variant, 3 prime UTR variant, non-coding transcript variant	M181L, M208L, M301L, M340L	2026/04/28			17:7574009	17:7670691	4865879	VCV004865879	
NM_000546.6(TP53):c.1018A>G (p.Met340Val)	TP53	single nucleotide variant	Hereditary cancer-predisposing syndrome	G: Likely benign	criteria provided, single submitter	3 prime UTR variant, non-coding transcript variant, missense variant	M181V, M208V, M301V, M340V	2026/03/31			17:7574009	17:7670691	4865872	VCV004865872	
NM_000546.6(TP53):c.1013T>G (p.Phe338Cys)	TP53	single nucleotide variant	Li-Fraumeni syndrome, Hereditary cancer-predisposing syndrome	G: Uncertain significance	criteria provided, multiple submitters, no conflicts	missense variant, 3 prime UTR variant	F206C, F299C, F338C, F179C	2025/12/08			17:7574014	17:7670696	628432	VCV000628432	rs1064796401
NM_000546.6(TP53):c.1010G>C (p.Arg337Pro)	TP53	single nucleotide variant	Li-Fraumeni syndrome	G: Likely pathogenic	reviewed by expert panel	missense variant, 3 prime UTR variant	R205P, R298P, R337P, R178P	2025/05/07			17:7574017	17:7670699	177879	VCV000177879	rs121912664
NM_000546.6(TP53):c.1009C>A (p.Arg337Ser)	TP53	single nucleotide variant	Li-Fraumeni syndrome	G: Likely pathogenic	reviewed by expert panel	missense variant, 3 prime UTR variant	R178S, R205S, R298S, R337S	2025/05/07			17:7574018	17:7670700	1019612	VCV001019612	rs587782529
NM_000546.6(TP53):c.1009C>G (p.Arg337Gly)	TP53	single nucleotide variant	Li-Fraumeni syndrome	G: Likely pathogenic	reviewed by expert panel	missense variant, 3 prime UTR variant	R205G, R298G, R337G, R178G	2025/05/07			17:7574018	17:7670700	237938	VCV000237938	rs587782529
NM_000546.6(TP53):c.1009C>T (p.Arg337Cys)	TP53	single nucleotide variant	Li-Fraumeni syndrome	G: Pathogenic	reviewed by expert panel	missense variant, 3 prime UTR variant	R205C, R298C, R337C, R178C	2025/05/07		2025/03/04	17:7574018	17:7670700	142536	VCV000142536	rs587782529
NM_000546.6(TP53):c.1006G>C (p.Glu336Gln)	TP53	single nucleotide variant	Hereditary cancer-predisposing syndrome	G: Likely benign	criteria provided, single submitter	missense variant, 3 prime UTR variant, non-coding transcript variant	E204Q, E297Q, E177Q, E336Q	2023/02/03			17:7574021	17:7670703	2450754	VCV002450754	rs2150995270
NM_000546.6(TP53):c.1004G>T (p.Arg335Leu)	TP53	single nucleotide variant	Hereditary cancer-predisposing syndrome	G: Likely benign	criteria provided, single submitter	missense variant, 3 prime UTR variant, non-coding transcript variant	R203L, R296L, R335L, R176L	2024/06/18			17:7574023	17:7670705	3328160	VCV003328160	
NM_000546.6(TP53):c.1004G>C (p.Arg335Pro)	TP53	single nucleotide variant	Li-Fraumeni syndrome	G: Uncertain significance	criteria provided, single submitter	missense variant, 3 prime UTR variant	R176P, R335P, R296P, R203P	2019/04/01			17:7574023	17:7670705	840626	VCV000840626	rs771939956
NM_000546.6(TP53):c.1001G>T (p.Gly334Val)	TP53	single nucleotide variant		O: Likely oncogenic	criteria provided, single submitter	missense variant, 3 prime UTR variant, non-coding transcript variant	G175V, G202V, G295V, G334V			2025/12/29	17:7574026	17:7670708	3764945	VCV003764945	
NM_000546.6(TP53):c.1000G>T (p.Gly334Trp)	TP53	single nucleotide variant	Hereditary cancer-predisposing syndrome, Li-Fraumeni syndrome 1	G: Likely pathogenic	criteria provided, multiple submitters, no conflicts	missense variant, 3 prime UTR variant	G202W, G295W, G334W, G175W	2022/06/18			17:7574027	17:7670709	428876	VCV000428876	rs730882028
NM_000546.6(TP53):c.997C>G (p.Arg333Gly)	TP53	single nucleotide variant				missense variant, 3 prime UTR variant, non-coding transcript variant	R174G, R201G, R294G, R333G				17:7574030	17:7670712	4427925	VCV004427925	
NM_000546.6(TP53):c.995T>C (p.Ile332Thr)	TP53	single nucleotide variant	Hereditary cancer-predisposing syndrome	G: Uncertain significance	criteria provided, single submitter	missense variant, 3 prime UTR variant	I200T, I293T, I332T, I173T	2020/09/25			17:7574032	17:7670714	1768734	VCV001768734	rs2150995433
NM_000546.6(TP53):c.995T>A (p.Ile332Asn)	TP53	single nucleotide variant	Hereditary cancer-predisposing syndrome	G: Likely pathogenic	criteria provided, single submitter	missense variant, 3 prime UTR variant	I173N, I200N, I293N, I332N	2022/02/04			17:7574032	17:7670714	1768732	VCV001768732	rs2150995433
NM_000546.6(TP53):c.994A>C (p.Ile332Leu)	TP53	single nucleotide variant	Hereditary cancer-predisposing syndrome	G: Likely benign	criteria provided, single submitter	missense variant, 3 prime UTR variant, non-coding transcript variant	I200L, I293L, I173L, I332L	2025/07/16			17:7574033	17:7670715	4189263	VCV004189263	
NM_000546.6(TP53):c.993+312C>G	TP53	single nucleotide variant				missense variant, 3 prime UTR variant, intron variant	S187W, S214W, S307W, S346W				17:7576541	17:7673223	4427927	VCV004427927	
NM_000546.6(TP53):c.993+312C>T	TP53	single nucleotide variant	not specified, Hereditary cancer-predisposing syndrome, Li-Fraumeni syndrome 1	G: Likely benign	criteria provided, multiple submitters, no conflicts	missense variant, 3 prime UTR variant, intron variant	S214L, S346L, S187L, S307L	2022/06/18			17:7576541	17:7673223	492650	VCV000492650	rs756952434
NM_000546.6(TP53):c.993+307C>G	TP53	single nucleotide variant	Hereditary cancer-predisposing syndrome	G: Likely benign	criteria provided, single submitter	missense variant, 3 prime UTR variant, intron variant	N212K, N344K, N305K, N185K	2015/04/08			17:7576546	17:7673228	492647	VCV000492647	rs200274944
NM_000546.6(TP53):c.993+303T>A	TP53	single nucleotide variant	Squamous cell carcinoma of the head and neck	G: Uncertain significance	criteria provided, single submitter	missense variant, 3 prime UTR variant, intron variant	I211K, I343K, I304K, I184K	2019/05/28			17:7576550	17:7673232	584920	VCV000584920	rs1567545268
NM_000546.6(TP53):c.993+290T>C	TP53	single nucleotide variant	Hereditary cancer-predisposing syndrome, Li-Fraumeni syndrome 1	G: Likely benign	criteria provided, multiple submitters, no conflicts	missense variant, 3 prime UTR variant, intron variant	C207R, C339R, C180R, C300R	2022/06/18			17:7576563	17:7673245	492646	VCV000492646	rs1642789
NM_000546.6(TP53):c.993+287T>C	TP53	single nucleotide variant	Li-Fraumeni syndrome 1, Hereditary cancer-predisposing syndrome	G: Likely benign	criteria provided, multiple submitters, no conflicts	missense variant, 3 prime UTR variant, intron variant	W206R, W338R, W179R, W299R	2023/07/07			17:7576566	17:7673248	492645	VCV000492645	rs749361930
NM_000546.6(TP53):c.993+285G>A	TP53	single nucleotide variant	Hereditary cancer-predisposing syndrome	G: Likely benign	criteria provided, single submitter	missense variant, 3 prime UTR variant, intron variant	R205Q, R337Q, R178Q, R298Q	2017/09/24			17:7576568	17:7673250	492644	VCV000492644	rs771319678
NM_000546.6(TP53):c.993+223T>C	TP53	single nucleotide variant	Hereditary cancer-predisposing syndrome	G: Likely benign	criteria provided, single submitter	missense variant, intron variant	C209R, C341R, C302R, C182R	2017/08/17			17:7576630	17:7673312	492638	VCV000492638	rs3021068
NM_000546.6(TP53):c.993+223T>G	TP53	single nucleotide variant	Hereditary cancer-predisposing syndrome, Hereditary breast ovarian cancer syndrome, Li-Fraumeni syndrome 1	G: Benign/Likely benign	criteria provided, multiple submitters, no conflicts	missense variant, intron variant	C209G, C341G, C182G, C302G	2025/02/01			17:7576630	17:7673312	135361	VCV000135361	rs3021068
NM_000546.6(TP53):c.993+216A>C	TP53	single nucleotide variant	Hereditary cancer-predisposing syndrome	G: Likely benign	criteria provided, single submitter	missense variant, intron variant	K206N, K338N, K179N, K299N	2017/10/02			17:7576637	17:7673319	492637	VCV000492637	rs761303879
NM_000546.6(TP53):c.993+203C>T	TP53	single nucleotide variant	Hereditary cancer-predisposing syndrome	G: Likely benign	criteria provided, single submitter	missense variant, intron variant	T175I, T295I, T334I, T202I	2018/12/03			17:7576650	17:7673332	924895	VCV000924895	rs2073127723
NM_000546.6(TP53):c.993+199C>G	TP53	single nucleotide variant	Hereditary cancer-predisposing syndrome	G: Likely benign	criteria provided, single submitter	missense variant, intron variant	Q201E, Q333E, Q174E, Q294E	2017/02/13			17:7576654	17:7673336	492635	VCV000492635	rs764851816
NM_000546.6(TP53):c.993G>T (p.Gln331His)	TP53	single nucleotide variant	Li-Fraumeni syndrome	G: Uncertain significance	criteria provided, single submitter	missense variant, non-coding transcript variant	Q172H, Q199H, Q292H, Q331H	2023/01/29			17:7576853	17:7673535	2832740	VCV002832740	rs11575996
NM_000546.6(TP53):c.993G>C (p.Gln331His)	TP53	single nucleotide variant	Li-Fraumeni syndrome	G: Uncertain significance	criteria provided, single submitter	missense variant	Q199H, Q331H, Q172H, Q292H	2020/12/25		2025/03/04	17:7576853	17:7673535	1497451	VCV001497451	rs11575996
NM_000546.6(TP53):c.991C>A (p.Gln331Lys)	TP53	single nucleotide variant	Li-Fraumeni syndrome 1, Li-Fraumeni syndrome, Hereditary cancer-predisposing syndrome	G: Uncertain significance	criteria provided, multiple submitters, no conflicts	missense variant	Q292K, Q172K, Q199K, Q331K	2022/06/18			17:7576855	17:7673537	823553	VCV000823553	rs1597359130
NM_000546.6(TP53):c.989T>G (p.Leu330Arg)	TP53	single nucleotide variant	not provided, Li-Fraumeni syndrome	G: Uncertain significance	criteria provided, multiple submitters, no conflicts	missense variant	L291R, L198R, L171R, L330R	2025/09/01			17:7576857	17:7673539	1510133	VCV001510133	rs1597359140
NM_000546.6(TP53):c.989T>C (p.Leu330Pro)	TP53	single nucleotide variant	Li-Fraumeni syndrome	G: Uncertain significance	criteria provided, single submitter	missense variant	L171P, L330P, L198P, L291P	2018/10/09			17:7576857	17:7673539	651580	VCV000651580	rs1597359140
NM_000546.6(TP53):c.988C>A (p.Leu330Ile)	TP53	single nucleotide variant	Hereditary cancer-predisposing syndrome	G: Likely benign	criteria provided, single submitter	missense variant, non-coding transcript variant	L171I, L198I, L291I, L330I	2026/04/09			17:7576858	17:7673540	4865862	VCV004865862	
NM_000546.6(TP53):c.988C>G (p.Leu330Val)	TP53	single nucleotide variant	Li-Fraumeni syndrome	G: Uncertain significance	criteria provided, single submitter	missense variant, non-coding transcript variant	L171V, L198V, L291V, L330V	2025/12/05			17:7576858	17:7673540	4800651	VCV004800651	
NM_000546.6(TP53):c.988C>T (p.Leu330Phe)	TP53	single nucleotide variant	Li-Fraumeni syndrome	G: Uncertain significance	criteria provided, single submitter	missense variant	L171F, L198F, L291F, L330F	2020/06/01			17:7576858	17:7673540	1024800	VCV001024800	rs2073148779
NM_000546.6(TP53):c.983T>C (p.Phe328Ser)	TP53	single nucleotide variant	Hereditary cancer-predisposing syndrome, Li-Fraumeni syndrome	G: Uncertain significance	criteria provided, multiple submitters, no conflicts	missense variant	F196S, F289S, F328S, F169S	2026/03/16			17:7576863	17:7673545	648339	VCV000648339	rs1597359175
NM_000546.6(TP53):c.982T>G (p.Phe328Val)	TP53	single nucleotide variant	Li-Fraumeni syndrome	G: Uncertain significance	criteria provided, single submitter	missense variant, non-coding transcript variant	F169V, F196V, F289V, F328V	2025/06/22			17:7576864	17:7673546	4800652	VCV004800652	
NM_000546.6(TP53):c.980A>G (p.Tyr327Cys)	TP53	single nucleotide variant	Li-Fraumeni syndrome	G: Uncertain significance	criteria provided, single submitter	missense variant, non-coding transcript variant	Y195C, Y327C, Y288C, Y168C	2023/01/16			17:7576866	17:7673548	2783073	VCV002783073	rs2151011151
NM_000546.6(TP53):c.978A>C (p.Glu326Asp)	TP53	single nucleotide variant	Hereditary cancer-predisposing syndrome	G: Likely benign	criteria provided, single submitter	missense variant, non-coding transcript variant	E194D, E167D, E287D, E326D	2025/05/23			17:7576868	17:7673550	3972458	VCV003972458	
NM_000546.6(TP53):c.978A>T (p.Glu326Asp)	TP53	single nucleotide variant	Hereditary cancer-predisposing syndrome, Adrenocortical carcinoma, hereditary, Li-Fraumeni syndrome	G: Uncertain significance	criteria provided, multiple submitters, no conflicts	missense variant	E167D, E194D, E287D, E326D	2024/01/04			17:7576868	17:7673550	1021810	VCV001021810	rs1000256867
NM_000546.6(TP53):c.977A>T (p.Glu326Val)	TP53	single nucleotide variant	Acute myeloid leukemia	G: Likely pathogenic	no assertion criteria provided	missense variant, non-coding transcript variant	E167V, E194V, E287V, E326V				17:7576869	17:7673551	2578514	VCV002578514	rs2151011218
NM_000546.6(TP53):c.972T>A (p.Asp324Glu)	TP53	single nucleotide variant	Hereditary cancer-predisposing syndrome	G: Likely benign	criteria provided, single submitter	missense variant, non-coding transcript variant	D165E, D192E, D285E, D324E	2023/03/07			17:7576874	17:7673556	2450758	VCV002450758	rs2151011317
NM_000546.6(TP53):c.970G>A (p.Asp324Asn)	TP53	single nucleotide variant	Acute myeloid leukemia	G: Benign	no assertion criteria provided	missense variant, non-coding transcript variant	D165N, D192N, D285N, D324N				17:7576876	17:7673558	2578516	VCV002578516	rs1064794810
NM_000546.6(TP53):c.970G>T (p.Asp324Tyr)	TP53	single nucleotide variant	Li-Fraumeni syndrome, Hereditary cancer-predisposing syndrome	G: Uncertain significance	criteria provided, multiple submitters, no conflicts	missense variant	D192Y, D285Y, D324Y, D165Y	2025/11/20			17:7576876	17:7673558	630832	VCV000630832	rs1064794810
NM_000546.6(TP53):c.968T>C (p.Leu323Pro)	TP53	single nucleotide variant	Hereditary cancer-predisposing syndrome	G: Uncertain significance	criteria provided, single submitter	missense variant	L191P, L164P, L284P, L323P	2019/01/30			17:7576878	17:7673560	823403	VCV000823403	rs1597359353
NM_000546.6(TP53):c.967C>G (p.Leu323Val)	TP53	single nucleotide variant	Adrenocortical carcinoma, hereditary	G: Uncertain significance	criteria provided, single submitter	missense variant, non-coding transcript variant	L164V, L191V, L284V, L323V	2023/06/02			17:7576879	17:7673561	2679234	VCV002679234	rs1432281680
NM_000546.6(TP53):c.965C>G (p.Pro322Arg)	TP53	single nucleotide variant	Adrenocortical carcinoma, hereditary	G: Uncertain significance	criteria provided, single submitter	missense variant, non-coding transcript variant	P163R, P190R, P283R, P322R	2023/10/18			17:7576881	17:7673563	2679228	VCV002679228	rs2151011469
NM_000546.6(TP53):c.964C>G (p.Pro322Ala)	TP53	single nucleotide variant	Li-Fraumeni syndrome	G: Uncertain significance	criteria provided, single submitter	missense variant	P163A, P190A, P283A, P322A	2022/09/24			17:7576882	17:7673564	1720306	VCV001720306	rs863224687
NM_000546.6(TP53):c.964C>A (p.Pro322Thr)	TP53	single nucleotide variant	Hereditary cancer-predisposing syndrome	G: Uncertain significance	criteria provided, single submitter	missense variant	P190T, P283T, P322T, P163T	2015/04/28			17:7576882	17:7673564	231553	VCV000231553	rs863224687
NM_000546.6(TP53):c.962A>C (p.Lys321Thr)	TP53	single nucleotide variant	Hereditary cancer-predisposing syndrome	G: Uncertain significance	criteria provided, single submitter	missense variant, non-coding transcript variant	K162T, K189T, K282T, K321T	2022/03/31			17:7576884	17:7673566	3893199	VCV003893199	
NM_000546.6(TP53):c.959A>C (p.Lys320Thr)	TP53	single nucleotide variant	Hereditary cancer-predisposing syndrome, Li-Fraumeni syndrome	G: Uncertain significance	criteria provided, multiple submitters, no conflicts	missense variant, non-coding transcript variant	K161T, K188T, K281T, K320T	2025/08/13			17:7576887	17:7673569	3071811	VCV003071811	rs2151011608
NM_000546.6(TP53):c.956A>C (p.Lys319Thr)	TP53	single nucleotide variant	Hereditary cancer-predisposing syndrome	G: Likely benign	criteria provided, single submitter	missense variant, non-coding transcript variant	K187T, K160T, K280T, K319T	2024/05/01			17:7576890	17:7673572	3328169	VCV003328169	
NM_000546.6(TP53):c.953C>G (p.Pro318Arg)	TP53	single nucleotide variant	Li-Fraumeni syndrome	G: Uncertain significance	criteria provided, single submitter	missense variant	P159R, P186R, P279R, P318R	2022/01/12			17:7576893	17:7673575	2081538	VCV002081538	rs1555524975
NM_000546.6(TP53):c.952C>T (p.Pro318Ser)	TP53	single nucleotide variant	Acute myeloid leukemia	G: Benign	no assertion criteria provided	missense variant, non-coding transcript variant	P159S, P186S, P279S, P318S				17:7576894	17:7673576	2575170	VCV002575170	rs2151011743
NM_000546.6(TP53):c.950A>T (p.Gln317Leu)	TP53	single nucleotide variant	Adrenocortical carcinoma, hereditary, Li-Fraumeni syndrome	G: Uncertain significance	criteria provided, multiple submitters, no conflicts	missense variant	Q278L, Q185L, Q158L, Q317L	2024/10/17			17:7576896	17:7673578	855943	VCV000855943	rs1159579789
NM_000546.6(TP53):c.944C>T (p.Ser315Phe)	TP53	single nucleotide variant	Li-Fraumeni syndrome	G: Uncertain significance	criteria provided, single submitter	missense variant	S156F, S183F, S276F, S315F	2021/01/26			17:7576902	17:7673584	1009427	VCV001009427	rs2073157445
NM_000546.6(TP53):c.944C>G (p.Ser315Cys)	TP53	single nucleotide variant	Hereditary cancer-predisposing syndrome, Li-Fraumeni syndrome	G: Uncertain significance	criteria provided, multiple submitters, no conflicts	missense variant	S315C, S276C, S156C, S183C	2025/03/12			17:7576902	17:7673584	927085	VCV000927085	rs2073157445
NM_000546.6(TP53):c.943T>C (p.Ser315Pro)	TP53	single nucleotide variant	Hereditary cancer-predisposing syndrome, Li-Fraumeni syndrome	G: Uncertain significance	criteria provided, multiple submitters, no conflicts	missense variant, non-coding transcript variant	S276P, S156P, S183P, S315P	2025/04/28			17:7576903	17:7673585	2891760	VCV002891760	rs762620193
NM_000546.6(TP53):c.941C>G (p.Ser314Cys)	TP53	single nucleotide variant	Adrenocortical carcinoma, hereditary, Li-Fraumeni syndrome	G: Uncertain significance	criteria provided, multiple submitters, no conflicts	missense variant	S314C, S275C, S155C, S182C	2024/02/07			17:7576905	17:7673587	848532	VCV000848532	rs751440465
NM_000546.6(TP53):c.938G>A (p.Ser313Asn)	TP53	single nucleotide variant	Hereditary cancer-predisposing syndrome	G: Likely benign	criteria provided, single submitter	missense variant, non-coding transcript variant	S154N, S181N, S313N, S274N	2023/01/17			17:7576908	17:7673590	2450750	VCV002450750	rs2151012123
NM_000546.6(TP53):c.935C>A (p.Thr312Asn)	TP53	single nucleotide variant	Hereditary cancer-predisposing syndrome	G: Likely benign	criteria provided, single submitter	missense variant	T180N, T312N, T153N, T273N	2022/06/07			17:7576911	17:7673593	1766672	VCV001766672	rs145151284
NM_000546.6(TP53):c.935C>T (p.Thr312Ile)	TP53	single nucleotide variant	not specified, Li-Fraumeni syndrome	G: Uncertain significance	criteria provided, multiple submitters, no conflicts	missense variant	T153I, T180I, T273I, T312I	2025/03/04			17:7576911	17:7673593	1697592	VCV001697592	rs145151284
NM_000546.6(TP53):c.934A>G (p.Thr312Ala)	TP53	single nucleotide variant	Adrenocortical carcinoma, hereditary	G: Uncertain significance	criteria provided, single submitter	missense variant, non-coding transcript variant	T153A, T180A, T273A, T312A	2023/07/12			17:7576912	17:7673594	2679231	VCV002679231	rs2151012176
NM_000546.6(TP53):c.932A>C (p.Asn311Thr)	TP53	single nucleotide variant	Hereditary cancer-predisposing syndrome, Li-Fraumeni syndrome 1, Li-Fraumeni syndrome	G: Uncertain significance	criteria provided, multiple submitters, no conflicts	missense variant	N179T, N272T, N311T, N152T	2022/06/18			17:7576914	17:7673596	219969	VCV000219969	rs56184981
NM_000546.6(TP53):c.930C>G (p.Asn310Lys)	TP53	single nucleotide variant	Hereditary cancer-predisposing syndrome	G: Likely benign	criteria provided, single submitter	missense variant	N178K, N271K, N310K, N151K	2020/10/30			17:7576916	17:7673598	428879	VCV000428879	rs876660829
NM_000546.6(TP53):c.929A>G (p.Asn310Ser)	TP53	single nucleotide variant	Hereditary cancer-predisposing syndrome	G: Likely benign	criteria provided, single submitter	missense variant	N178S, N271S, N310S, N151S	2020/10/28			17:7576917	17:7673599	1766454	VCV001766454	rs2151012288
NM_000546.6(TP53):c.929A>T (p.Asn310Ile)	TP53	single nucleotide variant	Li-Fraumeni syndrome	G: Uncertain significance	criteria provided, single submitter	missense variant	N151I, N178I, N271I, N310I	2024/04/29			17:7576917	17:7673599	1720175	VCV001720175	rs2151012288
NM_000546.6(TP53):c.928A>C (p.Asn310His)	TP53	single nucleotide variant	Li-Fraumeni syndrome	G: Uncertain significance	criteria provided, single submitter	missense variant, non-coding transcript variant	N178H, N310H, N151H, N271H	2023/03/01			17:7576918	17:7673600	2841682	VCV002841682	rs1597359691
NM_000546.6(TP53):c.926C>T (p.Pro309Leu)	TP53	single nucleotide variant	Adrenocortical carcinoma, hereditary, Li-Fraumeni syndrome	G: Uncertain significance	criteria provided, multiple submitters, no conflicts	missense variant	P150L, P309L, P177L, P270L	2024/01/11			17:7576920	17:7673602	1471105	VCV001471105	rs2151012345
NM_000546.6(TP53):c.925C>A (p.Pro309Thr)	TP53	single nucleotide variant	Li-Fraumeni syndrome	G: Uncertain significance	criteria provided, single submitter	missense variant, non-coding transcript variant	P309T, P177T, P270T, P150T	2024/05/11			17:7576921	17:7673603	3634423	VCV003634423	
NM_000546.6(TP53):c.920C>G (p.Ala307Gly)	TP53	single nucleotide variant	Hereditary cancer-predisposing syndrome	G: Likely benign	criteria provided, single submitter	missense variant	A175G, A268G, A307G, A148G	2025/05/27			17:7576926	17:7673608	485027	VCV000485027	rs1457582183
NM_000546.6(TP53):c.919G>C (p.Ala307Pro)	TP53	single nucleotide variant	Hereditary cancer-predisposing syndrome, Li-Fraumeni syndrome	G: Uncertain significance	criteria provided, multiple submitters, no conflicts	missense variant	A175P, A307P, A268P, A148P	2025/01/26			17:7577019	17:7673701	1766148	VCV001766148	rs2151013719
NM_000546.6(TP53):c.916C>G (p.Arg306Gly)	TP53	single nucleotide variant	Hereditary cancer-predisposing syndrome	G: Uncertain significance	criteria provided, single submitter	missense variant, non-coding transcript variant	R174G, R147G, R306G, R267G	2024/06/20			17:7577022	17:7673704	3328176	VCV003328176	
NM_000546.6(TP53):c.911C>G (p.Thr304Ser)	TP53	single nucleotide variant	Li-Fraumeni syndrome	G: Uncertain significance	criteria provided, single submitter	missense variant, non-coding transcript variant	T304S, T172S, T265S, T145S	2024/08/07			17:7577027	17:7673709	3634424	VCV003634424	
NM_000546.6(TP53):c.905G>C (p.Gly302Ala)	TP53	single nucleotide variant	Hereditary cancer-predisposing syndrome	G: Likely benign	criteria provided, single submitter	missense variant, non-coding transcript variant	G170A, G263A, G143A, G302A	2024/03/18			17:7577033	17:7673715	3328162	VCV003328162	
NM_000546.6(TP53):c.904G>C (p.Gly302Arg)	TP53	single nucleotide variant	Li-Fraumeni syndrome	G: Uncertain significance	criteria provided, single submitter	missense variant	G170R, G263R, G302R, G143R	2015/08/29			17:7577034	17:7673716	216473	VCV000216473	rs863224686
NM_000546.6(TP53):c.901C>T (p.Pro301Ser)	TP53	single nucleotide variant	Li-Fraumeni syndrome	G: Uncertain significance	criteria provided, single submitter	missense variant	P142S, P169S, P301S, P262S	2025/06/15			17:7577037	17:7673719	1469089	VCV001469089	rs2151014122
NM_000546.6(TP53):c.901C>G (p.Pro301Ala)	TP53	single nucleotide variant	Hereditary cancer-predisposing syndrome	G: Uncertain significance	criteria provided, single submitter	missense variant	P142A, P169A, P262A, P301A	2021/02/26			17:7577037	17:7673719	1332597	VCV001332597	rs2151014122
NM_000546.6(TP53):c.899C>T (p.Pro300Leu)	TP53	single nucleotide variant	Hereditary cancer-predisposing syndrome	G: Likely benign	criteria provided, single submitter	missense variant	P141L, P168L, P261L, P300L	2014/12/05			17:7577039	17:7673721	1765377	VCV001765377	rs909643864
NM_000546.6(TP53):c.898C>T (p.Pro300Ser)	TP53	single nucleotide variant	Li-Fraumeni syndrome	G: Uncertain significance	criteria provided, single submitter	missense variant, non-coding transcript variant	P300S, P261S, P141S, P168S	2024/08/07			17:7577040	17:7673722	3634425	VCV003634425	
NM_000546.6(TP53):c.895C>G (p.Leu299Val)	TP53	single nucleotide variant	Hereditary cancer-predisposing syndrome	G: Likely benign	criteria provided, single submitter	non-coding transcript variant, missense variant	L140V, L167V, L260V, L299V	2026/01/28			17:7577043	17:7673725	4824211	VCV004824211	
NM_000546.6(TP53):c.894G>C (p.Glu298Asp)	TP53	single nucleotide variant	Li-Fraumeni syndrome	G: Uncertain significance	criteria provided, single submitter	missense variant, non-coding transcript variant	E166D, E259D, E139D, E298D	2023/06/26			17:7577044	17:7673726	2863364	VCV002863364	rs756123992
NM_000546.6(TP53):c.893A>C (p.Glu298Ala)	TP53	single nucleotide variant	Adrenocortical carcinoma, hereditary	G: Uncertain significance	criteria provided, single submitter	missense variant, non-coding transcript variant	E139A, E166A, E259A, E298A	2023/05/03			17:7577045	17:7673727	2679238	VCV002679238	rs2073176960
NM_000546.6(TP53):c.893A>G (p.Glu298Gly)	TP53	single nucleotide variant	Hereditary cancer-predisposing syndrome	G: Uncertain significance	criteria provided, single submitter	missense variant	E166G, E298G, E259G, E139G	2019/10/03			17:7577045	17:7673727	927512	VCV000927512	rs2073176960
NM_000546.6(TP53):c.891C>G (p.His297Gln)	TP53	single nucleotide variant	Hereditary cancer-predisposing syndrome, Li-Fraumeni syndrome 1	G: Uncertain significance	criteria provided, multiple submitters, no conflicts	missense variant	H258Q, H297Q, H138Q, H165Q	2022/06/18			17:7577047	17:7673729	926470	VCV000926470	rs750578863
NM_000546.6(TP53):c.891C>A (p.His297Gln)	TP53	single nucleotide variant	Li-Fraumeni syndrome	G: Uncertain significance	criteria provided, single submitter	missense variant	H258Q, H297Q, H165Q, H138Q	2022/10/04			17:7577047	17:7673729	660046	VCV000660046	rs750578863
NM_000546.6(TP53):c.890A>G (p.His297Arg)	TP53	single nucleotide variant	Hereditary cancer-predisposing syndrome, Li-Fraumeni syndrome	G: Uncertain significance	criteria provided, multiple submitters, no conflicts	missense variant	H165R, H258R, H297R, H138R	2024/08/12			17:7577048	17:7673730	231990	VCV000231990	rs876659477
NM_000546.6(TP53):c.889C>T (p.His297Tyr)	TP53	single nucleotide variant	Li-Fraumeni syndrome	G: Uncertain significance	criteria provided, single submitter	missense variant	H138Y, H258Y, H297Y, H165Y	2022/09/04			17:7577049	17:7673731	1933263	VCV001933263	rs2543537758
NM_000546.6(TP53):c.887A>G (p.His296Arg)	TP53	single nucleotide variant	not provided	G: Likely pathogenic	no assertion criteria provided	missense variant	H164R, H257R, H296R, H137R				17:7577051	17:7673733	100816	VCV000100816	rs483352696
NM_000546.6(TP53):c.884C>A (p.Pro295His)	TP53	single nucleotide variant	not specified	G: Uncertain significance	criteria provided, single submitter	missense variant, non-coding transcript variant	P136H, P163H, P256H, P295H	2024/06/17			17:7577054	17:7673736	3340041	VCV003340041	
NM_000546.6(TP53):c.883C>T (p.Pro295Ser)	TP53	single nucleotide variant	Li-Fraumeni syndrome	G: Likely benign	reviewed by expert panel	missense variant	P163S, P256S, P295S, P136S	2024/08/05			17:7577055	17:7673737	428862	VCV000428862	rs1131691006
NM_000546.6(TP53):c.882G>T (p.Glu294Asp)	TP53	single nucleotide variant	Li-Fraumeni syndrome	G: Uncertain significance	criteria provided, single submitter	missense variant, non-coding transcript variant	E135D, E162D, E255D, E294D	2025/02/19			17:7577056	17:7673738	4800653	VCV004800653	
NM_000546.6(TP53):c.881A>C (p.Glu294Ala)	TP53	single nucleotide variant	Li-Fraumeni syndrome	G: Uncertain significance	criteria provided, single submitter	missense variant	E162A, E294A, E135A, E255A	2025/11/17			17:7577057	17:7673739	1494469	VCV001494469	rs2151014555
NM_000546.6(TP53):c.877G>C (p.Gly293Arg)	TP53	single nucleotide variant	Li-Fraumeni syndrome	G: Uncertain significance	criteria provided, single submitter	missense variant	G293R, G161R, G134R, G254R	2022/03/08			17:7577061	17:7673743	1365220	VCV001365220	rs587780076
NM_000546.6(TP53):c.876A>T (p.Lys292Asn)	TP53	single nucleotide variant	Adrenocortical carcinoma, hereditary, Li-Fraumeni syndrome	G: Uncertain significance	criteria provided, multiple submitters, no conflicts	missense variant, non-coding transcript variant	K133N, K160N, K253N, K292N	2024/02/25			17:7577062	17:7673744	2679235	VCV002679235	rs2073180917
NM_000546.6(TP53):c.876A>C (p.Lys292Asn)	TP53	single nucleotide variant	Li-Fraumeni syndrome	G: Uncertain significance	criteria provided, single submitter	missense variant	K133N, K160N, K253N, K292N	2022/09/01			17:7577062	17:7673744	1718571	VCV001718571	rs2073180917
NM_000546.6(TP53):c.872A>G (p.Lys291Arg)	TP53	single nucleotide variant	Li-Fraumeni syndrome	G: Uncertain significance	criteria provided, single submitter	missense variant, non-coding transcript variant	K159R, K291R, K252R, K132R	2025/12/22			17:7577066	17:7673748	4710305	VCV004710305	
NM_000546.6(TP53):c.871A>C (p.Lys291Gln)	TP53	single nucleotide variant	Li-Fraumeni syndrome	G: Uncertain significance	criteria provided, single submitter	missense variant	K132Q, K159Q, K252Q, K291Q	2020/12/31			17:7577067	17:7673749	1061526	VCV001061526	rs1555525126
NM_000546.6(TP53):c.870_871delinsAC (p.Lys291Gln)	TP53	Indel	Li-Fraumeni syndrome	G: Uncertain significance	criteria provided, single submitter	missense variant	K159Q, K252Q, K291Q, K132Q	2016/06/05			17:7577067	17:7673749	406594	VCV000406594	rs1060501205
NM_000546.6(TP53):c.869G>C (p.Arg290Pro)	TP53	single nucleotide variant	Li-Fraumeni syndrome	G: Uncertain significance	criteria provided, single submitter	missense variant	R158P, R251P, R290P, R131P	2023/08/27			17:7577069	17:7673751	458572	VCV000458572	rs55819519
NM_000546.6(TP53):c.868C>A (p.Arg290Ser)	TP53	single nucleotide variant	Li-Fraumeni syndrome	G: Uncertain significance	criteria provided, single submitter	missense variant, non-coding transcript variant	R290S, R131S, R251S, R158S	2025/11/05			17:7577070	17:7673752	4753418	VCV004753418	
NM_000546.6(TP53):c.867_868delinsAA (p.Arg290Ser)	TP53	Indel	not specified	G: Uncertain significance	criteria provided, single submitter	missense variant	R131S, R158S, R251S, R290S	2018/01/22			17:7577070	17:7673752	1338368	VCV001338368	rs2151014889
NM_000546.6(TP53):c.863A>C (p.Asn288Thr)	TP53	single nucleotide variant	Li-Fraumeni syndrome	G: Uncertain significance	criteria provided, single submitter	missense variant	N129T, N249T, N288T, N156T	2022/03/31			17:7577075	17:7673757	2119726	VCV002119726	rs2151015059
NM_000546.6(TP53):c.860A>G (p.Glu287Gly)	TP53	single nucleotide variant	Hereditary cancer-predisposing syndrome	G: Likely benign	criteria provided, single submitter	missense variant, non-coding transcript variant	E128G, E155G, E248G, E287G	2025/09/10			17:7577078	17:7673760	4757808	VCV004757808	
NM_000546.6(TP53):c.858A>C (p.Glu286Asp)	TP53	single nucleotide variant	Hereditary cancer-predisposing syndrome	G: Uncertain significance	criteria provided, single submitter	missense variant, non-coding transcript variant	E127D, E154D, E247D, E286D	2024/12/10			17:7577080	17:7673762	3893866	VCV003893866	
NM_000546.6(TP53):c.857A>C (p.Glu286Ala)	TP53	single nucleotide variant	Li-Fraumeni syndrome 1	G: Likely pathogenic	criteria provided, single submitter	missense variant	E154A, E247A, E286A, E127A	2024/02/21			17:7577081	17:7673763	376593	VCV000376593	rs1057519985
NM_000546.6(TP53):c.856G>A (p.Glu286Lys)	TP53	single nucleotide variant	Hereditary cancer-predisposing syndrome, not provided, Li-Fraumeni syndrome 1, Li-Fraumeni syndrome	G: Pathogenic/Likely pathogenic	criteria provided, multiple submitters, no conflicts	missense variant	E154K, E247K, E286K, E127K	2025/07/03	2025/06/05	2025/03/04	17:7577082	17:7673764	183752	VCV000183752	rs786201059
NM_000546.6(TP53):c.854A>G (p.Glu285Gly)	TP53	single nucleotide variant	Hereditary cancer-predisposing syndrome, Li-Fraumeni syndrome	G: Uncertain significance	criteria provided, multiple submitters, no conflicts	missense variant	E126G, E246G, E153G, E285G	2025/05/07			17:7577084	17:7673766	919894	VCV000919894	rs121912667
NM_000546.6(TP53):c.854A>T (p.Glu285Val)	TP53	single nucleotide variant	Li-Fraumeni syndrome	G: Pathogenic	criteria provided, single submitter	missense variant	E285V, E153V, E246V, E126V	2018/12/21		2025/03/04	17:7577084	17:7673766	12384	VCV000012384	rs121912667
NM_000546.6(TP53):c.851C>G (p.Thr284Arg)	TP53	single nucleotide variant	Adrenocortical carcinoma, hereditary	G: Uncertain significance	criteria provided, single submitter	missense variant, non-coding transcript variant	T125R, T152R, T245R, T284R	2023/08/09			17:7577087	17:7673769	2679230	VCV002679230	rs863224685
NM_000546.6(TP53):c.847C>G (p.Arg283Gly)	TP53	single nucleotide variant	Li-Fraumeni syndrome, Hereditary cancer-predisposing syndrome	G: Uncertain significance	criteria provided, multiple submitters, no conflicts	missense variant	R151G, R244G, R283G, R124G	2025/05/20			17:7577091	17:7673773	580186	VCV000580186	rs149633775
NM_000546.6(TP53):c.845G>C (p.Arg282Pro)	TP53	single nucleotide variant	Adrenocortical carcinoma, hereditary, Glioma susceptibility 1, Bone osteosarcoma, Basal cell carcinoma, susceptibility to, 7, Nasopharyngeal carcinoma, Bone marrow failure syndrome 5, Familial cancer of breast, Carcinoma of pancreas, Choroid plexus papilloma, Hepatocellular carcinoma, Li-Fraumeni syndrome 1, Colorectal cancer, Hereditary cancer-predisposing syndrome, Li-Fraumeni syndrome, Squamous cell carcinoma of the head and neck	G: Pathogenic/Likely pathogenic	criteria provided, multiple submitters, no conflicts	missense variant	R150P, R243P, R282P, R123P	2025/09/15			17:7577093	17:7673775	376659	VCV000376659	rs730882008
NM_000546.6(TP53):c.844C>G (p.Arg282Gly)	TP53	single nucleotide variant	Hereditary cancer-predisposing syndrome, not provided, Li-Fraumeni syndrome 1, Li-Fraumeni syndrome	G: Pathogenic	criteria provided, multiple submitters, no conflicts	missense variant	R150G, R243G, R282G, R123G	2025/10/31			17:7577094	17:7673776	140821	VCV000140821	rs28934574
NM_000546.6(TP53):c.842A>C (p.Asp281Ala)	TP53	single nucleotide variant	Hereditary cancer-predisposing syndrome, Adrenocortical carcinoma, hereditary, Li-Fraumeni syndrome	G: Pathogenic/Likely pathogenic	criteria provided, multiple submitters, no conflicts	missense variant	D149A, D242A, D281A, D122A	2025/03/07	2025/06/03		17:7577096	17:7673778	376589	VCV000376589	rs587781525
NM_000546.6(TP53):c.842A>T (p.Asp281Val)	TP53	single nucleotide variant	Adrenocortical carcinoma, hereditary, Familial cancer of breast, Glioma susceptibility 1, Li-Fraumeni syndrome 1, Choroid plexus papilloma, Bone marrow failure syndrome 5, Bone osteosarcoma, Basal cell carcinoma, susceptibility to, 7, Familial pancreatic carcinoma, Hepatocellular carcinoma, Nasopharyngeal carcinoma, Colorectal cancer, Hereditary cancer-predisposing syndrome, not provided, Li-Fraumeni syndrome	G: Pathogenic/Likely pathogenic	criteria provided, multiple submitters, no conflicts	missense variant	D149V, D242V, D281V, D122V	2025/07/02			17:7577096	17:7673778	182968	VCV000182968	rs587781525
NM_000546.6(TP53):c.841G>A (p.Asp281Asn)	TP53	single nucleotide variant	Hereditary cancer-predisposing syndrome, not provided, Li-Fraumeni syndrome	G: Pathogenic/Likely pathogenic	criteria provided, multiple submitters, no conflicts	missense variant	D149N, D242N, D281N, D122N	2025/12/29		2025/12/29	17:7577097	17:7673779	376586	VCV000376586	rs764146326
NM_000546.6(TP53):c.841G>T (p.Asp281Tyr)	TP53	single nucleotide variant	Hereditary cancer-predisposing syndrome, Li-Fraumeni syndrome 1, Li-Fraumeni syndrome	G: Pathogenic/Likely pathogenic	criteria provided, multiple submitters, no conflicts	missense variant	D149Y, D242Y, D281Y, D122Y	2025/07/01	2024/10/22	2025/03/04	17:7577097	17:7673779	376585	VCV000376585	rs764146326
NM_000546.6(TP53):c.838_840delinsCTC (p.Arg280Leu)	TP53	Indel	Li-Fraumeni syndrome	G: Uncertain significance	criteria provided, single submitter	missense variant	R121L, R241L, R280L, R148L	2020/08/31			17:7577098	17:7673780	1042468	VCV001042468	rs2073193451
NM_000546.6(TP53):c.840A>C (p.Arg280Ser)	TP53	single nucleotide variant	Hereditary cancer-predisposing syndrome, Li-Fraumeni syndrome 1	G: Pathogenic/Likely pathogenic	criteria provided, multiple submitters, no conflicts	missense variant	R148S, R241S, R280S, R121S	2024/02/20			17:7577098	17:7673780	634747	VCV000634747	rs1567547687
NM_000546.6(TP53):c.836G>C (p.Gly279Ala)	TP53	single nucleotide variant	Li-Fraumeni syndrome	G: Uncertain significance	criteria provided, single submitter	missense variant, non-coding transcript variant	G240A, G120A, G147A, G279A	2025/02/07			17:7577102	17:7673784	4690734	VCV004690734	
NM_000546.6(TP53):c.835G>T (p.Gly279Trp)	TP53	single nucleotide variant		S: Tier I - Strong	criteria provided, single submitter	missense variant, non-coding transcript variant	G120W, G147W, G240W, G279W		2025/09/29		17:7577103	17:7673785	4530243	VCV004530243	
NM_000546.6(TP53):c.832_833delinsGT (p.Pro278Val)	TP53	Indel		O: Likely oncogenic	criteria provided, single submitter	missense variant, non-coding transcript variant	P119V, P146V, P239V, P278V			2025/03/04	17:7577105	17:7673787	3764814	VCV003764814	
NM_000546.6(TP53):c.832C>A (p.Pro278Thr)	TP53	single nucleotide variant	Hereditary cancer-predisposing syndrome, Li-Fraumeni syndrome 1, Li-Fraumeni syndrome	G: Pathogenic/Likely pathogenic	criteria provided, multiple submitters, no conflicts	missense variant	P146T, P239T, P278T, P119T	2025/08/10			17:7577106	17:7673788	376643	VCV000376643	rs17849781
NM_000546.6(TP53):c.831T>G (p.Cys277Trp)	TP53	single nucleotide variant	Hereditary cancer-predisposing syndrome, Li-Fraumeni syndrome	G: Uncertain significance	criteria provided, multiple submitters, no conflicts	missense variant	C145W, C277W, C238W, C118W	2025/03/29			17:7577107	17:7673789	1762926	VCV001762926	rs1057523347
NM_000546.6(TP53):c.829T>G (p.Cys277Gly)	TP53	single nucleotide variant	Li-Fraumeni syndrome	G: Likely pathogenic	reviewed by expert panel	missense variant, non-coding transcript variant	C145G, C238G, C277G, C118G	2025/12/05			17:7577109	17:7673791	2757236	VCV002757236	rs1064795369
NM_000546.6(TP53):c.827C>T (p.Ala276Val)	TP53	single nucleotide variant	Hereditary cancer-predisposing syndrome	G: Uncertain significance	criteria provided, single submitter	missense variant, non-coding transcript variant	A117V, A144V, A237V, A276V	2024/07/24			17:7577111	17:7673793	3893198	VCV003893198	
NM_000546.6(TP53):c.827C>G (p.Ala276Gly)	TP53	single nucleotide variant	Hereditary cancer-predisposing syndrome, not provided, Li-Fraumeni syndrome	G: Pathogenic/Likely pathogenic	criteria provided, multiple submitters, no conflicts	missense variant	A144G, A237G, A276G, A117G	2025/12/29			17:7577111	17:7673793	185319	VCV000185319	rs786202082
NM_000546.6(TP53):c.826G>A (p.Ala276Thr)	TP53	single nucleotide variant	Hereditary cancer-predisposing syndrome, Li-Fraumeni syndrome, Li-Fraumeni syndrome 1	G: Uncertain significance	criteria provided, multiple submitters, no conflicts	missense variant	A117T, A276T, A144T, A237T	2025/07/08			17:7577112	17:7673794	827547	VCV000827547	rs1131691029
NM_000546.6(TP53):c.824G>T (p.Cys275Phe)	TP53	single nucleotide variant	Hereditary cancer-predisposing syndrome, Li-Fraumeni syndrome	G: Pathogenic	criteria provided, multiple submitters, no conflicts	missense variant	C143F, C236F, C275F, C116F	2026/01/11	2023/10/06	2025/03/04	17:7577114	17:7673796	376582	VCV000376582	rs863224451
NM_000546.6(TP53):c.824G>A (p.Cys275Tyr)	TP53	single nucleotide variant	Hereditary cancer-predisposing syndrome, not provided, Li-Fraumeni syndrome, Adrenocortical carcinoma, hereditary, Li-Fraumeni syndrome 1	G: Pathogenic/Likely pathogenic	criteria provided, multiple submitters, no conflicts	missense variant	C143Y, C236Y, C275Y, C116Y	2025/09/07		2025/03/04	17:7577114	17:7673796	215997	VCV000215997	rs863224451
NM_000546.6(TP53):c.823T>A (p.Cys275Ser)	TP53	single nucleotide variant	Li-Fraumeni syndrome	G: Uncertain significance	criteria provided, single submitter	missense variant	C143S, C275S, C236S, C116S	2022/11/09			17:7577115	17:7673797	960924	VCV000960924	rs1057519983
NM_000546.6(TP53):c.821_822inv (p.Val274Glu)	TP53	Inversion	Li-Fraumeni syndrome	G: Uncertain significance	criteria provided, single submitter	missense variant	V115E, V235E, V142E, V274E	2021/10/16			17:7577116	17:7673798	1417760	VCV001417760	
NM_000546.6(TP53):c.820G>A (p.Val274Ile)	TP53	single nucleotide variant	Hereditary cancer-predisposing syndrome	G: Benign	criteria provided, single submitter	missense variant, non-coding transcript variant	V142I, V115I, V235I, V274I	2024/10/11			17:7577118	17:7673800	3460325	VCV003460325	
NM_000546.6(TP53):c.818G>T (p.Arg273Leu)	TP53	single nucleotide variant	Adrenocortical carcinoma, hereditary, Glioma susceptibility 1, Bone osteosarcoma, Basal cell carcinoma, susceptibility to, 7, Nasopharyngeal carcinoma, Bone marrow failure syndrome 5, Familial cancer of breast, Carcinoma of pancreas, Choroid plexus papilloma, Hepatocellular carcinoma, Li-Fraumeni syndrome 1, Colorectal cancer, Hereditary cancer-predisposing syndrome, not provided, Li-Fraumeni syndrome	G: Pathogenic	criteria provided, multiple submitters, no conflicts	missense variant	R141L, R234L, R273L, R114L	2025/05/11	2024/03/11	2025/03/04	17:7577120	17:7673802	376655	VCV000376655	rs28934576
NM_000546.6(TP53):c.818G>C (p.Arg273Pro)	TP53	single nucleotide variant	Hereditary cancer-predisposing syndrome, not provided, Li-Fraumeni syndrome 1, Li-Fraumeni syndrome	G: Pathogenic/Likely pathogenic	criteria provided, multiple submitters, no conflicts	missense variant	R141P, R234P, R273P, R114P	2025/12/30			17:7577120	17:7673802	231060	VCV000231060	rs28934576
NM_000546.6(TP53):c.818G>A (p.Arg273His)	TP53	single nucleotide variant	Li-Fraumeni syndrome	G: Pathogenic	reviewed by expert panel	missense variant	R273H, R141H, R234H, R114H	2024/08/05	2025/10/31	2025/03/04	17:7577120	17:7673802	12366	VCV000012366	rs28934576
NM_000546.6(TP53):c.816_817delinsAA (p.Arg273Ser)	TP53	Indel		S: Tier I - Strong	criteria provided, single submitter	missense variant, non-coding transcript variant	R114S, R141S, R234S, R273S		2024/10/03		17:7577121	17:7673803	4530236	VCV004530236	
NM_000546.6(TP53):c.817C>G (p.Arg273Gly)	TP53	single nucleotide variant	Adrenocortical carcinoma, hereditary, Hepatocellular carcinoma, Familial cancer of breast, Bone marrow failure syndrome 5, Carcinoma of pancreas, Choroid plexus papilloma, Glioma susceptibility 1, Bone osteosarcoma, Li-Fraumeni syndrome 1, Basal cell carcinoma, susceptibility to, 7, Colorectal cancer, Nasopharyngeal carcinoma, Hereditary cancer-predisposing syndrome, Li-Fraumeni syndrome	G: Pathogenic/Likely pathogenic	criteria provided, multiple submitters, no conflicts	missense variant	R141G, R234G, R273G, R114G	2025/07/23		2025/03/04	17:7577121	17:7673803	634682	VCV000634682	rs121913343
NM_000546.6(TP53):c.817C>A (p.Arg273Ser)	TP53	single nucleotide variant	Li-Fraumeni syndrome 1, Hereditary cancer-predisposing syndrome, Li-Fraumeni syndrome	G: Pathogenic	criteria provided, multiple submitters, no conflicts	missense variant	R141S, R234S, R273S, R114S	2025/04/24			17:7577121	17:7673803	376656	VCV000376656	rs121913343
NM_000546.6(TP53):c.814G>C (p.Val272Leu)	TP53	single nucleotide variant	Li-Fraumeni syndrome, Hereditary cancer-predisposing syndrome	G: Pathogenic	criteria provided, multiple submitters, no conflicts	missense variant	V140L, V233L, V272L, V113L	2025/01/27			17:7577124	17:7673806	574679	VCV000574679	rs121912657
NM_000546.6(TP53):c.813_814delinsTA (p.Glu271_Val272delinsAspMet)	TP53	Indel	Hereditary cancer-predisposing syndrome	G: Uncertain significance	criteria provided, single submitter	missense variant		2016/11/23			17:7577124	17:7673806	480756	VCV000480756	rs1555525303
NM_000546.6(TP53):c.813G>T (p.Glu271Asp)	TP53	single nucleotide variant	Li-Fraumeni syndrome	G: Uncertain significance	criteria provided, single submitter	missense variant	E271D, E139D, E232D, E112D	2020/07/30			17:7577125	17:7673807	859912	VCV000859912	rs1567548081
NM_000546.6(TP53):c.812A>T (p.Glu271Val)	TP53	single nucleotide variant	Li-Fraumeni syndrome, Li-Fraumeni syndrome 1	G: Likely pathogenic	criteria provided, multiple submitters, no conflicts	missense variant, non-coding transcript variant	E139V, E112V, E232V, E271V	2024/06/12			17:7577126	17:7673808	3147994	VCV003147994	rs2151016523
NM_000546.6(TP53):c.812A>G (p.Glu271Gly)	TP53	single nucleotide variant	Li-Fraumeni syndrome	G: Uncertain significance	criteria provided, single submitter	missense variant, non-coding transcript variant	E232G, E112G, E139G, E271G	2023/04/25			17:7577126	17:7673808	2858983	VCV002858983	rs2151016523
NM_000546.6(TP53):c.811_812delinsTT (p.Glu271Leu)	TP53	Indel	Li-Fraumeni syndrome	G: Uncertain significance	criteria provided, single submitter	missense variant	E271L, E139L, E112L, E232L	2018/06/03			17:7577126	17:7673808	568838	VCV000568838	rs1567548090
NM_000546.6(TP53):c.811G>C (p.Glu271Gln)	TP53	single nucleotide variant	Hereditary cancer-predisposing syndrome, not provided, Li-Fraumeni syndrome	G: Uncertain significance	criteria provided, multiple submitters, no conflicts	missense variant, non-coding transcript variant	E271Q, E139Q, E232Q, E112Q	2025/12/11			17:7577127	17:7673809	3634426	VCV003634426	
NM_000546.6(TP53):c.809T>C (p.Phe270Ser)	TP53	single nucleotide variant	Hereditary cancer-predisposing syndrome, not provided, Li-Fraumeni syndrome 1, Li-Fraumeni syndrome	G: Pathogenic/Likely pathogenic	criteria provided, multiple submitters, no conflicts	missense variant	F138S, F231S, F270S, F111S	2025/05/13		2025/12/29	17:7577129	17:7673811	376594	VCV000376594	rs1057519986
NM_000546.6(TP53):c.808T>G (p.Phe270Val)	TP53	single nucleotide variant	Hereditary cancer-predisposing syndrome	G: Pathogenic	criteria provided, single submitter	missense variant	F138V, F231V, F270V, F111V	2023/06/07	2023/01/04		17:7577130	17:7673812	376598	VCV000376598	rs1057519988
NM_000546.6(TP53):c.807C>G (p.Ser269Arg)	TP53	single nucleotide variant	not provided, Li-Fraumeni syndrome	G: Uncertain significance	criteria provided, multiple submitters, no conflicts	missense variant	S110R, S137R, S230R, S269R	2023/07/28			17:7577131	17:7673813	2113149	VCV002113149	rs2151016672
NM_000546.6(TP53):c.806G>T (p.Ser269Ile)	TP53	single nucleotide variant	Acute myeloid leukemia	G: Likely pathogenic	no assertion criteria provided	missense variant, non-coding transcript variant	S110I, S137I, S230I, S269I				17:7577132	17:7673814	2575169	VCV002575169	rs2543545959
NM_000546.6(TP53):c.805A>T (p.Ser269Cys)	TP53	single nucleotide variant	Acute myeloid leukemia	G: Benign	no assertion criteria provided	missense variant, non-coding transcript variant	S110C, S137C, S230C, S269C				17:7577133	17:7673815	2575177	VCV002575177	rs1597362155
NM_000546.6(TP53):c.803A>G (p.Asn268Ser)	TP53	single nucleotide variant	Li-Fraumeni syndrome	G: Uncertain significance	criteria provided, single submitter	missense variant, non-coding transcript variant	N136S, N229S, N268S, N109S	2023/01/24			17:7577135	17:7673817	2831391	VCV002831391	rs2151016750
NM_000546.6(TP53):c.802A>T (p.Asn268Tyr)	TP53	single nucleotide variant	Hereditary cancer-predisposing syndrome	G: Uncertain significance	criteria provided, single submitter	missense variant	N136Y, N109Y, N229Y, N268Y	2019/05/31			17:7577136	17:7673818	827405	VCV000827405	rs1597362182
NM_000546.6(TP53):c.799C>G (p.Arg267Gly)	TP53	single nucleotide variant	Hereditary cancer-predisposing syndrome, Adrenocortical carcinoma, hereditary	G: Pathogenic	criteria provided, multiple submitters, no conflicts	missense variant	R228G, R267G, R108G, R135G	2023/07/27	2023/05/12		17:7577139	17:7673821	1761541	VCV001761541	rs55832599
NM_000546.6(TP53):c.794T>G (p.Leu265Arg)	TP53	single nucleotide variant	Li-Fraumeni syndrome	G: Uncertain significance	criteria provided, single submitter	missense variant, non-coding transcript variant	L133R, L106R, L265R, L226R	2025/03/31		2025/12/29	17:7577144	17:7673826	2764543	VCV002764543	rs879253942
NM_000546.6(TP53):c.791T>C (p.Leu264Pro)	TP53	single nucleotide variant	Li-Fraumeni syndrome	G: Uncertain significance	reviewed by expert panel	missense variant	L132P, L225P, L264P, L105P	2026/04/02			17:7577147	17:7673829	480759	VCV000480759	rs1555525353
NM_000546.6(TP53):c.790C>A (p.Leu264Ile)	TP53	single nucleotide variant	Li-Fraumeni syndrome	G: Uncertain significance	criteria provided, single submitter	missense variant	L225I, L264I, L105I, L132I	2022/09/01			17:7577148	17:7673830	640121	VCV000640121	rs1597362366
NM_000546.6(TP53):c.789T>A (p.Asn263Lys)	TP53	single nucleotide variant	Hereditary cancer-predisposing syndrome	G: Uncertain significance	criteria provided, single submitter	missense variant	N131K, N224K, N263K, N104K	2017/04/11			17:7577149	17:7673831	485047	VCV000485047	rs770598448
NM_000546.6(TP53):c.788A>G (p.Asn263Ser)	TP53	single nucleotide variant	Hereditary cancer-predisposing syndrome	G: Likely benign	criteria provided, single submitter	missense variant	N263S, N131S, N224S, N104S	2019/08/29			17:7577150	17:7673832	827313	VCV000827313	rs1597362411
NM_000546.6(TP53):c.787A>T (p.Asn263Tyr)	TP53	single nucleotide variant	Li-Fraumeni syndrome	G: Uncertain significance	criteria provided, single submitter	missense variant	N224Y, N104Y, N131Y, N263Y	2021/01/14			17:7577151	17:7673833	1364128	VCV001364128	rs72661119
NM_000546.6(TP53):c.787A>C (p.Asn263His)	TP53	single nucleotide variant	Li-Fraumeni syndrome	G: Uncertain significance	criteria provided, single submitter	missense variant	N131H, N224H, N263H, N104H	2017/08/28			17:7577151	17:7673833	528251	VCV000528251	rs72661119
NM_000546.6(TP53):c.785G>A (p.Gly262Asp)	TP53	single nucleotide variant	Li-Fraumeni syndrome	G: Uncertain significance	criteria provided, single submitter	missense variant, non-coding transcript variant	G223D, G130D, G262D, G103D	2024/08/03			17:7577153	17:7673835	2993845	VCV002993845	rs1131691025
NM_000546.6(TP53):c.784G>C (p.Gly262Arg)	TP53	single nucleotide variant	Hereditary cancer-predisposing syndrome	G: Uncertain significance	criteria provided, single submitter	missense variant	G130R, G262R, G223R, G103R	2026/06/08			17:7577154	17:7673836	1760888	VCV001760888	rs200579969
NM_000546.6(TP53):c.782G>A (p.Ser261Asn)	TP53	single nucleotide variant				missense variant, non-coding transcript variant	S129N, S261N, S102N, S222N				17:7577499	17:7674181	4427935	VCV004427935	
NM_000546.6(TP53):c.782G>C (p.Ser261Thr)	TP53	single nucleotide variant	Hereditary cancer-predisposing syndrome, Li-Fraumeni syndrome	G: Uncertain significance	criteria provided, multiple submitters, no conflicts	missense variant	S129T, S222T, S261T, S102T	2024/01/29			17:7577499	17:7674181	187005	VCV000187005	rs786203396
NM_000546.6(TP53):c.779C>T (p.Ser260Phe)	TP53	single nucleotide variant	Li-Fraumeni syndrome	G: Uncertain significance	criteria provided, single submitter	missense variant, non-coding transcript variant	S260F, S101F, S128F, S221F	2023/10/05			17:7577502	17:7674184	2765819	VCV002765819	rs876658916
NM_000546.6(TP53):c.776A>C (p.Asp259Ala)	TP53	single nucleotide variant	Malignant lymphoma, large B-cell, diffuse	G: Pathogenic	no assertion criteria provided	missense variant, non-coding transcript variant	D100A, D127A, D220A, D259A	2023/12/04			17:7577505	17:7674187	2671888	VCV002671888	rs745425759
NM_000546.6(TP53):c.775G>A (p.Asp259Asn)	TP53	single nucleotide variant	Li-Fraumeni syndrome	G: Uncertain significance	criteria provided, single submitter	missense variant, non-coding transcript variant	D220N, D100N, D259N, D127N	2024/08/27			17:7577506	17:7674188	3634427	VCV003634427	
NM_000546.6(TP53):c.775G>C (p.Asp259His)	TP53	single nucleotide variant	Hereditary cancer-predisposing syndrome, Li-Fraumeni syndrome	G: Uncertain significance	criteria provided, multiple submitters, no conflicts	missense variant	D220H, D100H, D127H, D259H	2024/04/06			17:7577506	17:7674188	1349622	VCV001349622	rs1567548929
NM_000546.6(TP53):c.775G>T (p.Asp259Tyr)	TP53	single nucleotide variant	Li-Fraumeni syndrome	G: Uncertain significance	criteria provided, single submitter	missense variant	D127Y, D220Y, D259Y, D100Y	2021/08/27			17:7577506	17:7674188	634680	VCV000634680	rs1567548929
NM_000546.6(TP53):c.773A>C (p.Glu258Ala)	TP53	single nucleotide variant	Li-Fraumeni syndrome 1, Hereditary cancer-predisposing syndrome, not specified, Li-Fraumeni syndrome	G: Uncertain significance	criteria provided, multiple submitters, no conflicts	missense variant	E126A, E219A, E258A, E99A	2022/09/22			17:7577508	17:7674190	458563	VCV000458563	rs1060501201
NM_000546.6(TP53):c.771_772delinsAA (p.Glu258Lys)	TP53	Indel	not provided	G: Likely pathogenic	criteria provided, single submitter	missense variant, non-coding transcript variant	E126K, E219K, E258K, E99K	2024/05/21			17:7577509	17:7674191	4082532	VCV004082532	
NM_000546.6(TP53):c.767C>A (p.Thr256Lys)	TP53	single nucleotide variant	Li-Fraumeni syndrome	G: Uncertain significance	criteria provided, single submitter	missense variant, non-coding transcript variant	T217K, T97K, T256K, T124K	2023/01/06			17:7577514	17:7674196	2826159	VCV002826159	rs2073241840
NM_000546.6(TP53):c.767C>T (p.Thr256Ile)	TP53	single nucleotide variant	Li-Fraumeni syndrome, Hereditary cancer-predisposing syndrome	G: Uncertain significance	criteria provided, multiple submitters, no conflicts	missense variant	T97I, T124I, T217I, T256I	2025/06/09			17:7577514	17:7674196	858889	VCV000858889	rs2073241840
NM_000546.6(TP53):c.763A>G (p.Ile255Val)	TP53	single nucleotide variant	Li-Fraumeni syndrome	G: Uncertain significance	criteria provided, single submitter	missense variant, non-coding transcript variant	I123V, I216V, I255V, I96V	2025/11/13			17:7577518	17:7674200	3242231	VCV003242231	
NM_000546.6(TP53):c.761_762delinsAT (p.Ile254Asn)	TP53	Indel	Li-Fraumeni syndrome	G: Pathogenic	criteria provided, single submitter	missense variant, non-coding transcript variant	I215N, I254N, I122N, I95N	2022/11/30			17:7577519	17:7674201	2817584	VCV002817584	rs2543558391
NM_000546.6(TP53):c.762C>G (p.Ile254Met)	TP53	single nucleotide variant	Li-Fraumeni syndrome	G: Uncertain significance	criteria provided, single submitter	missense variant	I122M, I215M, I95M, I254M	2022/09/06			17:7577519	17:7674201	2135554	VCV002135554	rs1327078139
NM_000546.6(TP53):c.761T>A (p.Ile254Asn)	TP53	single nucleotide variant	Li-Fraumeni syndrome	G: Pathogenic	reviewed by expert panel	missense variant	I254N, I95N, I122N, I215N	2025/12/05			17:7577520	17:7674202	856299	VCV000856299	rs1330865474
NM_000546.6(TP53):c.757A>G (p.Thr253Ala)	TP53	single nucleotide variant	Li-Fraumeni syndrome, Hereditary cancer-predisposing syndrome	G: Pathogenic/Likely pathogenic	criteria provided, multiple submitters, no conflicts	missense variant	T214A, T253A, T94A, T121A	2022/08/26			17:7577524	17:7674206	827132	VCV000827132	rs1597364185
NM_000546.6(TP53):c.754C>T (p.Leu252Phe)	TP53	single nucleotide variant	Li-Fraumeni syndrome	G: Uncertain significance	criteria provided, single submitter	missense variant	L120F, L213F, L252F, L93F	2021/02/02			17:7577527	17:7674209	1053765	VCV001053765	rs2151020426
NM_000546.6(TP53):c.753C>G (p.Ile251Met)	TP53	single nucleotide variant	Hereditary cancer-predisposing syndrome, Li-Fraumeni syndrome 1, Li-Fraumeni syndrome	G: Uncertain significance	criteria provided, multiple submitters, no conflicts	missense variant	I212M, I119M, I251M, I92M	2025/06/06			17:7577528	17:7674210	485046	VCV000485046	rs878854074
NM_000546.6(TP53):c.751A>G (p.Ile251Val)	TP53	single nucleotide variant	Hereditary cancer-predisposing syndrome, not provided, Li-Fraumeni syndrome	G: Uncertain significance	criteria provided, multiple submitters, no conflicts	missense variant	I212V, I92V, I119V, I251V	2025/11/05			17:7577530	17:7674212	1759315	VCV001759315	rs730882007
NM_000546.6(TP53):c.751A>T (p.Ile251Phe)	TP53	single nucleotide variant	Li-Fraumeni syndrome, Hereditary cancer-predisposing syndrome	G: Pathogenic/Likely pathogenic	criteria provided, multiple submitters, no conflicts	missense variant	I251F, I92F, I119F, I212F	2026/03/12	2023/10/10		17:7577530	17:7674212	1518844	VCV001518844	rs730882007
NM_000546.6(TP53):c.751A>C (p.Ile251Leu)	TP53	single nucleotide variant	Gastric cancer, Hereditary cancer-predisposing syndrome, not provided, Li-Fraumeni syndrome 1	G: Pathogenic/Likely pathogenic	criteria provided, multiple submitters, no conflicts	missense variant	I119L, I212L, I251L, I92L	2025/05/20			17:7577530	17:7674212	182937	VCV000182937	rs730882007
NM_000546.6(TP53):c.749C>G (p.Pro250Arg)	TP53	single nucleotide variant	Hereditary cancer-predisposing syndrome	G: Uncertain significance	criteria provided, single submitter	missense variant, non-coding transcript variant	P118R, P211R, P250R, P91R	2026/05/05			17:7577532	17:7674214	4865880	VCV004865880	
NM_000546.6(TP53):c.747_748delinsTT (p.Arg249_Pro250delinsSerSer)	TP53	Indel	Li-Fraumeni syndrome	G: Uncertain significance	criteria provided, single submitter	missense variant		2022/09/01			17:7577533	17:7674215	1999156	VCV001999156	rs2543559728
NM_000546.6(TP53):c.748C>G (p.Pro250Ala)	TP53	single nucleotide variant	Adrenocortical carcinoma, hereditary, Hereditary cancer-predisposing syndrome, Li-Fraumeni syndrome	G: Uncertain significance	criteria provided, multiple submitters, no conflicts	missense variant	P118A, P211A, P91A, P250A	2026/05/18			17:7577533	17:7674215	1759142	VCV001759142	rs2151020578
NM_000546.6(TP53):c.748C>A (p.Pro250Thr)	TP53	single nucleotide variant	Hereditary cancer-predisposing syndrome, Li-Fraumeni syndrome	G: Uncertain significance	criteria provided, multiple submitters, no conflicts	missense variant	P211T, P118T, P250T, P91T	2025/06/24			17:7577533	17:7674215	1759140	VCV001759140	rs2151020578
NM_000546.6(TP53):c.748C>T (p.Pro250Ser)	TP53	single nucleotide variant	Li-Fraumeni syndrome, Hereditary cancer-predisposing syndrome, not provided, Li-Fraumeni syndrome 1	G: Uncertain significance	criteria provided, multiple submitters, no conflicts	missense variant	P118S, P211S, P250S, P91S	2025/03/14			17:7577533	17:7674215	1316970	VCV001316970	rs2151020578
NM_000546.6(TP53):c.746G>C (p.Arg249Thr)	TP53	single nucleotide variant	Hereditary cancer-predisposing syndrome, not provided, Li-Fraumeni syndrome 1	G: Pathogenic/Likely pathogenic	criteria provided, multiple submitters, no conflicts	missense variant	R117T, R210T, R249T, R90T	2024/02/16			17:7577535	17:7674217	376015	VCV000376015	rs587782329
NM_000546.6(TP53):c.743G>T (p.Arg248Leu)	TP53	single nucleotide variant	Li-Fraumeni syndrome	G: Pathogenic	reviewed by expert panel	missense variant	R116L, R209L, R248L, R89L	2024/08/05		2025/12/29	17:7577538	17:7674220	230253	VCV000230253	rs11540652
NM_000546.6(TP53):c.743G>A (p.Arg248Gln)	TP53	single nucleotide variant	Li-Fraumeni syndrome	G: Pathogenic	reviewed by expert panel	missense variant	R248Q, R116Q, R209Q, R89Q	2024/08/05	2024/12/17	2025/03/04	17:7577538	17:7674220	12356	VCV000012356	rs11540652
NM_000546.6(TP53):c.741_742delinsTT (p.Arg248Trp)	TP53	Indel	Li-Fraumeni syndrome	G: Likely pathogenic	criteria provided, single submitter	missense variant	R209W, R89W, R116W, R248W	2017/03/31			17:7577539	17:7674221	437017	VCV000437017	rs1555525498
NM_000546.6(TP53):c.738_740delinsTTT (p.Met246_Asn247delinsIlePhe)	TP53	Indel	Hereditary cancer-predisposing syndrome	G: Uncertain significance	criteria provided, single submitter	missense variant, non-coding transcript variant		2023/02/13			17:7577541	17:7674223	2450743	VCV002450743	rs2543560621
NM_000546.6(TP53):c.738G>C (p.Met246Ile)	TP53	single nucleotide variant	Hereditary cancer-predisposing syndrome	G: Likely pathogenic	criteria provided, single submitter	missense variant	M87I, M207I, M246I, M114I	2017/12/12			17:7577543	17:7674225	1758655	VCV001758655	rs1019340046
NM_000546.6(TP53):c.737T>A (p.Met246Lys)	TP53	single nucleotide variant	Hereditary cancer-predisposing syndrome, Li-Fraumeni syndrome 1, Li-Fraumeni syndrome	G: Likely pathogenic	criteria provided, multiple submitters, no conflicts	missense variant	M114K, M246K, M207K, M87K	2024/09/21			17:7577544	17:7674226	480764	VCV000480764	rs587780074
NM_000546.6(TP53):c.736A>T (p.Met246Leu)	TP53	single nucleotide variant	Li-Fraumeni syndrome	G: Uncertain significance	criteria provided, single submitter	missense variant	M246L, M114L, M207L, M87L	2023/07/13			17:7577545	17:7674227	406586	VCV000406586	rs483352695
NM_000546.6(TP53):c.736A>G (p.Met246Val)	TP53	single nucleotide variant	Hereditary cancer-predisposing syndrome, not provided, Li-Fraumeni syndrome, Li-Fraumeni syndrome 1	G: Pathogenic/Likely pathogenic	criteria provided, multiple submitters, no conflicts	missense variant	M114V, M207V, M246V, M87V	2025/12/14		2025/12/29	17:7577545	17:7674227	100815	VCV000100815	rs483352695
NM_000546.6(TP53):c.734_735delinsAT (p.Gly245Asp)	TP53	Indel	Li-Fraumeni syndrome	G: Pathogenic	criteria provided, single submitter	missense variant	G206D, G113D, G245D, G86D	2019/04/01			17:7577546	17:7674228	861760	VCV000861760	rs2073251813
NM_000546.6(TP53):c.734G>T (p.Gly245Val)	TP53	single nucleotide variant	Hereditary cancer-predisposing syndrome, not provided, Adrenocortical carcinoma, hereditary, Li-Fraumeni syndrome 1, Li-Fraumeni syndrome	G: Pathogenic	criteria provided, multiple submitters, no conflicts	missense variant	G113V, G206V, G245V, G86V	2025/02/26		2025/03/04	17:7577547	17:7674229	376603	VCV000376603	rs121912656
NM_000546.6(TP53):c.734G>A (p.Gly245Asp)	TP53	single nucleotide variant	Hereditary cancer-predisposing syndrome, not provided, Adrenocortical carcinoma, hereditary, Li-Fraumeni syndrome 1, Li-Fraumeni syndrome	G: Pathogenic/Likely pathogenic	criteria provided, multiple submitters, no conflicts	missense variant	G245D, G113D, G206D, G86D	2025/05/22	2024/10/02		17:7577547	17:7674229	12355	VCV000012355	rs121912656
NM_000546.6(TP53):c.733G>A (p.Gly245Ser)	TP53	single nucleotide variant	Li-Fraumeni syndrome	G: Pathogenic	reviewed by expert panel	missense variant	G245S, G113S, G206S, G86S	2024/08/05	2024/09/11	2025/12/29	17:7577548	17:7674230	12365	VCV000012365	rs28934575
NM_000546.6(TP53):c.733G>T (p.Gly245Cys)	TP53	single nucleotide variant	Hereditary cancer-predisposing syndrome, not provided, Hereditary breast ovarian cancer syndrome, Li-Fraumeni syndrome 1, Li-Fraumeni syndrome	G: Pathogenic	criteria provided, multiple submitters, no conflicts	missense variant	G245C, G113C, G206C, G86C	2026/03/13	2025/03/17	2025/03/04	17:7577548	17:7674230	12349	VCV000012349	rs28934575
NM_000546.6(TP53):c.731G>C (p.Gly244Ala)	TP53	single nucleotide variant	Li-Fraumeni syndrome 1, Hereditary cancer-predisposing syndrome, Li-Fraumeni syndrome	G: Pathogenic/Likely pathogenic	criteria provided, multiple submitters, no conflicts	missense variant	G112A, G205A, G244A, G85A	2024/12/02			17:7577550	17:7674232	458560	VCV000458560	rs985033810
NM_000546.6(TP53):c.731G>T (p.Gly244Val)	TP53	single nucleotide variant	Li-Fraumeni syndrome 1	G: Likely pathogenic	criteria provided, single submitter	missense variant	G112V, G205V, G244V, G85V	2024/02/16			17:7577550	17:7674232	376601	VCV000376601	rs985033810
NM_000546.6(TP53):c.731G>A (p.Gly244Asp)	TP53	single nucleotide variant	Hereditary cancer-predisposing syndrome, Li-Fraumeni syndrome 1, not provided, Li-Fraumeni syndrome	G: Pathogenic/Likely pathogenic	criteria provided, multiple submitters, no conflicts	missense variant	G112D, G205D, G244D, G85D	2025/05/01		2025/03/04	17:7577550	17:7674232	372785	VCV000372785	rs985033810
NM_000546.6(TP53):c.730G>C (p.Gly244Arg)	TP53	single nucleotide variant	Li-Fraumeni syndrome	G: Uncertain significance	criteria provided, single submitter	missense variant	G112R, G205R, G244R, G85R	2024/04/04			17:7577551	17:7674233	3634428	VCV003634428	rs1057519989
NM_000546.6(TP53):c.729_730delinsTT (p.Met243_Gly244delinsIleCys)	TP53	Indel	Li-Fraumeni syndrome	G: Uncertain significance	criteria provided, single submitter	missense variant, non-coding transcript variant		2023/02/14			17:7577551	17:7674233	2836064	VCV002836064	rs2543561733
NM_000546.6(TP53):c.729_730delinsAT (p.Met243_Gly244delinsIleCys)	TP53	Indel	Li-Fraumeni syndrome	G: Uncertain significance	criteria provided, single submitter	missense variant, non-coding transcript variant		2023/09/03			17:7577551	17:7674233	2754260	VCV002754260	rs2543561733
NM_000546.6(TP53):c.730G>A (p.Gly244Ser)	TP53	single nucleotide variant	Adrenocortical carcinoma, hereditary, Li-Fraumeni syndrome 1, Hereditary cancer-predisposing syndrome, Li-Fraumeni syndrome	G: Pathogenic	criteria provided, multiple submitters, no conflicts	missense variant	G112S, G205S, G244S, G85S	2025/06/17	2024/10/08	2025/03/04	17:7577551	17:7674233	376600	VCV000376600	rs1057519989
NM_000546.6(TP53):c.729G>T (p.Met243Ile)	TP53	single nucleotide variant	Hereditary cancer-predisposing syndrome	G: Uncertain significance	criteria provided, single submitter	missense variant, non-coding transcript variant	M204I, M243I, M84I, M111I	2026/01/12			17:7577552	17:7674234	4828587	VCV004828587	
NM_000546.6(TP53):c.727A>T (p.Met243Leu)	TP53	single nucleotide variant	Li-Fraumeni syndrome, Hereditary cancer-predisposing syndrome	G: Uncertain significance	criteria provided, multiple submitters, no conflicts	missense variant	M111L, M84L, M204L, M243L	2023/06/07			17:7577554	17:7674236	1758050	VCV001758050	rs786203117
NM_000546.6(TP53):c.727A>C (p.Met243Leu)	TP53	single nucleotide variant	Hereditary cancer-predisposing syndrome, Li-Fraumeni syndrome	G: Uncertain significance	criteria provided, multiple submitters, no conflicts	missense variant	M111L, M204L, M243L, M84L	2025/07/31			17:7577554	17:7674236	186653	VCV000186653	rs786203117
NM_000546.6(TP53):c.725_726delinsCA (p.Cys242Ser)	TP53	Indel	Li-Fraumeni syndrome	G: Uncertain significance	criteria provided, single submitter	missense variant	C203S, C110S, C242S, C83S	2021/11/22			17:7577555	17:7674237	2124706	VCV002124706	rs2543562123
NM_000546.6(TP53):c.726C>G (p.Cys242Trp)	TP53	single nucleotide variant	Li-Fraumeni syndrome	G: Pathogenic	criteria provided, single submitter	missense variant	C110W, C203W, C242W, C83W	2023/03/09			17:7577555	17:7674237	376580	VCV000376580	rs375874539
NM_000546.6(TP53):c.725G>A (p.Cys242Tyr)	TP53	single nucleotide variant	Hereditary cancer-predisposing syndrome, not provided, Li-Fraumeni syndrome 1, Familial cancer of breast, Li-Fraumeni syndrome	G: Pathogenic/Likely pathogenic	criteria provided, multiple submitters, no conflicts	missense variant	C242Y, C110Y, C203Y, C83Y	2025/11/10			17:7577556	17:7674238	12354	VCV000012354	rs121912655
NM_000546.6(TP53):c.722C>A (p.Ser241Tyr)	TP53	single nucleotide variant	Hereditary cancer-predisposing syndrome, Li-Fraumeni syndrome 1, Li-Fraumeni syndrome, not provided	G: Pathogenic/Likely pathogenic	criteria provided, multiple submitters, no conflicts	missense variant	S109Y, S202Y, S241Y, S82Y	2026/06/12		2025/03/04	17:7577559	17:7674241	376663	VCV000376663	rs28934573
NM_000546.6(TP53):c.722C>G (p.Ser241Cys)	TP53	single nucleotide variant	Hereditary cancer-predisposing syndrome, not provided, Li-Fraumeni syndrome, Li-Fraumeni syndrome 1	G: Pathogenic/Likely pathogenic	criteria provided, multiple submitters, no conflicts	missense variant	S109C, S202C, S241C, S82C	2025/05/23		2025/12/29	17:7577559	17:7674241	177791	VCV000177791	rs28934573
NM_000546.6(TP53):c.722C>T (p.Ser241Phe)	TP53	single nucleotide variant	not provided, Li-Fraumeni syndrome, Li-Fraumeni syndrome 1, Bone marrow failure syndrome 5, Hepatocellular carcinoma, Carcinoma of pancreas, Choroid plexus papilloma, Nasopharyngeal carcinoma, Basal cell carcinoma, susceptibility to, 7, Bone osteosarcoma, Adrenocortical carcinoma, hereditary, Colorectal cancer, Glioma susceptibility 1, Familial cancer of breast, Hereditary cancer-predisposing syndrome	G: Pathogenic/Likely pathogenic	criteria provided, multiple submitters, no conflicts	missense variant	S241F, S109F, S202F, S82F	2025/08/13	2025/06/05	2025/03/04	17:7577559	17:7674241	12359	VCV000012359	rs28934573
NM_000546.6(TP53):c.721T>A (p.Ser241Thr)	TP53	single nucleotide variant	Li-Fraumeni syndrome, Li-Fraumeni syndrome 1	G: Pathogenic/Likely pathogenic	criteria provided, multiple submitters, no conflicts	missense variant	S109T, S202T, S241T, S82T	2024/07/18	2023/06/16		17:7577560	17:7674242	959232	VCV000959232	rs1057520002
NM_000546.6(TP53):c.720T>G (p.Ser240Arg)	TP53	single nucleotide variant	not provided, Li-Fraumeni syndrome	G: Uncertain significance	criteria provided, multiple submitters, no conflicts	missense variant	S108R, S201R, S240R, S81R	2024/01/11			17:7577561	17:7674243	458559	VCV000458559	rs764342812
NM_000546.6(TP53):c.719G>A (p.Ser240Asn)	TP53	single nucleotide variant	Acute myeloid leukemia	G: Pathogenic	no assertion criteria provided	missense variant, non-coding transcript variant	S108N, S201N, S240N, S81N				17:7577562	17:7674244	2502882	VCV002502882	rs2073256828
NM_000546.6(TP53):c.718A>T (p.Ser240Cys)	TP53	single nucleotide variant	Hereditary cancer-predisposing syndrome	G: Likely pathogenic	criteria provided, single submitter	missense variant, non-coding transcript variant	S108C, S201C, S240C, S81C	2025/06/10			17:7577563	17:7674245	3972460	VCV003972460	
NM_000546.6(TP53):c.717C>A (p.Asn239Lys)	TP53	single nucleotide variant	Hereditary cancer-predisposing syndrome	G: Pathogenic	criteria provided, single submitter	missense variant, non-coding transcript variant	N80K, N200K, N107K, N239K	2025/09/05			17:7577564	17:7674246	4189258	VCV004189258	
NM_000546.6(TP53):c.716A>G (p.Asn239Ser)	TP53	single nucleotide variant	Hereditary cancer-predisposing syndrome, not provided, Li-Fraumeni syndrome 1, Li-Fraumeni syndrome	G: Pathogenic/Likely pathogenic	criteria provided, multiple submitters, no conflicts	missense variant	N107S, N200S, N239S, N80S	2025/01/27			17:7577565	17:7674247	376637	VCV000376637	rs1057519999
NM_000546.6(TP53):c.713G>C (p.Cys238Ser)	TP53	single nucleotide variant	not provided, Hereditary cancer-predisposing syndrome, Li-Fraumeni syndrome 1, Li-Fraumeni syndrome	G: Pathogenic/Likely pathogenic	criteria provided, multiple submitters, no conflicts	missense variant	C106S, C199S, C238S, C79S	2025/03/13			17:7577568	17:7674250	376575	VCV000376575	rs730882005
NM_000546.6(TP53):c.713G>T (p.Cys238Phe)	TP53	single nucleotide variant	Hereditary cancer-predisposing syndrome, Li-Fraumeni syndrome 1, Li-Fraumeni syndrome	G: Pathogenic/Likely pathogenic	criteria provided, multiple submitters, no conflicts	missense variant	C106F, C199F, C238F, C79F	2025/10/27			17:7577568	17:7674250	376574	VCV000376574	rs730882005
NM_000546.6(TP53):c.712T>G (p.Cys238Gly)	TP53	single nucleotide variant	not provided, Hereditary cancer-predisposing syndrome, Li-Fraumeni syndrome	G: Pathogenic/Likely pathogenic	criteria provided, multiple submitters, no conflicts	missense variant	C106G, C199G, C238G, C79G	2025/09/12			17:7577569	17:7674251	376577	VCV000376577	rs1057519981
NM_000546.6(TP53):c.712T>C (p.Cys238Arg)	TP53	single nucleotide variant	Hereditary cancer-predisposing syndrome, Li-Fraumeni syndrome 1, Li-Fraumeni syndrome	G: Pathogenic/Likely pathogenic	criteria provided, multiple submitters, no conflicts	missense variant	C106R, C199R, C238R, C79R	2024/05/09			17:7577569	17:7674251	376576	VCV000376576	rs1057519981
NM_000546.6(TP53):c.711G>C (p.Met237Ile)	TP53	single nucleotide variant	Li-Fraumeni syndrome 1, Li-Fraumeni syndrome, Hereditary cancer-predisposing syndrome	G: Pathogenic/Likely pathogenic	criteria provided, multiple submitters, no conflicts	missense variant	M105I, M198I, M237I, M78I	2025/02/27			17:7577570	17:7674252	1757269	VCV001757269	rs587782664
NM_000546.6(TP53):c.711G>T (p.Met237Ile)	TP53	single nucleotide variant	Adrenocortical carcinoma, hereditary, Li-Fraumeni syndrome, Hereditary cancer-predisposing syndrome	G: Pathogenic/Likely pathogenic	criteria provided, multiple submitters, no conflicts	missense variant	M105I, M198I, M237I, M78I	2025/11/18	2024/10/03		17:7577570	17:7674252	634770	VCV000634770	rs587782664
NM_000546.6(TP53):c.710T>C (p.Met237Thr)	TP53	single nucleotide variant	Hereditary cancer-predisposing syndrome, not provided, Li-Fraumeni syndrome, Li-Fraumeni syndrome 1	G: Uncertain significance	criteria provided, multiple submitters, no conflicts	missense variant	M198T, M105T, M237T, M78T	2025/03/27			17:7577571	17:7674253	481069	VCV000481069	rs765848205
NM_000546.6(TP53):c.710T>G (p.Met237Arg)	TP53	single nucleotide variant	Hereditary cancer-predisposing syndrome, not provided, Li-Fraumeni syndrome	G: Uncertain significance	criteria provided, multiple submitters, no conflicts	missense variant	M105R, M198R, M237R, M78R	2025/06/05			17:7577571	17:7674253	419524	VCV000419524	rs765848205
NM_000546.6(TP53):c.710T>A (p.Met237Lys)	TP53	single nucleotide variant	Li-Fraumeni syndrome 1, Li-Fraumeni syndrome	G: Pathogenic/Likely pathogenic	criteria provided, multiple submitters, no conflicts	missense variant	M105K, M198K, M237K, M78K	2025/04/29		2025/03/04	17:7577571	17:7674253	376636	VCV000376636	rs765848205
NM_000546.6(TP53):c.709A>T (p.Met237Leu)	TP53	single nucleotide variant	Hereditary cancer-predisposing syndrome	G: Uncertain significance	criteria provided, single submitter	missense variant, non-coding transcript variant	M105L, M78L, M198L, M237L	2023/06/20			17:7577572	17:7674254	2774649	VCV002774649	rs730882004
NM_000546.6(TP53):c.709A>C (p.Met237Leu)	TP53	single nucleotide variant	Hereditary cancer-predisposing syndrome	G: Uncertain significance	criteria provided, single submitter	missense variant	M105L, M198L, M78L, M237L	2025/11/10			17:7577572	17:7674254	1757126	VCV001757126	rs730882004
NM_000546.6(TP53):c.704A>T (p.Asn235Ile)	TP53	single nucleotide variant	Li-Fraumeni syndrome, Hereditary cancer-predisposing syndrome	G: Uncertain significance	criteria provided, multiple submitters, no conflicts	missense variant, non-coding transcript variant	N235I, N103I, N196I, N76I	2025/03/03			17:7577577	17:7674259	3673072	VCV003673072	
NM_000546.6(TP53):c.703A>T (p.Asn235Tyr)	TP53	single nucleotide variant	Li-Fraumeni syndrome	G: Uncertain significance	criteria provided, single submitter	missense variant	N103Y, N196Y, N235Y, N76Y	2014/11/01			17:7577578	17:7674260	188206	VCV000188206	rs786204145
NM_000546.6(TP53):c.700_702delinsCAG (p.Tyr234Gln)	TP53	Indel	Li-Fraumeni syndrome	G: Uncertain significance	criteria provided, single submitter	missense variant, non-coding transcript variant	Y75Q, Y195Q, Y102Q, Y234Q	2023/08/11			17:7577579	17:7674261	2751786	VCV002751786	rs2543564915
NM_000546.6(TP53):c.701A>G (p.Tyr234Cys)	TP53	single nucleotide variant	Hereditary cancer-predisposing syndrome, not provided, Li-Fraumeni syndrome, Li-Fraumeni syndrome 1	G: Pathogenic/Likely pathogenic	criteria provided, multiple submitters, no conflicts	missense variant	Y102C, Y195C, Y234C, Y75C	2025/12/30		2025/03/04	17:7577580	17:7674262	127820	VCV000127820	rs587780073
NM_000546.6(TP53):c.699C>A (p.His233Gln)	TP53	single nucleotide variant	Hereditary cancer-predisposing syndrome	G: Uncertain significance	criteria provided, single submitter	missense variant, non-coding transcript variant	H101Q, H194Q, H233Q, H74Q	2026/03/19			17:7577582	17:7674264	4865866	VCV004865866	
NM_000546.6(TP53):c.695T>A (p.Ile232Asn)	TP53	single nucleotide variant	Li-Fraumeni syndrome	G: Pathogenic/Likely pathogenic	criteria provided, multiple submitters, no conflicts	missense variant	I232N, I193N, I73N, I100N	2025/06/02	2024/10/10		17:7577586	17:7674268	850008	VCV000850008	rs587781589
NM_000546.6(TP53):c.695T>G (p.Ile232Ser)	TP53	single nucleotide variant	Hereditary cancer-predisposing syndrome	G: Pathogenic	criteria provided, single submitter	missense variant	I100S, I193S, I232S, I73S	2022/03/28			17:7577586	17:7674268	634756	VCV000634756	rs587781589
NM_000546.6(TP53):c.692C>G (p.Thr231Ser)	TP53	single nucleotide variant	Adrenocortical carcinoma, hereditary, Li-Fraumeni syndrome 1, Hereditary cancer-predisposing syndrome, Li-Fraumeni syndrome	G: Uncertain significance	criteria provided, multiple submitters, no conflicts	missense variant	T99S, T72S, T192S, T231S	2024/02/22			17:7577589	17:7674271	921142	VCV000921142	rs1555525564
NM_000546.6(TP53):c.692C>T (p.Thr231Ile)	TP53	single nucleotide variant	Li-Fraumeni syndrome	G: Uncertain significance	criteria provided, multiple submitters, no conflicts	missense variant	T99I, T231I, T192I, T72I	2023/02/24	2025/06/10		17:7577589	17:7674271	458557	VCV000458557	rs1555525564
NM_000546.6(TP53):c.689C>T (p.Thr230Ile)	TP53	single nucleotide variant	Li-Fraumeni syndrome	G: Uncertain significance	criteria provided, single submitter	missense variant	T191I, T98I, T230I, T71I	2021/07/14			17:7577592	17:7674274	1366616	VCV001366616	rs2151022203
NM_000546.6(TP53):c.688A>C (p.Thr230Pro)	TP53	single nucleotide variant		O: Uncertain significance	criteria provided, single submitter	missense variant, non-coding transcript variant	T191P, T230P, T71P, T98P			2025/12/29	17:7577593	17:7674275	4539743	VCV004539743	
NM_000546.6(TP53):c.685T>G (p.Cys229Gly)	TP53	single nucleotide variant	Hereditary cancer-predisposing syndrome, Li-Fraumeni syndrome	G: Uncertain significance	criteria provided, multiple submitters, no conflicts	missense variant	C190G, C229G, C70G, C97G	2025/03/10			17:7577596	17:7674278	1026715	VCV001026715	rs1064794312
NM_000546.6(TP53):c.682G>T (p.Asp228Tyr)	TP53	single nucleotide variant	Hereditary cancer-predisposing syndrome	G: Likely benign	criteria provided, single submitter	missense variant, non-coding transcript variant	D228Y, D96Y, D189Y, D69Y	2023/03/02			17:7577599	17:7674281	2450759	VCV002450759	rs2151022353
NM_000546.6(TP53):c.682G>A (p.Asp228Asn)	TP53	single nucleotide variant	Li-Fraumeni syndrome, Hereditary cancer-predisposing syndrome	G: Uncertain significance	criteria provided, multiple submitters, no conflicts	missense variant	D228N, D96N, D189N, D69N	2023/08/08			17:7577599	17:7674281	1395667	VCV001395667	rs2151022353
NM_000546.6(TP53):c.680C>T (p.Ser227Phe)	TP53	single nucleotide variant	Hereditary cancer-predisposing syndrome, Li-Fraumeni syndrome	G: Uncertain significance	criteria provided, multiple submitters, no conflicts	missense variant, non-coding transcript variant	S68F, S188F, S227F, S95F	2026/06/08			17:7577601	17:7674283	3634429	VCV003634429	
NM_000546.6(TP53):c.677G>C (p.Gly226Ala)	TP53	single nucleotide variant	Li-Fraumeni syndrome, Adrenocortical carcinoma, hereditary, Bone osteosarcoma, Carcinoma of pancreas, Choroid plexus papilloma, Basal cell carcinoma, susceptibility to, 7, Familial cancer of breast, Li-Fraumeni syndrome 1, Hepatocellular carcinoma, Colorectal cancer, Bone marrow failure syndrome 5, Glioma susceptibility 1, Nasopharyngeal carcinoma	G: Uncertain significance	criteria provided, multiple submitters, no conflicts	missense variant	G187A, G94A, G67A, G226A	2021/11/29			17:7577604	17:7674286	951459	VCV000951459	rs970212462
NM_000546.6(TP53):c.676G>A (p.Gly226Ser)	TP53	single nucleotide variant	Hereditary cancer-predisposing syndrome, Adrenocortical carcinoma, hereditary, not provided, Li-Fraumeni syndrome 1, Li-Fraumeni syndrome	G: Uncertain significance	criteria provided, multiple submitters, no conflicts	missense variant	G226S, G94S, G187S, G67S	2025/07/24			17:7577605	17:7674287	648028	VCV000648028	rs1597365543
NM_000546.6(TP53):c.673G>T (p.Val225Phe)	TP53	single nucleotide variant	Li-Fraumeni syndrome	G: Uncertain significance	criteria provided, single submitter	missense variant	V225F, V66F, V93F, V186F	2024/11/13			17:7577608	17:7674290	2122381	VCV002122381	rs746504075
NM_000546.6(TP53):c.672G>C (p.Glu224Asp)	TP53	single nucleotide variant	Li-Fraumeni syndrome	G: Uncertain significance	criteria provided, single submitter	missense variant	E224D, E92D, E185D, E65D	2021/05/25			17:7578177	17:7674859	1493447	VCV001493447	rs267605076
NM_000546.6(TP53):c.671A>G (p.Glu224Gly)	TP53	single nucleotide variant	Hereditary cancer-predisposing syndrome, Adrenocortical carcinoma, hereditary	G: Uncertain significance	criteria provided, multiple submitters, no conflicts	missense variant	E185G, E224G, E65G, E92G	2023/10/18			17:7578178	17:7674860	826574	VCV000826574	rs1131691028
NM_000546.6(TP53):c.671A>C (p.Glu224Ala)	TP53	single nucleotide variant	Hereditary cancer-predisposing syndrome, Li-Fraumeni syndrome, Li-Fraumeni syndrome 1	G: Uncertain significance	criteria provided, multiple submitters, no conflicts	missense variant	E185A, E224A, E92A, E65A	2023/12/05			17:7578178	17:7674860	428892	VCV000428892	rs1131691028
NM_000546.6(TP53):c.670G>A (p.Glu224Lys)	TP53	single nucleotide variant	Hereditary cancer-predisposing syndrome, Li-Fraumeni syndrome, Adrenocortical carcinoma, hereditary, Li-Fraumeni syndrome 1	G: Uncertain significance	criteria provided, multiple submitters, no conflicts	missense variant	E92K, E224K, E185K, E65K	2024/12/05			17:7578179	17:7674861	480767	VCV000480767	rs1555525707
NM_000546.6(TP53):c.668C>T (p.Pro223Leu)	TP53	single nucleotide variant	Hereditary cancer-predisposing syndrome, Li-Fraumeni syndrome 1, Li-Fraumeni syndrome	G: Uncertain significance	criteria provided, multiple submitters, no conflicts	missense variant	P184L, P223L, P91L, P64L	2025/08/29			17:7578181	17:7674863	234214	VCV000234214	rs138983188
NM_000546.6(TP53):c.665C>A (p.Pro222Gln)	TP53	single nucleotide variant	Li-Fraumeni syndrome	G: Uncertain significance	criteria provided, single submitter	missense variant	P63Q, P90Q, P183Q, P222Q	2021/02/11			17:7578184	17:7674866	1461784	VCV001461784	rs146340390
NM_000546.6(TP53):c.661_662delinsAT (p.Glu221Met)	TP53	Indel	Li-Fraumeni syndrome	G: Uncertain significance	criteria provided, single submitter	missense variant	E221M, E62M, E182M, E89M	2023/01/04			17:7578187	17:7674869	2824912	VCV002824912	rs2543580867
NM_000546.6(TP53):c.662A>C (p.Glu221Ala)	TP53	single nucleotide variant	Li-Fraumeni syndrome	G: Uncertain significance	criteria provided, single submitter	missense variant	E182A, E221A, E89A, E62A	2022/02/19			17:7578187	17:7674869	573679	VCV000573679	rs1567551121
NM_000546.6(TP53):c.661G>A (p.Glu221Lys)	TP53	single nucleotide variant	Hereditary cancer-predisposing syndrome, not provided, Li-Fraumeni syndrome 1, Li-Fraumeni syndrome	G: Uncertain significance	criteria provided, multiple submitters, no conflicts	missense variant	E182K, E221K, E89K, E62K	2025/07/17			17:7578188	17:7674870	184647	VCV000184647	rs786201592
NM_000546.6(TP53):c.659A>T (p.Tyr220Phe)	TP53	single nucleotide variant	Hereditary cancer-predisposing syndrome	G: Likely benign	criteria provided, single submitter	missense variant	Y181F, Y61F, Y88F, Y220F	2025/12/31			17:7578190	17:7674872	4828481	VCV004828481	
NM_000546.6(TP53):c.659A>G (p.Tyr220Cys)	TP53	single nucleotide variant	Li-Fraumeni syndrome	G: Pathogenic	reviewed by expert panel	missense variant	Y181C, Y220C, Y88C, Y61C	2024/08/05	2025/01/15	2025/03/04	17:7578190	17:7674872	127819	VCV000127819	rs121912666
NM_000546.6(TP53):c.659A>C (p.Tyr220Ser)	TP53	single nucleotide variant	Hereditary cancer-predisposing syndrome, not provided, Li-Fraumeni syndrome 1, Li-Fraumeni syndrome	G: Pathogenic	criteria provided, multiple submitters, no conflicts	missense variant	Y220S, Y181S, Y88S, Y61S	2025/02/10	2023/03/23		17:7578190	17:7674872	12383	VCV000012383	rs121912666
NM_000546.6(TP53):c.656C>G (p.Pro219Arg)	TP53	single nucleotide variant	Li-Fraumeni syndrome	G: Uncertain significance	criteria provided, single submitter	missense variant	P60R, P180R, P219R, P87R	2020/06/08			17:7578193	17:7674875	953426	VCV000953426	rs1420675064
NM_000546.6(TP53):c.655C>G (p.Pro219Ala)	TP53	single nucleotide variant	Li-Fraumeni syndrome	G: Uncertain significance	criteria provided, single submitter	missense variant	P60A, P180A, P87A, P219A	2023/03/28			17:7578194	17:7674876	2850523	VCV002850523	rs879253894
NM_000546.6(TP53):c.655C>A (p.Pro219Thr)	TP53	single nucleotide variant	Li-Fraumeni syndrome	G: Uncertain significance	criteria provided, single submitter	missense variant	P180T, P219T, P60T, P87T	2024/05/06			17:7578194	17:7674876	2758381	VCV002758381	rs879253894
NM_000546.6(TP53):c.653T>A (p.Val218Glu)	TP53	single nucleotide variant	Hereditary cancer-predisposing syndrome, Li-Fraumeni syndrome 1	G: Likely pathogenic	criteria provided, multiple submitters, no conflicts	missense variant	V179E, V218E, V86E, V59E	2025/08/15		2025/12/29	17:7578196	17:7674878	1754112	VCV001754112	rs1555525743
NM_000546.6(TP53):c.647T>A (p.Val216Glu)	TP53	single nucleotide variant	Hereditary cancer-predisposing syndrome, Li-Fraumeni syndrome	G: Uncertain significance	criteria provided, multiple submitters, no conflicts	missense variant	V177E, V216E, V84E, V57E	2024/09/27			17:7578202	17:7674884	376672	VCV000376672	rs1057520004
NM_000546.6(TP53):c.639_640inv (p.His214Tyr)	TP53	Inversion		S: Tier I - Strong	criteria provided, single submitter	missense variant	H175Y, H214Y, H55Y, H82Y		2023/02/01		17:7578209	17:7674891	4530422	VCV004530422	
NM_000546.6(TP53):c.637_639delinsTGG (p.Arg213Trp)	TP53	Indel	Hereditary cancer-predisposing syndrome, Li-Fraumeni syndrome	G: Pathogenic/Likely pathogenic	criteria provided, multiple submitters, no conflicts	missense variant	R174W, R54W, R81W, R213W	2025/11/20			17:7578210	17:7674892	3460335	VCV003460335	
NM_000546.6(TP53):c.638G>C (p.Arg213Pro)	TP53	single nucleotide variant	Hereditary cancer-predisposing syndrome, not specified, Li-Fraumeni syndrome 1, not provided, Li-Fraumeni syndrome	G: Pathogenic/Likely pathogenic	criteria provided, multiple submitters, no conflicts	missense variant	R174P, R213P, R81P, R54P	2024/09/17		2025/03/04	17:7578211	17:7674893	231214	VCV000231214	rs587778720
NM_000546.6(TP53):c.635T>C (p.Phe212Ser)	TP53	single nucleotide variant	Hereditary cancer-predisposing syndrome	G: Likely benign	criteria provided, single submitter	missense variant	F53S, F212S, F173S, F80S	2024/11/26			17:7578214	17:7674896	3460339	VCV003460339	
NM_000546.6(TP53):c.632C>G (p.Thr211Ser)	TP53	single nucleotide variant	Li-Fraumeni syndrome	G: Uncertain significance	criteria provided, single submitter	missense variant	T172S, T211S, T52S, T79S	2022/01/27			17:7578217	17:7674899	1019369	VCV001019369	rs2073331490
NM_000546.6(TP53):c.631A>G (p.Thr211Ala)	TP53	single nucleotide variant	Hereditary cancer-predisposing syndrome, Li-Fraumeni syndrome	G: Uncertain significance	criteria provided, multiple submitters, no conflicts	missense variant	T172A, T211A, T79A, T52A	2023/11/29			17:7578218	17:7674900	406581	VCV000406581	rs1060501198
NM_000546.6(TP53):c.629A>G (p.Asn210Ser)	TP53	single nucleotide variant	Hereditary cancer-predisposing syndrome	G: Likely benign	criteria provided, single submitter	missense variant	N171S, N210S, N51S, N78S	2023/12/21			17:7578220	17:7674902	3232058	VCV003232058	rs2151026881
NM_000546.6(TP53):c.628A>T (p.Asn210Tyr)	TP53	single nucleotide variant	Li-Fraumeni syndrome	G: Uncertain significance	criteria provided, single submitter	missense variant	N171Y, N210Y, N78Y, N51Y	2016/11/22			17:7578221	17:7674903	406588	VCV000406588	rs1060501200
NM_000546.6(TP53):c.624C>G (p.Asp208Glu)	TP53	single nucleotide variant	Hereditary cancer-predisposing syndrome	G: Uncertain significance	criteria provided, single submitter	missense variant	D208E, D169E, D76E, D49E	2025/04/10			17:7578225	17:7674907	3972451	VCV003972451	
NM_000546.6(TP53):c.623A>C (p.Asp208Ala)	TP53	single nucleotide variant	Li-Fraumeni syndrome	G: Uncertain significance	criteria provided, single submitter	missense variant	D169A, D208A, D49A, D76A	2023/09/14			17:7578226	17:7674908	2759300	VCV002759300	rs1464727668
NM_000546.6(TP53):c.623A>G (p.Asp208Gly)	TP53	single nucleotide variant	Li-Fraumeni syndrome 1, Hereditary cancer-predisposing syndrome, Li-Fraumeni syndrome	G: Uncertain significance	criteria provided, multiple submitters, no conflicts	missense variant	D208G, D76G, D169G, D49G	2025/07/09			17:7578226	17:7674908	584922	VCV000584922	rs1464727668
NM_000546.6(TP53):c.622G>C (p.Asp208His)	TP53	single nucleotide variant	Hereditary cancer-predisposing syndrome, Li-Fraumeni syndrome, Li-Fraumeni syndrome 1	G: Uncertain significance	criteria provided, multiple submitters, no conflicts	missense variant	D208H, D49H, D169H, D76H	2024/07/03			17:7578227	17:7674909	826261	VCV000826261	rs1597368376
NM_000546.6(TP53):c.621T>G (p.Asp207Glu)	TP53	single nucleotide variant	Hereditary cancer-predisposing syndrome	G: Likely benign	criteria provided, single submitter	missense variant	D207E, D48E, D75E, D168E	2025/03/07			17:7578228	17:7674910	3809687	VCV003809687	
NM_000546.6(TP53):c.620A>G (p.Asp207Gly)	TP53	single nucleotide variant	Hereditary cancer-predisposing syndrome	G: Uncertain significance	criteria provided, single submitter	missense variant	D48G, D75G, D168G, D207G	2025/06/06			17:7578229	17:7674911	3972466	VCV003972466	
NM_000546.6(TP53):c.619G>C (p.Asp207His)	TP53	single nucleotide variant	Hereditary cancer-predisposing syndrome	G: Uncertain significance	criteria provided, single submitter	missense variant	D168H, D207H, D75H, D48H	2018/11/26			17:7578230	17:7674912	919639	VCV000919639	rs923100890
NM_000546.6(TP53):c.618G>C (p.Leu206Phe)	TP53	single nucleotide variant	Hereditary cancer-predisposing syndrome	G: Uncertain significance	criteria provided, single submitter	missense variant	L206F, L167F, L47F, L74F	2025/05/06			17:7578231	17:7674913	3972452	VCV003972452	
NM_000546.6(TP53):c.614A>T (p.Tyr205Phe)	TP53	single nucleotide variant	Li-Fraumeni syndrome	G: Uncertain significance	criteria provided, single submitter	missense variant	Y166F, Y205F, Y73F, Y46F	2025/08/02			17:7578235	17:7674917	4800655	VCV004800655	rs1057520007
NM_000546.6(TP53):c.614A>C (p.Tyr205Ser)	TP53	single nucleotide variant	Li-Fraumeni syndrome	G: Uncertain significance	criteria provided, single submitter	missense variant	Y166S, Y205S, Y73S, Y46S	2024/06/05		2025/12/29	17:7578235	17:7674917	3634430	VCV003634430	rs1057520007
NM_000546.6(TP53):c.614A>G (p.Tyr205Cys)	TP53	single nucleotide variant	Hereditary cancer-predisposing syndrome, not provided, Li-Fraumeni syndrome 1, Li-Fraumeni syndrome	G: Pathogenic	criteria provided, multiple submitters, no conflicts	missense variant	Y166C, Y205C, Y73C, Y46C	2025/01/10			17:7578235	17:7674917	376681	VCV000376681	rs1057520007
NM_000546.6(TP53):c.612G>C (p.Glu204Asp)	TP53	single nucleotide variant	Hereditary cancer-predisposing syndrome	G: Likely benign	criteria provided, single submitter	missense variant	E72D, E204D, E165D, E45D	2024/07/16			17:7578237	17:7674919	3460304	VCV003460304	
NM_000546.6(TP53):c.611A>T (p.Glu204Val)	TP53	single nucleotide variant	Hereditary cancer-predisposing syndrome	G: Uncertain significance	criteria provided, single submitter	missense variant	E204V, E165V, E45V, E72V	2020/07/28			17:7578238	17:7674920	1751713	VCV001751713	rs1260903787
NM_000546.6(TP53):c.608T>A (p.Val203Glu)	TP53	single nucleotide variant	Li-Fraumeni syndrome	G: Uncertain significance	criteria provided, single submitter	missense variant	V203E, V44E, V71E, V164E	2018/09/17			17:7578241	17:7674923	644883	VCV000644883	rs1597368504
NM_000546.6(TP53):c.607G>C (p.Val203Leu)	TP53	single nucleotide variant	Hereditary cancer-predisposing syndrome, Li-Fraumeni syndrome 1, Li-Fraumeni syndrome	G: Uncertain significance	criteria provided, multiple submitters, no conflicts	missense variant	V164L, V203L, V71L, V44L	2025/06/15			17:7578242	17:7674924	482235	VCV000482235	rs730882003
NM_000546.6(TP53):c.605G>C (p.Arg202Pro)	TP53	single nucleotide variant	Hereditary cancer-predisposing syndrome	G: Uncertain significance	criteria provided, single submitter	missense variant	R163P, R70P, R202P, R43P	2022/11/03			17:7578244	17:7674926	826165	VCV000826165	rs587778719
NM_000546.6(TP53):c.601T>A (p.Leu201Met)	TP53	single nucleotide variant	Hereditary cancer-predisposing syndrome	G: Uncertain significance	criteria provided, single submitter	missense variant	L162M, L201M, L69M, L42M	2015/06/11			17:7578248	17:7674930	1751128	VCV001751128	rs2543586160
NM_000546.6(TP53):c.599A>G (p.Asn200Ser)	TP53	single nucleotide variant	Hereditary cancer-predisposing syndrome	G: Uncertain significance	criteria provided, single submitter	missense variant	N161S, N68S, N200S, N41S	2019/11/12			17:7578250	17:7674932	924379	VCV000924379	rs2073338940
NM_000546.6(TP53):c.598A>T (p.Asn200Tyr)	TP53	single nucleotide variant	Hereditary cancer-predisposing syndrome	G: Uncertain significance	criteria provided, single submitter	missense variant	N161Y, N41Y, N68Y, N200Y	2022/11/15			17:7578251	17:7674933	2450739	VCV002450739	rs2151027554
NM_000546.6(TP53):c.598A>C (p.Asn200His)	TP53	single nucleotide variant	Li-Fraumeni syndrome	G: Uncertain significance	criteria provided, single submitter	missense variant	N41H, N200H, N161H, N68H	2022/08/29			17:7578251	17:7674933	2006345	VCV002006345	rs2151027554
NM_000546.6(TP53):c.598A>G (p.Asn200Asp)	TP53	single nucleotide variant	Hereditary cancer-predisposing syndrome, Li-Fraumeni syndrome	G: Uncertain significance	criteria provided, multiple submitters, no conflicts	missense variant	N161D, N200D, N41D, N68D	2024/08/13			17:7578251	17:7674933	1061739	VCV001061739	rs2151027554
NM_000546.6(TP53):c.596G>T (p.Gly199Val)	TP53	single nucleotide variant	not provided	G: Likely pathogenic	criteria provided, single submitter	missense variant	G160V, G199V, G67V, G40V	2018/06/20	2022/11/07		17:7578253	17:7674935	451799	VCV000451799	rs1555525857
NM_000546.6(TP53):c.595G>A (p.Gly199Arg)	TP53	single nucleotide variant	Hereditary cancer-predisposing syndrome, Li-Fraumeni syndrome	G: Uncertain significance	criteria provided, multiple submitters, no conflicts	missense variant	G160R, G199R, G40R, G67R	2025/08/12			17:7578254	17:7674936	1015039	VCV001015039	rs1567551821
NM_000546.6(TP53):c.593A>G (p.Glu198Gly)	TP53	single nucleotide variant	Hereditary cancer-predisposing syndrome, Li-Fraumeni syndrome	G: Uncertain significance	criteria provided, multiple submitters, no conflicts	missense variant	E159G, E39G, E198G, E66G	2025/02/13			17:7578256	17:7674938	1750606	VCV001750606	rs2543586558
NM_000546.6(TP53):c.590T>C (p.Val197Ala)	TP53	single nucleotide variant	Hereditary cancer-predisposing syndrome	G: Uncertain significance	criteria provided, single submitter	missense variant	V158A, V197A, V38A, V65A	2024/11/20			17:7578259	17:7674941	3460294	VCV003460294	
NM_000546.6(TP53):c.589G>C (p.Val197Leu)	TP53	single nucleotide variant	Hereditary cancer-predisposing syndrome, Li-Fraumeni syndrome	G: Uncertain significance	criteria provided, multiple submitters, no conflicts	missense variant	V158L, V197L, V65L, V38L	2024/04/14			17:7578260	17:7674942	480766	VCV000480766	rs786204041
NM_000546.6(TP53):c.589G>T (p.Val197Leu)	TP53	single nucleotide variant	Hereditary cancer-predisposing syndrome, Li-Fraumeni syndrome	G: Uncertain significance	criteria provided, multiple submitters, no conflicts	missense variant	V158L, V197L, V65L, V38L	2025/03/05			17:7578260	17:7674942	216468	VCV000216468	rs786204041
NM_000546.6(TP53):c.584_585delinsAT (p.Ile195Asn)	TP53	Indel	Li-Fraumeni syndrome	G: Uncertain significance	criteria provided, single submitter	missense variant	I63N, I156N, I195N, I36N	2024/06/10			17:7578264	17:7674946	3656084	VCV003656084	
NM_000546.6(TP53):c.580C>T (p.Leu194Phe)	TP53	single nucleotide variant	Hereditary cancer-predisposing syndrome, not provided, Li-Fraumeni syndrome, Li-Fraumeni syndrome 1	G: Pathogenic/Likely pathogenic	criteria provided, multiple submitters, no conflicts	missense variant	L155F, L194F, L62F, L35F	2025/08/21		2025/03/04	17:7578269	17:7674951	127817	VCV000127817	rs587780071
NM_000546.6(TP53):c.578A>C (p.His193Pro)	TP53	single nucleotide variant	Li-Fraumeni syndrome	G: Pathogenic	reviewed by expert panel	missense variant	H154P, H193P, H61P, H34P	2024/08/05			17:7578271	17:7674953	376612	VCV000376612	rs786201838
NM_000546.6(TP53):c.577C>A (p.His193Asn)	TP53	single nucleotide variant	Li-Fraumeni syndrome, Hereditary cancer-predisposing syndrome	G: Pathogenic/Likely pathogenic	criteria provided, multiple submitters, no conflicts	missense variant	H154N, H193N, H61N, H34N	2024/07/08			17:7578272	17:7674954	3460301	VCV003460301	rs876658468
NM_000546.6(TP53):c.577C>T (p.His193Tyr)	TP53	single nucleotide variant	Hereditary cancer-predisposing syndrome, Li-Fraumeni syndrome 1, Li-Fraumeni syndrome, not provided	G: Pathogenic/Likely pathogenic	criteria provided, multiple submitters, no conflicts	missense variant	H154Y, H193Y, H61Y, H34Y	2025/06/11			17:7578272	17:7674954	230256	VCV000230256	rs876658468
NM_000546.6(TP53):c.576G>C (p.Gln192His)	TP53	single nucleotide variant	Malignant tumor of esophagus	G: Likely benign	criteria provided, single submitter	missense variant	Q153H, Q192H, Q33H, Q60H				17:7578273	17:7674955	988617	VCV000988617	rs2073344721
NM_000546.6(TP53):c.576G>T (p.Gln192His)	TP53	single nucleotide variant	Hereditary cancer-predisposing syndrome, Li-Fraumeni syndrome, Li-Fraumeni syndrome 1	G: Uncertain significance	criteria provided, multiple submitters, no conflicts	missense variant	Q60H, Q33H, Q153H, Q192H	2023/08/15			17:7578273	17:7674955	922531	VCV000922531	rs2073344721
NM_000546.6(TP53):c.574C>G (p.Gln192Glu)	TP53	single nucleotide variant	Adrenocortical carcinoma, hereditary, Li-Fraumeni syndrome	G: Uncertain significance	criteria provided, multiple submitters, no conflicts	missense variant	Q153E, Q192E, Q33E, Q60E	2024/10/03			17:7578275	17:7674957	2679236	VCV002679236	rs866380588
NM_000546.6(TP53):c.572C>T (p.Pro191Leu)	TP53	single nucleotide variant	Li-Fraumeni syndrome	G: Uncertain significance	criteria provided, single submitter	missense variant	P191L, P152L, P32L, P59L	2024/05/18			17:7578277	17:7674959	2703874	VCV002703874	rs587778718
NM_000546.6(TP53):c.571C>T (p.Pro191Ser)	TP53	single nucleotide variant	Li-Fraumeni syndrome	G: Uncertain significance	criteria provided, single submitter	missense variant	P152S, P191S, P32S, P59S	2025/12/22			17:7578278	17:7674960	1024017	VCV001024017	rs868590738
NM_000546.6(TP53):c.569C>T (p.Pro190Leu)	TP53	single nucleotide variant	Li-Fraumeni syndrome 1	G: Likely pathogenic	reviewed by expert panel	missense variant	P151L, P190L, P58L, P31L	2022/06/27			17:7578280	17:7674962	418517	VCV000418517	rs876660825
NM_000546.6(TP53):c.568C>G (p.Pro190Ala)	TP53	single nucleotide variant	Li-Fraumeni syndrome	G: Uncertain significance	criteria provided, single submitter	missense variant	P151A, P190A, P31A, P58A	2020/10/27			17:7578281	17:7674963	1021934	VCV001021934	rs876660254
NM_000546.6(TP53):c.568C>A (p.Pro190Thr)	TP53	single nucleotide variant	Hereditary cancer-predisposing syndrome, Li-Fraumeni syndrome, Li-Fraumeni syndrome 1	G: Uncertain significance	criteria provided, multiple submitters, no conflicts	missense variant	P151T, P190T, P58T, P31T	2025/11/23			17:7578281	17:7674963	233197	VCV000233197	rs876660254
NM_000546.6(TP53):c.566C>A (p.Ala189Asp)	TP53	single nucleotide variant	Li-Fraumeni syndrome	G: Uncertain significance	criteria provided, single submitter	missense variant	A189D, A57D, A30D, A150D	2023/09/20			17:7578283	17:7674965	2137906	VCV002137906	rs121912665
NM_000546.6(TP53):c.566C>G (p.Ala189Gly)	TP53	single nucleotide variant	Li-Fraumeni syndrome	G: Uncertain significance	criteria provided, single submitter	missense variant	A150G, A189G, A30G, A57G	2021/03/12			17:7578283	17:7674965	1378428	VCV001378428	rs121912665
NM_000546.6(TP53):c.565G>A (p.Ala189Thr)	TP53	single nucleotide variant	Hereditary cancer-predisposing syndrome	G: Uncertain significance	criteria provided, single submitter	missense variant	A150T, A189T, A30T, A57T	2025/04/11			17:7578284	17:7674966	3972441	VCV003972441	
NM_000546.6(TP53):c.565G>T (p.Ala189Ser)	TP53	single nucleotide variant	Hereditary cancer-predisposing syndrome, Li-Fraumeni syndrome, Li-Fraumeni syndrome 1	G: Uncertain significance	criteria provided, multiple submitters, no conflicts	missense variant	A150S, A189S, A57S, A30S	2024/12/19			17:7578284	17:7674966	528262	VCV000528262	rs1555525921
NM_000546.6(TP53):c.563T>C (p.Leu188Pro)	TP53	single nucleotide variant	Hereditary cancer-predisposing syndrome	G: Uncertain significance	criteria provided, single submitter	missense variant	L149P, L29P, L56P, L188P	2025/08/04			17:7578286	17:7674968	4189268	VCV004189268	
NM_000546.6(TP53):c.562C>G (p.Leu188Val)	TP53	single nucleotide variant	Li-Fraumeni syndrome	G: Uncertain significance	criteria provided, single submitter	missense variant	L188V, L29V, L56V, L149V	2022/03/05			17:7578287	17:7674969	933702	VCV000933702	rs2073348975
NM_000546.6(TP53):c.560G>T (p.Gly187Val)	TP53	single nucleotide variant	Hereditary cancer-predisposing syndrome, Li-Fraumeni syndrome	G: Uncertain significance	criteria provided, multiple submitters, no conflicts	missense variant	G28V, G55V, G148V, G187V	2026/04/10			17:7578289	17:7674971	2032550	VCV002032550	rs1064795841
NM_000546.6(TP53):c.560G>C (p.Gly187Ala)	TP53	single nucleotide variant	Hereditary cancer-predisposing syndrome, Li-Fraumeni syndrome	G: Uncertain significance	criteria provided, multiple submitters, no conflicts	missense variant	G148A, G55A, G187A, G28A	2024/12/06			17:7578289	17:7674971	1479275	VCV001479275	rs1064795841
NM_000546.6(TP53):c.554_555delinsTT (p.Ser185Ile)	TP53	Indel	Hereditary cancer-predisposing syndrome	G: Uncertain significance	criteria provided, single submitter	missense variant, non-coding transcript variant	S146I, S185I, S26I, S53I	2025/07/30			17:7578375	17:7675057	4759033	VCV004759033	
NM_000546.6(TP53):c.555C>G (p.Ser185Arg)	TP53	single nucleotide variant	Hereditary cancer-predisposing syndrome	G: Likely benign	criteria provided, single submitter	missense variant	S53R, S146R, S26R, S185R	2021/11/01			17:7578375	17:7675057	1748280	VCV001748280	rs367560109
NM_000546.6(TP53):c.551A>G (p.Asp184Gly)	TP53	single nucleotide variant	Li-Fraumeni syndrome	G: Uncertain significance	criteria provided, single submitter	missense variant	D145G, D52G, D184G, D25G	2022/09/26			17:7578379	17:7675061	406606	VCV000406606	rs1060501209
NM_000546.6(TP53):c.550G>C (p.Asp184His)	TP53	single nucleotide variant	Li-Fraumeni syndrome	G: Uncertain significance	criteria provided, single submitter	missense variant, non-coding transcript variant	D145H, D184H, D25H, D52H	2025/06/30			17:7578380	17:7675062	2687701	VCV002687701	rs72661117
NM_000546.6(TP53):c.547T>C (p.Ser183Pro)	TP53	single nucleotide variant	Hereditary cancer-predisposing syndrome	G: Likely benign	criteria provided, single submitter	missense variant, non-coding transcript variant	S144P, S24P, S51P, S183P	2024/05/08			17:7578383	17:7675065	3328150	VCV003328150	
NM_000546.6(TP53):c.546C>G (p.Cys182Trp)	TP53	single nucleotide variant	Hereditary cancer-predisposing syndrome, not provided, Li-Fraumeni syndrome 1, Li-Fraumeni syndrome	G: Uncertain significance	criteria provided, multiple submitters, no conflicts	missense variant	C143W, C182W, C50W, C23W	2025/04/14			17:7578384	17:7675066	423137	VCV000423137	rs1064796257
NM_000546.6(TP53):c.544T>C (p.Cys182Arg)	TP53	single nucleotide variant	Hereditary cancer-predisposing syndrome	G: Uncertain significance	criteria provided, single submitter	missense variant, non-coding transcript variant	C182R, C50R, C23R, C143R	2022/09/19			17:7578386	17:7675068	2774651	VCV002774651	rs2151030158
NM_000546.6(TP53):c.544T>G (p.Cys182Gly)	TP53	single nucleotide variant	Li-Fraumeni syndrome	G: Uncertain significance	criteria provided, single submitter	missense variant	C182G, C143G, C23G, C50G	2020/11/28			17:7578386	17:7675068	1489700	VCV001489700	rs2151030158
NM_000546.6(TP53):c.542G>C (p.Arg181Pro)	TP53	single nucleotide variant	Hereditary cancer-predisposing syndrome, Li-Fraumeni syndrome, Li-Fraumeni syndrome 1	G: Pathogenic/Likely pathogenic	criteria provided, multiple submitters, no conflicts	missense variant	R181P, R22P, R142P, R49P	2024/02/14	2022/11/22		17:7578388	17:7675070	825729	VCV000825729	rs397514495
NM_000546.6(TP53):c.541C>A (p.Arg181Ser)	TP53	single nucleotide variant	Li-Fraumeni syndrome	G: Uncertain significance	reviewed by expert panel	missense variant	R142S, R181S, R49S, R22S	2025/03/04			17:7578389	17:7675071	230764	VCV000230764	rs587782596
NM_000546.6(TP53):c.540G>T (p.Glu180Asp)	TP53	single nucleotide variant	Hereditary cancer-predisposing syndrome, Adrenocortical carcinoma, hereditary, Li-Fraumeni syndrome	G: Uncertain significance	criteria provided, multiple submitters, no conflicts	missense variant	E141D, E180D, E21D, E48D	2024/12/18			17:7578390	17:7675072	1521256	VCV001521256	rs2073362479
NM_000546.6(TP53):c.540G>C (p.Glu180Asp)	TP53	single nucleotide variant	Li-Fraumeni syndrome, not provided	G: Uncertain significance	criteria provided, multiple submitters, no conflicts	missense variant	E21D, E141D, E180D, E48D	2025/04/28			17:7578390	17:7675072	1509915	VCV001509915	rs2073362479
NM_000546.6(TP53):c.537T>A (p.His179Gln)	TP53	single nucleotide variant	Li-Fraumeni syndrome	G: Pathogenic	reviewed by expert panel	missense variant	H140Q, H47Q, H179Q, H20Q	2024/08/05			17:7578393	17:7675075	406578	VCV000406578	rs876660821
NM_000546.6(TP53):c.537T>G (p.His179Gln)	TP53	single nucleotide variant	not provided, Hereditary cancer-predisposing syndrome, Li-Fraumeni syndrome 1, Li-Fraumeni syndrome	G: Pathogenic/Likely pathogenic	criteria provided, multiple submitters, no conflicts	missense variant	H140Q, H179Q, H47Q, H20Q	2025/11/17			17:7578393	17:7675075	376607	VCV000376607	rs876660821
NM_000546.6(TP53):c.535C>T (p.His179Tyr)	TP53	single nucleotide variant	Hereditary cancer-predisposing syndrome, not provided, Adrenocortical carcinoma, hereditary, Li-Fraumeni syndrome, Li-Fraumeni syndrome 1	G: Pathogenic/Likely pathogenic	criteria provided, multiple submitters, no conflicts	missense variant	H140Y, H179Y, H47Y, H20Y	2025/03/18	2023/01/05	2025/03/04	17:7578395	17:7675077	127815	VCV000127815	rs587780070
NM_000546.6(TP53):c.533A>G (p.His178Arg)	TP53	single nucleotide variant	Hereditary cancer-predisposing syndrome, Li-Fraumeni syndrome, not provided	G: Uncertain significance	criteria provided, multiple submitters, no conflicts	missense variant, non-coding transcript variant	H46R, H19R, H139R, H178R	2024/11/30			17:7578397	17:7675079	2780373	VCV002780373	rs1555526004
NM_000546.6(TP53):c.532C>G (p.His178Asp)	TP53	single nucleotide variant	Li-Fraumeni syndrome	G: Pathogenic	reviewed by expert panel	missense variant	H178D, H46D, H139D, H19D	2024/08/05			17:7578398	17:7675080	482223	VCV000482223	rs1064795203
NM_000546.6(TP53):c.532C>A (p.His178Asn)	TP53	single nucleotide variant	not provided, Li-Fraumeni syndrome	G: Uncertain significance	criteria provided, multiple submitters, no conflicts	missense variant	H139N, H178N, H46N, H19N	2023/12/31			17:7578398	17:7675080	421546	VCV000421546	rs1064795203
NM_000546.6(TP53):c.530C>A (p.Pro177His)	TP53	single nucleotide variant	Hereditary cancer-predisposing syndrome, Li-Fraumeni syndrome	G: Uncertain significance	criteria provided, multiple submitters, no conflicts	missense variant	P45H, P138H, P177H, P18H	2025/08/04			17:7578400	17:7675082	956854	VCV000956854	rs751477326
NM_000546.6(TP53):c.529C>G (p.Pro177Ala)	TP53	single nucleotide variant	Hereditary cancer-predisposing syndrome	G: Uncertain significance	criteria provided, single submitter	missense variant, non-coding transcript variant	P177A, P18A, P138A, P45A	2023/08/17			17:7578401	17:7675083	2585883	VCV002585883	rs147002414
NM_000546.6(TP53):c.529C>T (p.Pro177Ser)	TP53	single nucleotide variant	Hereditary cancer-predisposing syndrome, Li-Fraumeni syndrome	G: Uncertain significance	criteria provided, multiple submitters, no conflicts	missense variant	P138S, P177S, P18S, P45S	2024/12/11			17:7578401	17:7675083	646495	VCV000646495	rs147002414
NM_000546.6(TP53):c.529C>A (p.Pro177Thr)	TP53	single nucleotide variant	Hereditary cancer-predisposing syndrome, Li-Fraumeni syndrome 1, Li-Fraumeni syndrome	G: Uncertain significance	criteria provided, multiple submitters, no conflicts	missense variant	P138T, P177T, P45T, P18T	2024/11/04			17:7578401	17:7675083	482220	VCV000482220	rs147002414
NM_000546.6(TP53):c.526_528delinsCGG (p.Cys176Arg)	TP53	Indel	Ovarian neoplasm	G: Likely pathogenic	no assertion criteria provided	missense variant	C17R, C44R, C137R, C176R	2018/12/01			17:7578402	17:7675084	634759	VCV000634759	rs1567552847
NM_000546.6(TP53):c.527G>T (p.Cys176Phe)	TP53	single nucleotide variant	Hereditary cancer-predisposing syndrome, Li-Fraumeni syndrome 1, Li-Fraumeni syndrome	G: Pathogenic/Likely pathogenic	criteria provided, multiple submitters, no conflicts	missense variant	C137F, C176F, C44F, C17F	2025/02/09	2025/05/14	2025/03/04	17:7578403	17:7675085	376569	VCV000376569	rs786202962
NM_000546.6(TP53):c.523C>G (p.Arg175Gly)	TP53	single nucleotide variant	Li-Fraumeni syndrome	G: Pathogenic	reviewed by expert panel	missense variant	R136G, R175G, R43G, R16G	2024/09/06		2025/03/04	17:7578407	17:7675089	376649	VCV000376649	rs138729528
NM_000546.6(TP53):c.522G>C (p.Arg174Ser)	TP53	single nucleotide variant	Li-Fraumeni syndrome	G: Uncertain significance	criteria provided, multiple submitters, no conflicts	missense variant	R135S, R15S, R174S, R42S	2024/01/11			17:7578408	17:7675090	1058186	VCV001058186	rs2151030685
NM_000546.6(TP53):c.520A>G (p.Arg174Gly)	TP53	single nucleotide variant	Hereditary cancer-predisposing syndrome, Li-Fraumeni syndrome	G: Uncertain significance	criteria provided, multiple submitters, no conflicts	missense variant	R135G, R174G, R42G, R15G	2025/07/17			17:7578410	17:7675092	219487	VCV000219487	rs864622115
NM_000546.6(TP53):c.517G>T (p.Val173Leu)	TP53	single nucleotide variant	Hereditary cancer-predisposing syndrome, not provided, Li-Fraumeni syndrome 1, Li-Fraumeni syndrome	G: Pathogenic/Likely pathogenic	criteria provided, multiple submitters, no conflicts	missense variant	V134L, V173L, V41L, V14L	2025/05/23		2025/03/04	17:7578413	17:7675095	376668	VCV000376668	rs876660754
NM_000546.6(TP53):c.515T>C (p.Val172Ala)	TP53	single nucleotide variant	Li-Fraumeni syndrome	G: Uncertain significance	criteria provided, single submitter	missense variant	V133A, V172A, V40A, V13A	2023/11/17			17:7578415	17:7675097	528245	VCV000528245	rs1131691021
NM_000546.6(TP53):c.515T>G (p.Val172Gly)	TP53	single nucleotide variant	Hereditary cancer-predisposing syndrome	G: Pathogenic	criteria provided, single submitter	missense variant	V133G, V172G, V40G, V13G	2026/04/05			17:7578415	17:7675097	428883	VCV000428883	rs1131691021
NM_000546.6(TP53):c.514G>A (p.Val172Ile)	TP53	single nucleotide variant	Li-Fraumeni syndrome, Hereditary cancer-predisposing syndrome	G: Uncertain significance	criteria provided, multiple submitters, no conflicts	missense variant	V133I, V40I, V13I, V172I	2024/02/09			17:7578416	17:7675098	825481	VCV000825481	rs1131691043
NM_000546.6(TP53):c.513G>T (p.Glu171Asp)	TP53	single nucleotide variant	Acute myeloid leukemia	G: Pathogenic	no assertion criteria provided	missense variant, non-coding transcript variant	E12D, E132D, E171D, E39D				17:7578417	17:7675099	2446885	VCV002446885	rs1555526078
NM_000546.6(TP53):c.512A>G (p.Glu171Gly)	TP53	single nucleotide variant	Hereditary cancer-predisposing syndrome	G: Pathogenic	criteria provided, single submitter	missense variant	E132G, E171G, E39G, E12G	2022/01/24			17:7578418	17:7675100	1745525	VCV001745525	rs2543596753
NM_000546.6(TP53):c.511G>A (p.Glu171Lys)	TP53	single nucleotide variant	Li-Fraumeni syndrome	G: Likely benign	reviewed by expert panel	missense variant	E132K, E171K, E39K, E12K	2025/03/04			17:7578419	17:7675101	141566	VCV000141566	rs587781845
NM_000546.6(TP53):c.509C>G (p.Thr170Arg)	TP53	single nucleotide variant	Hereditary cancer-predisposing syndrome, not specified, not provided, Li-Fraumeni syndrome 1, Li-Fraumeni syndrome	G: Uncertain significance	criteria provided, multiple submitters, no conflicts	missense variant	T131R, T170R, T38R, T11R	2025/06/27			17:7578421	17:7675103	490174	VCV000490174	rs779000871
NM_000546.6(TP53):c.509C>T (p.Thr170Met)	TP53	single nucleotide variant	Li-Fraumeni syndrome	G: Likely benign	reviewed by expert panel	missense variant	T131M, T170M, T38M, T11M	2025/02/07			17:7578421	17:7675103	184014	VCV000184014	rs779000871
NM_000546.6(TP53):c.508A>T (p.Thr170Ser)	TP53	single nucleotide variant	Hereditary cancer-predisposing syndrome	G: Uncertain significance	criteria provided, single submitter	missense variant, non-coding transcript variant	T170S, T38S, T11S, T131S	2024/10/12			17:7578422	17:7675104	3460324	VCV003460324	
NM_000546.6(TP53):c.508A>G (p.Thr170Ala)	TP53	single nucleotide variant	Hereditary cancer-predisposing syndrome, Li-Fraumeni syndrome	G: Uncertain significance	criteria provided, multiple submitters, no conflicts	missense variant	T131A, T170A, T38A, T11A	2024/01/12			17:7578422	17:7675104	135949	VCV000135949	rs587780729
NM_000546.6(TP53):c.506T>G (p.Met169Arg)	TP53	single nucleotide variant	Li-Fraumeni syndrome	G: Uncertain significance	criteria provided, single submitter	missense variant	M130R, M169R, M37R, M10R	2025/07/31			17:7578424	17:7675106	568736	VCV000568736	rs1567553114
NM_000546.6(TP53):c.505A>T (p.Met169Leu)	TP53	single nucleotide variant	Li-Fraumeni syndrome	G: Uncertain significance	criteria provided, single submitter	missense variant, non-coding transcript variant	M130L, M10L, M169L, M37L	2025/09/10			17:7578425	17:7675107	2886753	VCV002886753	rs2073372575
NM_000546.6(TP53):c.504C>G (p.His168Gln)	TP53	single nucleotide variant	Hereditary cancer-predisposing syndrome	G: Uncertain significance	criteria provided, single submitter	missense variant	H129Q, H9Q, H168Q, H36Q	2022/09/30			17:7578426	17:7675108	1745001	VCV001745001	rs746293837
NM_000546.6(TP53):c.503A>C (p.His168Pro)	TP53	single nucleotide variant	Hereditary cancer-predisposing syndrome	G: Likely pathogenic	criteria provided, single submitter	missense variant, non-coding transcript variant	H129P, H36P, H168P, H9P	2024/06/14	2023/09/08		17:7578427	17:7675109	3328154	VCV003328154	
NM_000546.6(TP53):c.503A>T (p.His168Leu)	TP53	single nucleotide variant	Hereditary cancer-predisposing syndrome	G: Pathogenic	criteria provided, single submitter	missense variant	H129L, H168L, H36L, H9L	2020/12/03	2023/12/04		17:7578427	17:7675109	1744933	VCV001744933	rs867114783
NM_000546.6(TP53):c.502C>T (p.His168Tyr)	TP53	single nucleotide variant	Hereditary cancer-predisposing syndrome	G: Uncertain significance	criteria provided, single submitter	missense variant, non-coding transcript variant	H129Y, H168Y, H9Y, H36Y	2025/12/01			17:7578428	17:7675110	4552487	VCV004552487	
NM_000546.6(TP53):c.502C>A (p.His168Asn)	TP53	single nucleotide variant	Prostate cancer, hereditary, 1	G: Uncertain significance	no assertion criteria provided	missense variant, non-coding transcript variant	H129N, H168N, H36N, H9N	2024/01/01			17:7578428	17:7675110	2687697	VCV002687697	rs2543597642
NM_000546.6(TP53):c.500A>C (p.Gln167Pro)	TP53	single nucleotide variant	Hereditary cancer-predisposing syndrome, not provided, Li-Fraumeni syndrome, Li-Fraumeni syndrome 1	G: Uncertain significance	criteria provided, multiple submitters, no conflicts	missense variant	Q128P, Q167P, Q35P, Q8P	2025/08/24			17:7578430	17:7675112	490173	VCV000490173	rs1319163924
NM_000546.6(TP53):c.499C>A (p.Gln167Lys)	TP53	single nucleotide variant	Hereditary cancer-predisposing syndrome, Li-Fraumeni syndrome	G: Uncertain significance	criteria provided, multiple submitters, no conflicts	missense variant, non-coding transcript variant	Q8K, Q35K, Q128K, Q167K	2025/06/24			17:7578431	17:7675113	2736423	VCV002736423	rs1555526097
NM_000546.6(TP53):c.495_499delinsCCCTA (p.Gln165_Gln167delinsHisProLys)	TP53	Indel	Prostate cancer, hereditary, 1	G: Uncertain significance	no assertion criteria provided	missense variant, non-coding transcript variant		2024/01/01			17:7578431	17:7675113	2687696	VCV002687696	rs2543597928
NM_000546.6(TP53):c.497C>T (p.Ser166Leu)	TP53	single nucleotide variant	Hereditary cancer-predisposing syndrome, Li-Fraumeni syndrome	G: Uncertain significance	criteria provided, multiple submitters, no conflicts	missense variant	S127L, S166L, S34L, S7L	2025/05/13			17:7578433	17:7675115	528239	VCV000528239	rs1555526101
NM_000546.6(TP53):c.496T>A (p.Ser166Thr)	TP53	single nucleotide variant	Hereditary cancer-predisposing syndrome	G: Likely benign	criteria provided, single submitter	missense variant, non-coding transcript variant	S127T, S34T, S166T, S7T	2024/12/12			17:7578434	17:7675116	3809673	VCV003809673	
NM_000546.6(TP53):c.496T>G (p.Ser166Ala)	TP53	single nucleotide variant	Prostate cancer, hereditary, 1	G: Uncertain significance	no assertion criteria provided	missense variant, non-coding transcript variant	S127A, S166A, S34A, S7A	2024/01/01			17:7578434	17:7675116	2687713	VCV002687713	rs2073374897
NM_000546.6(TP53):c.494A>T (p.Gln165Leu)	TP53	single nucleotide variant	Acute myeloid leukemia	G: Pathogenic	no assertion criteria provided	missense variant, non-coding transcript variant	Q126L, Q165L, Q33L, Q6L				17:7578436	17:7675118	2505496	VCV002505496	rs2151031435
NM_000546.6(TP53):c.492G>T (p.Lys164Asn)	TP53	single nucleotide variant	Li-Fraumeni syndrome	G: Uncertain significance	criteria provided, single submitter	missense variant, non-coding transcript variant	K32N, K125N, K164N, K5N	2023/03/22			17:7578438	17:7675120	2848594	VCV002848594	rs1131691034
NM_000546.6(TP53):c.492G>C (p.Lys164Asn)	TP53	single nucleotide variant	Hereditary cancer-predisposing syndrome	G: Uncertain significance	criteria provided, single submitter	missense variant	K125N, K164N, K32N, K5N	2014/05/15			17:7578438	17:7675120	428899	VCV000428899	rs1131691034
NM_000546.6(TP53):c.490A>C (p.Lys164Gln)	TP53	single nucleotide variant	Prostate cancer, hereditary, 1	G: Uncertain significance	no assertion criteria provided	missense variant, non-coding transcript variant	K125Q, K164Q, K32Q, K5Q	2024/01/01			17:7578440	17:7675122	2687712	VCV002687712	rs879254249
NM_000546.6(TP53):c.488A>C (p.Tyr163Ser)	TP53	single nucleotide variant	Li-Fraumeni syndrome	G: Uncertain significance	criteria provided, single submitter	missense variant, non-coding transcript variant	Y31S, Y4S, Y124S, Y163S	2025/07/08			17:7578442	17:7675124	2757988	VCV002757988	rs148924904
NM_000546.6(TP53):c.488A>G (p.Tyr163Cys)	TP53	single nucleotide variant	Li-Fraumeni syndrome	G: Pathogenic	reviewed by expert panel	missense variant	Y124C, Y163C, Y31C, Y4C	2024/08/05	2023/04/13	2025/12/29	17:7578442	17:7675124	127814	VCV000127814	rs148924904
NM_000546.6(TP53):c.485T>C (p.Ile162Thr)	TP53	single nucleotide variant	Li-Fraumeni syndrome	G: Uncertain significance	criteria provided, single submitter	missense variant	I123T, I162T, I30T, I3T	2023/11/21			17:7578445	17:7675127	1992967	VCV001992967	rs587780069
NM_000546.6(TP53):c.484A>G (p.Ile162Val)	TP53	single nucleotide variant	Hereditary cancer-predisposing syndrome	G: Uncertain significance	criteria provided, single submitter	missense variant	I123V, I162V, I30V, I3V	2020/08/25			17:7578446	17:7675128	1743548	VCV001743548	rs2073377305
NM_000546.6(TP53):c.482_483delinsGA (p.Ala161Gly)	TP53	Indel	Hereditary cancer-predisposing syndrome	G: Uncertain significance	criteria provided, single submitter	missense variant, non-coding transcript variant	A122G, A2G, A161G, A29G	2024/12/03			17:7578447	17:7675129	3460338	VCV003460338	
NM_000546.6(TP53):c.482C>T (p.Ala161Val)	TP53	single nucleotide variant	Hereditary cancer-predisposing syndrome, Li-Fraumeni syndrome	G: Uncertain significance	criteria provided, multiple submitters, no conflicts	missense variant	A29V, A161V, A122V, A2V	2025/01/16			17:7578448	17:7675130	2019530	VCV002019530	rs1064795691
NM_000546.6(TP53):c.480_481delinsTT (p.Met160_Ala161delinsIleSer)	TP53	Indel	Hereditary cancer-predisposing syndrome	G: Uncertain significance	criteria provided, single submitter	missense variant, initiator_codon_variant, non-coding transcript variant		2025/04/02			17:7578449	17:7675131	3972443	VCV003972443	
NM_000546.6(TP53):c.481G>C (p.Ala161Pro)	TP53	single nucleotide variant		O: Uncertain significance	criteria provided, single submitter	missense variant, non-coding transcript variant	A161P, A29P, A2P, A122P			2025/03/04	17:7578449	17:7675131	3258033	VCV003258033	
NM_000546.6(TP53):c.480G>A (p.Met160Ile)	TP53	single nucleotide variant	Li-Fraumeni syndrome	G: Likely benign	reviewed by expert panel	missense variant, initiator_codon_variant	M121I, M160I, M28I, M1I	2025/01/16			17:7578450	17:7675132	230758	VCV000230758	rs772354334
NM_000546.6(TP53):c.479T>C (p.Met160Thr)	TP53	single nucleotide variant	Li-Fraumeni syndrome	G: Uncertain significance	criteria provided, single submitter	missense variant, initiator_codon_variant, non-coding transcript variant	M160T, M121T, M1T, M28T	2023/08/23			17:7578451	17:7675133	2915501	VCV002915501	rs2073378475
NM_000546.6(TP53):c.476C>A (p.Ala159Asp)	TP53	single nucleotide variant	Li-Fraumeni syndrome 1, Li-Fraumeni syndrome	G: Pathogenic/Likely pathogenic	criteria provided, multiple submitters, no conflicts	missense variant, 5 prime UTR variant, non-coding transcript variant	A120D, A159D, A27D	2026/01/05	2022/11/09		17:7578454	17:7675136	1026335	VCV001026335	rs1555526131
NM_000546.6(TP53):c.475_476delinsTT (p.Ala159Phe)	TP53	Indel	not specified	G: Uncertain significance	criteria provided, single submitter	missense variant, 5 prime UTR variant	A27F, A120F, A159F	2016/09/21			17:7578454	17:7675136	182961	VCV000182961	rs730882022
NM_000546.6(TP53):c.472_474delinsATT (p.Arg158Ile)	TP53	Indel	Li-Fraumeni syndrome	G: Uncertain significance	criteria provided, single submitter	missense variant, 5 prime UTR variant	R158I, R119I, R26I	2019/10/08			17:7578456	17:7675138	958850	VCV000958850	rs2073381096
NM_000546.6(TP53):c.473_474delinsTT (p.Arg158Leu)	TP53	Indel	Hereditary cancer-predisposing syndrome, Li-Fraumeni syndrome 1, Li-Fraumeni syndrome	G: Pathogenic/Likely pathogenic	criteria provided, multiple submitters, no conflicts	missense variant, 5 prime UTR variant	R158L, R119L, R26L	2024/07/08			17:7578456	17:7675138	568285	VCV000568285	rs1567553501
NM_000546.6(TP53):c.473G>T (p.Arg158Leu)	TP53	single nucleotide variant	Li-Fraumeni syndrome	G: Pathogenic	reviewed by expert panel	missense variant, 5 prime UTR variant	R158L, R26L, R119L	2025/12/05	2024/04/12		17:7578457	17:7675139	528248	VCV000528248	rs587782144
NM_000546.6(TP53):c.472C>G (p.Arg158Gly)	TP53	single nucleotide variant	Li-Fraumeni syndrome, Hereditary cancer-predisposing syndrome	G: Pathogenic	criteria provided, multiple submitters, no conflicts	missense variant, 5 prime UTR variant	R158G, R26G, R119G	2025/03/31	2025/10/31		17:7578458	17:7675140	856171	VCV000856171	rs587780068
NM_000546.6(TP53):c.470_471delinsGT (p.Val157Gly)	TP53	Indel	Li-Fraumeni syndrome 1	G: Likely pathogenic	criteria provided, single submitter	missense variant, 5 prime UTR variant, non-coding transcript variant	V25G, V157G, V118G	2024/02/14			17:7578459	17:7675141	3148383	VCV003148383	rs2543600379
NM_000546.6(TP53):c.469G>C (p.Val157Leu)	TP53	single nucleotide variant	Li-Fraumeni syndrome	G: Uncertain significance	criteria provided, single submitter	missense variant, 5 prime UTR variant	V118L, V25L, V157L	2021/03/10			17:7578461	17:7675143	1515529	VCV001515529	rs121912654
NM_000546.6(TP53):c.466C>A (p.Arg156Ser)	TP53	single nucleotide variant	Hereditary cancer-predisposing syndrome	G: Uncertain significance	criteria provided, single submitter	missense variant, 5 prime UTR variant	R156S, R117S, R24S	2015/12/05			17:7578464	17:7675146	1742298	VCV001742298	rs563378859
NM_000546.6(TP53):c.461_463delinsCAT (p.Gly154_Thr155delinsAlaSer)	TP53	Indel	Prostate cancer, hereditary, 1	G: Uncertain significance	no assertion criteria provided	missense variant, 5 prime UTR variant, non-coding transcript variant		2024/01/01			17:7578467	17:7675149	2687695	VCV002687695	rs2543601013
NM_000546.6(TP53):c.461_462delinsAT (p.Gly154Asp)	TP53	Indel	Prostate cancer, hereditary, 1	G: Uncertain significance	no assertion criteria provided	missense variant, 5 prime UTR variant, non-coding transcript variant	G115D, G154D, G22D	2024/01/01			17:7578468	17:7675150	2687710	VCV002687710	rs2543601170
NM_000546.6(TP53):c.461G>C (p.Gly154Ala)	TP53	single nucleotide variant	Li-Fraumeni syndrome	G: Uncertain significance	criteria provided, single submitter	missense variant, 5 prime UTR variant, non-coding transcript variant	G154A, G22A, G115A	2023/02/25			17:7578469	17:7675151	2840669	VCV002840669	rs762846821
NM_000546.6(TP53):c.461G>A (p.Gly154Asp)	TP53	single nucleotide variant	Li-Fraumeni syndrome	G: Uncertain significance	reviewed by expert panel	missense variant, 5 prime UTR variant	G115D, G154D, G22D	2026/03/04			17:7578469	17:7675151	237950	VCV000237950	rs762846821
NM_000546.6(TP53):c.460G>T (p.Gly154Cys)	TP53	single nucleotide variant	Hereditary cancer-predisposing syndrome, Li-Fraumeni syndrome	G: Uncertain significance	criteria provided, multiple submitters, no conflicts	missense variant, 5 prime UTR variant	G22C, G115C, G154C	2025/05/25			17:7578470	17:7675152	1741887	VCV001741887	rs137852789
NM_000546.6(TP53):c.460G>A (p.Gly154Ser)	TP53	single nucleotide variant	Adrenocortical carcinoma, hereditary, Hepatocellular carcinoma, Familial cancer of breast, Glioma susceptibility 1, Colorectal cancer, Li-Fraumeni syndrome 1, Nasopharyngeal carcinoma, Bone marrow failure syndrome 5, Bone osteosarcoma, Carcinoma of pancreas, Choroid plexus papilloma, Basal cell carcinoma, susceptibility to, 7, Hereditary cancer-predisposing syndrome, not provided, not specified, Li-Fraumeni syndrome	G: Uncertain significance	criteria provided, multiple submitters, no conflicts	missense variant, 5 prime UTR variant	G115S, G154S, G22S	2026/01/31	2024/02/29		17:7578470	17:7675152	133284	VCV000133284	rs137852789
NM_000546.6(TP53):c.457C>G (p.Pro153Ala)	TP53	single nucleotide variant	Prostate cancer, hereditary, 1	G: Uncertain significance	no assertion criteria provided	missense variant, 5 prime UTR variant, non-coding transcript variant	P114A, P153A, P21A	2024/01/01			17:7578473	17:7675155	2687700	VCV002687700	rs1064795860
NM_000546.6(TP53):c.455C>A (p.Pro152Gln)	TP53	single nucleotide variant	Hereditary cancer-predisposing syndrome, Li-Fraumeni syndrome	G: Uncertain significance	criteria provided, multiple submitters, no conflicts	missense variant, 5 prime UTR variant	P113Q, P152Q, P20Q	2025/10/13			17:7578475	17:7675157	1058730	VCV001058730	rs587782705
NM_000546.6(TP53):c.455C>G (p.Pro152Arg)	TP53	single nucleotide variant	Hereditary cancer-predisposing syndrome, Li-Fraumeni syndrome, Li-Fraumeni syndrome 1	G: Pathogenic/Likely pathogenic	criteria provided, multiple submitters, no conflicts	missense variant, 5 prime UTR variant	P152R, P20R, P113R	2024/03/13	2023/04/11		17:7578475	17:7675157	824998	VCV000824998	rs587782705
NM_000546.6(TP53):c.455C>T (p.Pro152Leu)	TP53	single nucleotide variant	Li-Fraumeni syndrome	G: Pathogenic	reviewed by expert panel	missense variant, 5 prime UTR variant	P113L, P152L, P20L	2024/08/05	2024/04/01	2025/03/04	17:7578475	17:7675157	142766	VCV000142766	rs587782705
NM_000546.6(TP53):c.454C>G (p.Pro152Ala)	TP53	single nucleotide variant	Hereditary cancer-predisposing syndrome	G: Uncertain significance	criteria provided, single submitter	missense variant, non-coding transcript variant, 5 prime UTR variant	P113A, P152A, P20A	2026/01/27			17:7578476	17:7675158	4824210	VCV004824210	
NM_000546.6(TP53):c.454C>A (p.Pro152Thr)	TP53	single nucleotide variant	Prostate cancer, hereditary, 1	G: Uncertain significance	no assertion criteria provided	missense variant, 5 prime UTR variant, non-coding transcript variant	P113T, P152T, P20T	2024/01/01			17:7578476	17:7675158	2687709	VCV002687709	rs767328513
NM_000546.6(TP53):c.451_452delinsAG (p.Pro151Ser)	TP53	Indel	Li-Fraumeni syndrome	G: Pathogenic	criteria provided, single submitter	missense variant, non-coding transcript variant, 5 prime UTR variant	P151S, P19S, P112S	2023/06/11			17:7578478	17:7675160	2700111	VCV002700111	rs1597370899
NM_000546.6(TP53):c.451_452delinsTT (p.Pro151Phe)	TP53	Indel	Hereditary cancer-predisposing syndrome	G: Likely pathogenic	criteria provided, single submitter	missense variant, 5 prime UTR variant	P151F, P19F, P112F	2019/10/04			17:7578478	17:7675160	824960	VCV000824960	rs1597370899
NM_000546.6(TP53):c.451C>T (p.Pro151Ser)	TP53	single nucleotide variant	Hereditary cancer-predisposing syndrome, not provided, Li-Fraumeni syndrome 1, Li-Fraumeni syndrome	G: Pathogenic/Likely pathogenic	criteria provided, multiple submitters, no conflicts	missense variant, 5 prime UTR variant	P151S, P112S, P19S	2025/06/17	2025/02/11		17:7578479	17:7675161	12370	VCV000012370	rs28934874
NM_000546.6(TP53):c.451C>A (p.Pro151Thr)	TP53	single nucleotide variant	Hereditary cancer-predisposing syndrome, not provided, Adrenocortical carcinoma, hereditary, Li-Fraumeni syndrome 1, Li-Fraumeni syndrome	G: Pathogenic/Likely pathogenic	criteria provided, multiple submitters, no conflicts	missense variant, 5 prime UTR variant	P151T, P112T, P19T	2025/04/18			17:7578479	17:7675161	12369	VCV000012369	rs28934874
NM_000546.6(TP53):c.446C>G (p.Ser149Cys)	TP53	single nucleotide variant	Hereditary cancer-predisposing syndrome	G: Uncertain significance	criteria provided, single submitter	missense variant, 5 prime UTR variant, non-coding transcript variant	S149C, S17C, S110C	2024/03/26			17:7578484	17:7675166	3328163	VCV003328163	
NM_000546.6(TP53):c.446C>A (p.Ser149Tyr)	TP53	single nucleotide variant	Li-Fraumeni syndrome	G: Uncertain significance	criteria provided, single submitter	missense variant, 5 prime UTR variant, non-coding transcript variant	S17Y, S110Y, S149Y	2023/08/21			17:7578484	17:7675166	2754115	VCV002754115	rs1555526214
NM_000546.6(TP53):c.446C>T (p.Ser149Phe)	TP53	single nucleotide variant	Hereditary cancer-predisposing syndrome, not provided, Li-Fraumeni syndrome 1, Li-Fraumeni syndrome	G: Uncertain significance	criteria provided, multiple submitters, no conflicts	missense variant, 5 prime UTR variant	S17F, S149F, S110F	2025/03/16			17:7578484	17:7675166	486559	VCV000486559	rs1555526214
NM_000546.6(TP53):c.445T>C (p.Ser149Pro)	TP53	single nucleotide variant	Adrenocortical carcinoma, hereditary, Li-Fraumeni syndrome	G: Uncertain significance	criteria provided, multiple submitters, no conflicts	missense variant, 5 prime UTR variant, non-coding transcript variant	S110P, S149P, S17P	2023/07/11			17:7578485	17:7675167	2679232	VCV002679232	rs2151032748
NM_000546.6(TP53):c.444T>G (p.Asp148Glu)	TP53	single nucleotide variant	Li-Fraumeni syndrome	G: Uncertain significance	criteria provided, single submitter	missense variant, 5 prime UTR variant	D109E, D148E, D16E	2024/07/03			17:7578486	17:7675168	1478891	VCV001478891	rs2151032767
NM_000546.6(TP53):c.443A>T (p.Asp148Val)	TP53	single nucleotide variant	Prostate cancer, hereditary, 1	G: Uncertain significance	no assertion criteria provided	missense variant, 5 prime UTR variant, non-coding transcript variant	D109V, D148V, D16V	2024/01/01			17:7578487	17:7675169	2687708	VCV002687708	rs1046611742
NM_000546.6(TP53):c.442G>A (p.Asp148Asn)	TP53	single nucleotide variant	Li-Fraumeni syndrome	G: Uncertain significance	criteria provided, single submitter	missense variant, 5 prime UTR variant	D109N, D148N, D16N	2018/01/24			17:7578488	17:7675170	568069	VCV000568069	rs1131691007
NM_000546.6(TP53):c.440T>G (p.Val147Gly)	TP53	single nucleotide variant	Hereditary cancer-predisposing syndrome, Li-Fraumeni syndrome	G: Pathogenic/Likely pathogenic	criteria provided, multiple submitters, no conflicts	missense variant, non-coding transcript variant, 5 prime UTR variant	V108G, V147G, V15G	2025/10/07			17:7578490	17:7675172	3602769	VCV003602769	
NM_000546.6(TP53):c.439G>A (p.Val147Ile)	TP53	single nucleotide variant	Li-Fraumeni syndrome	G: Uncertain significance	criteria provided, single submitter	missense variant, 5 prime UTR variant	V108I, V147I, V15I	2017/12/28			17:7578491	17:7675173	528255	VCV000528255	rs1555526226
NM_000546.6(TP53):c.438G>C (p.Trp146Cys)	TP53	single nucleotide variant	Hereditary cancer-predisposing syndrome	G: Uncertain significance	criteria provided, single submitter	missense variant, 5 prime UTR variant	W146C, W107C, W14C	2025/04/25			17:7578492	17:7675174	1740219	VCV001740219	rs1131691026
NM_000546.6(TP53):c.438G>T (p.Trp146Cys)	TP53	single nucleotide variant	Hereditary cancer-predisposing syndrome, Li-Fraumeni syndrome, Li-Fraumeni syndrome 1	G: Uncertain significance	criteria provided, multiple submitters, no conflicts	missense variant, 5 prime UTR variant	W146C, W107C, W14C	2022/06/18			17:7578492	17:7675174	824855	VCV000824855	rs1131691026
NM_000546.6(TP53):c.436T>G (p.Trp146Gly)	TP53	single nucleotide variant	Li-Fraumeni syndrome	G: Uncertain significance	reviewed by expert panel	missense variant, 5 prime UTR variant	W107G, W146G, W14G	2025/03/04			17:7578494	17:7675176	186587	VCV000186587	rs786203064
NM_000546.6(TP53):c.432_433delinsCA (p.Gln144_Leu145delinsHisMet)	TP53	Indel	Prostate cancer, hereditary, 1	G: Uncertain significance	no assertion criteria provided	missense variant, 5 prime UTR variant, non-coding transcript variant		2024/01/01			17:7578497	17:7675179	2687707	VCV002687707	rs2543603624
NM_000546.6(TP53):c.432G>T (p.Gln144His)	TP53	single nucleotide variant	not provided	G: Uncertain significance	criteria provided, single submitter	missense variant, 5 prime UTR variant	Q105H, Q12H, Q144H	2019/07/05	2025/01/14		17:7578498	17:7675180	376648	VCV000376648	rs786201419
NM_000546.6(TP53):c.431A>G (p.Gln144Arg)	TP53	single nucleotide variant	Hereditary cancer-predisposing syndrome, Li-Fraumeni syndrome	G: Uncertain significance	criteria provided, multiple submitters, no conflicts	missense variant, 5 prime UTR variant	Q105R, Q144R, Q12R	2025/01/09			17:7578499	17:7675181	2080519	VCV002080519	rs786203071
NM_000546.6(TP53):c.428T>A (p.Val143Glu)	TP53	single nucleotide variant	Prostate cancer, hereditary, 1	G: Uncertain significance	no assertion criteria provided	missense variant, 5 prime UTR variant, non-coding transcript variant	V104E, V11E, V143E	2024/01/01			17:7578502	17:7675184	2687706	VCV002687706	rs1555526241
NM_000546.6(TP53):c.428T>C (p.Val143Ala)	TP53	single nucleotide variant	Li-Fraumeni syndrome	G: Pathogenic	reviewed by expert panel	missense variant, 5 prime UTR variant	V104A, V11A, V143A	2024/08/05			17:7578502	17:7675184	804214	VCV000804214	rs1555526241
NM_000546.6(TP53):c.427G>C (p.Val143Leu)	TP53	single nucleotide variant	Prostate cancer, hereditary, 1	G: Uncertain significance	no assertion criteria provided	missense variant, non-coding transcript variant, 5 prime UTR variant	V104L, V11L, V143L	2024/01/01			17:7578503	17:7675185	2687704	VCV002687704	rs587782620
NM_000546.6(TP53):c.427G>T (p.Val143Leu)	TP53	single nucleotide variant	Hereditary cancer-predisposing syndrome, not specified, Li-Fraumeni syndrome 1, Li-Fraumeni syndrome	G: Uncertain significance	criteria provided, multiple submitters, no conflicts	missense variant, 5 prime UTR variant	V104L, V11L, V143L	2025/03/04			17:7578503	17:7675185	185729	VCV000185729	rs587782620
NM_000546.6(TP53):c.424C>A (p.Pro142Thr)	TP53	single nucleotide variant	Hereditary cancer-predisposing syndrome, Li-Fraumeni syndrome	G: Uncertain significance	criteria provided, multiple submitters, no conflicts	missense variant, non-coding transcript variant, 5 prime UTR variant	P142T, P10T, P103T	2025/04/08			17:7578506	17:7675188	3972446	VCV003972446	
NM_000546.6(TP53):c.424C>G (p.Pro142Ala)	TP53	single nucleotide variant	Li-Fraumeni syndrome, Hereditary cancer-predisposing syndrome	G: Uncertain significance	criteria provided, multiple submitters, no conflicts	missense variant, non-coding transcript variant, 5 prime UTR variant	P103A, P10A, P142A	2025/11/10			17:7578506	17:7675188	3809688	VCV003809688	
NM_000546.6(TP53):c.424C>T (p.Pro142Ser)	TP53	single nucleotide variant	Hereditary cancer-predisposing syndrome, Li-Fraumeni syndrome	G: Uncertain significance	criteria provided, multiple submitters, no conflicts	missense variant, 5 prime UTR variant	P142S, P10S, P103S	2024/06/04			17:7578506	17:7675188	824720	VCV000824720	rs1597371187
NM_000546.6(TP53):c.422G>A (p.Cys141Tyr)	TP53	single nucleotide variant	Hereditary cancer-predisposing syndrome, not provided, Li-Fraumeni syndrome 1, Li-Fraumeni syndrome	G: Pathogenic/Likely pathogenic	criteria provided, multiple submitters, no conflicts	missense variant, 5 prime UTR variant	C102Y, C141Y, C9Y	2025/09/15		2025/03/04	17:7578508	17:7675190	140801	VCV000140801	rs587781288
NM_000546.6(TP53):c.418A>T (p.Thr140Ser)	TP53	single nucleotide variant	not provided, Li-Fraumeni syndrome	G: Uncertain significance	criteria provided, multiple submitters, no conflicts	missense variant, 5 prime UTR variant	T101S, T140S, T8S	2023/06/05			17:7578512	17:7675194	1525853	VCV001525853	rs1597371253
NM_000546.6(TP53):c.418A>G (p.Thr140Ala)	TP53	single nucleotide variant	Li-Fraumeni syndrome	G: Uncertain significance	criteria provided, single submitter	missense variant, 5 prime UTR variant	T101A, T140A, T8A	2021/07/31			17:7578512	17:7675194	644101	VCV000644101	rs1597371253
NM_000546.6(TP53):c.417G>C (p.Lys139Asn)	TP53	single nucleotide variant	Li-Fraumeni syndrome	G: Uncertain significance	criteria provided, single submitter	missense variant, 5 prime UTR variant, non-coding transcript variant	K100N, K139N, K7N	2025/06/19			17:7578513	17:7675195	4800657	VCV004800657	
NM_000546.6(TP53):c.417G>T (p.Lys139Asn)	TP53	single nucleotide variant	Li-Fraumeni syndrome	G: Uncertain significance	criteria provided, multiple submitters, no conflicts	missense variant, 5 prime UTR variant	K139N, K100N, K7N	2022/05/27			17:7578513	17:7675195	584923	VCV000584923	rs1567554121
NM_000546.6(TP53):c.416A>G (p.Lys139Arg)	TP53	single nucleotide variant	Li-Fraumeni syndrome	G: Uncertain significance	criteria provided, single submitter	missense variant, 5 prime UTR variant	K7R, K100R, K139R	2021/01/07			17:7578514	17:7675196	1500748	VCV001500748	rs2151033390
NM_000546.6(TP53):c.416A>C (p.Lys139Thr)	TP53	single nucleotide variant	Li-Fraumeni syndrome, Li-Fraumeni syndrome 1, Hereditary cancer-predisposing syndrome, not specified	G: Uncertain significance	criteria provided, multiple submitters, no conflicts	missense variant, 5 prime UTR variant	K100T, K139T, K7T	2022/06/18			17:7578514	17:7675196	1338658	VCV001338658	rs2151033390
NM_000546.6(TP53):c.415A>C (p.Lys139Gln)	TP53	single nucleotide variant	Li-Fraumeni syndrome, Hereditary cancer-predisposing syndrome	G: Uncertain significance	criteria provided, multiple submitters, no conflicts	missense variant, 5 prime UTR variant	K100Q, K139Q, K7Q	2022/03/18			17:7578515	17:7675197	1692473	VCV001692473	rs1212996409
NM_000546.6(TP53):c.413C>A (p.Ala138Asp)	TP53	single nucleotide variant	Li-Fraumeni syndrome	G: Uncertain significance	reviewed by expert panel	missense variant, 5 prime UTR variant	A6D, A99D, A138D	2025/06/05			17:7578517	17:7675199	528270	VCV000528270	rs750600586
NM_000546.6(TP53):c.412G>C (p.Ala138Pro)	TP53	single nucleotide variant	Li-Fraumeni syndrome	G: Likely pathogenic	reviewed by expert panel	missense variant, 5 prime UTR variant	A138P, A6P, A99P	2025/06/05			17:7578518	17:7675200	12376	VCV000012376	rs28934875
NM_000546.6(TP53):c.410T>A (p.Leu137Gln)	TP53	single nucleotide variant	Hereditary cancer-predisposing syndrome	G: Uncertain significance	criteria provided, single submitter	5 prime UTR variant, missense variant, non-coding transcript variant	L137Q, L98Q, L5Q	2025/06/10			17:7578520	17:7675202	3972459	VCV003972459	
NM_000546.6(TP53):c.409_410delinsGA (p.Leu137Glu)	TP53	Indel	Li-Fraumeni syndrome	G: Uncertain significance	criteria provided, single submitter	missense variant, 5 prime UTR variant	L137E, L5E, L98E	2022/07/27			17:7578520	17:7675202	1713937	VCV001713937	rs2543605963
NM_000546.6(TP53):c.409C>G (p.Leu137Val)	TP53	single nucleotide variant	Li-Fraumeni syndrome	G: Uncertain significance	criteria provided, single submitter	missense variant, 5 prime UTR variant	L137V, L5V, L98V	2020/10/20			17:7578521	17:7675203	1005829	VCV001005829	rs2073396963
NM_000546.6(TP53):c.408A>T (p.Gln136His)	TP53	single nucleotide variant	Breast and/or ovarian cancer, Hereditary cancer-predisposing syndrome, Li-Fraumeni syndrome	G: Uncertain significance	criteria provided, multiple submitters, no conflicts	missense variant, 5 prime UTR variant	Q97H, Q4H, Q136H	2026/04/03			17:7578522	17:7675204	482213	VCV000482213	rs758781593
NM_000546.6(TP53):c.407A>T (p.Gln136Leu)	TP53	single nucleotide variant	not provided	G: Uncertain significance	criteria provided, single submitter	missense variant, 5 prime UTR variant, non-coding transcript variant	Q136L, Q4L, Q97L	2025/05/01			17:7578523	17:7675205	3906024	VCV003906024	
NM_000546.6(TP53):c.404G>C (p.Cys135Ser)	TP53	single nucleotide variant	not provided	G: Likely pathogenic	criteria provided, single submitter	missense variant, 5 prime UTR variant, non-coding transcript variant	C135S, C3S, C96S	2024/10/23			17:7578526	17:7675208	3893309	VCV003893309	
NM_000546.6(TP53):c.403T>C (p.Cys135Arg)	TP53	single nucleotide variant	not provided, Li-Fraumeni syndrome 1, Li-Fraumeni syndrome	G: Pathogenic/Likely pathogenic	criteria provided, multiple submitters, no conflicts	missense variant, 5 prime UTR variant	C135R, C3R, C96R	2025/07/29			17:7578527	17:7675209	376560	VCV000376560	rs1057519975
NM_000546.6(TP53):c.402T>G (p.Phe134Leu)	TP53	single nucleotide variant	Li-Fraumeni syndrome	G: Uncertain significance	criteria provided, single submitter	missense variant, 5 prime UTR variant	F134L, F2L, F95L	2021/04/21			17:7578528	17:7675210	1018290	VCV001018290	rs1555526278
NM_000546.6(TP53):c.401T>C (p.Phe134Ser)	TP53	single nucleotide variant	Li-Fraumeni syndrome	G: Uncertain significance	criteria provided, single submitter	missense variant, 5 prime UTR variant	F134S, F95S, F2S	2024/02/24			17:7578529	17:7675211	1519634	VCV001519634	rs780442292
NM_000546.6(TP53):c.401T>A (p.Phe134Tyr)	TP53	single nucleotide variant	Li-Fraumeni syndrome	G: Uncertain significance	criteria provided, single submitter	missense variant, 5 prime UTR variant	F2Y, F95Y, F134Y	2021/08/14			17:7578529	17:7675211	1509393	VCV001509393	rs780442292
NM_000546.6(TP53):c.401T>G (p.Phe134Cys)	TP53	single nucleotide variant	Hereditary cancer-predisposing syndrome, Li-Fraumeni syndrome	G: Likely pathogenic	criteria provided, multiple submitters, no conflicts	missense variant, 5 prime UTR variant	F134C, F2C, F95C	2024/01/31			17:7578529	17:7675211	230477	VCV000230477	rs780442292
NM_000546.6(TP53):c.398T>G (p.Met133Arg)	TP53	single nucleotide variant	Prostate cancer, hereditary, 1	G: Uncertain significance	no assertion criteria provided	missense variant, initiator_codon_variant, 5 prime UTR variant, non-coding transcript variant	M133R, M1R, M94R	2024/01/01			17:7578532	17:7675214	2687699	VCV002687699	rs28934873
NM_000546.6(TP53):c.398T>A (p.Met133Lys)	TP53	single nucleotide variant	Li-Fraumeni syndrome	G: Uncertain significance	criteria provided, single submitter	missense variant, 5 prime UTR variant, initiator_codon_variant	M133K, M1K, M94K	2024/11/21		2025/03/04	17:7578532	17:7675214	2430159	VCV002430159	rs28934873
NM_000546.6(TP53):c.398T>C (p.Met133Thr)	TP53	single nucleotide variant	Hereditary cancer-predisposing syndrome, not provided, Li-Fraumeni syndrome 1, Li-Fraumeni syndrome	G: Pathogenic	criteria provided, multiple submitters, no conflicts	missense variant, initiator_codon_variant, 5 prime UTR variant	M133T, M1T, M94T	2024/10/17			17:7578532	17:7675214	12357	VCV000012357	rs28934873
NM_000546.6(TP53):c.397A>G (p.Met133Val)	TP53	single nucleotide variant	Li-Fraumeni syndrome	G: Uncertain significance	criteria provided, single submitter	missense variant, initiator_codon_variant, 5 prime UTR variant	M1V, M94V, M133V	2024/07/01			17:7578533	17:7675215	528246	VCV000528246	rs1057280220
NM_000546.6(TP53):c.392A>G (p.Asn131Ser)	TP53	single nucleotide variant	Hereditary cancer-predisposing syndrome, Li-Fraumeni syndrome	G: Uncertain significance	criteria provided, multiple submitters, no conflicts	missense variant, 5 prime UTR variant	N131S, N92S	2022/04/14		2025/03/04	17:7578538	17:7675220	1057941	VCV001057941	rs1131691037
NM_000546.6(TP53):c.391A>C (p.Asn131His)	TP53	single nucleotide variant	Breast-ovarian cancer, familial, susceptibility to, 1	G: Likely pathogenic	criteria provided, single submitter	missense variant, 5 prime UTR variant, non-coding transcript variant	N131H, N92H	2025/07/30			17:7578539	17:7675221	4279056	VCV004279056	
NM_000546.6(TP53):c.388_390delinsGAT (p.Leu130Asp)	TP53	Indel	Prostate cancer, hereditary, 1	G: Uncertain significance	no assertion criteria provided	missense variant, 5 prime UTR variant, non-coding transcript variant	L130D, L91D	2024/01/01			17:7578540	17:7675222	2687693	VCV002687693	rs2543607632
NM_000546.6(TP53):c.389T>A (p.Leu130His)	TP53	single nucleotide variant	Hereditary cancer-predisposing syndrome	G: Pathogenic	criteria provided, single submitter	missense variant, 5 prime UTR variant	L130H, L91H	2025/08/07			17:7578541	17:7675223	824351	VCV000824351	rs1131691013
NM_000546.6(TP53):c.389T>C (p.Leu130Pro)	TP53	single nucleotide variant	Hereditary cancer-predisposing syndrome, Adrenocortical carcinoma, hereditary, Basal cell carcinoma, susceptibility to, 7, Carcinoma of pancreas, Choroid plexus papilloma, Bone marrow failure syndrome 5, Bone osteosarcoma, Familial cancer of breast, Li-Fraumeni syndrome 1, Hepatocellular carcinoma, Colorectal cancer, Glioma susceptibility 1, Nasopharyngeal carcinoma	G: Pathogenic	criteria provided, multiple submitters, no conflicts	missense variant, 5 prime UTR variant	L130P, L91P	2022/05/13			17:7578541	17:7675223	428873	VCV000428873	rs1131691013
NM_000546.6(TP53):c.386C>A (p.Ala129Asp)	TP53	single nucleotide variant	Hereditary cancer-predisposing syndrome	G: Benign	criteria provided, single submitter	missense variant, 5 prime UTR variant	A129D, A90D	2021/11/10			17:7578544	17:7675226	1735669	VCV001735669	rs137852792
NM_000546.6(TP53):c.386C>G (p.Ala129Gly)	TP53	single nucleotide variant	Li-Fraumeni syndrome	G: Uncertain significance	criteria provided, single submitter	missense variant, 5 prime UTR variant	A90G, A129G	2017/04/13			17:7578544	17:7675226	458542	VCV000458542	rs137852792
NM_000546.6(TP53):c.386C>T (p.Ala129Val)	TP53	single nucleotide variant	Familial cancer of breast	G: not provided	no classification provided	missense variant, 5 prime UTR variant	A129V, A90V				17:7578544	17:7675226	133280	VCV000133280	rs137852792
NM_000546.6(TP53):c.383C>T (p.Pro128Leu)	TP53	single nucleotide variant	Li-Fraumeni syndrome, Hereditary cancer-predisposing syndrome, Li-Fraumeni syndrome 1	G: Uncertain significance	criteria provided, multiple submitters, no conflicts	missense variant, 5 prime UTR variant	P128L, P89L	2025/12/17			17:7578547	17:7675229	824286	VCV000824286	rs1597371657
NM_000546.6(TP53):c.382C>T (p.Pro128Ser)	TP53	single nucleotide variant	Prostate cancer, hereditary, 1	G: Uncertain significance	no assertion criteria provided	missense variant, 5 prime UTR variant, non-coding transcript variant	P128S, P89S	2024/01/01			17:7578548	17:7675230	2687698	VCV002687698	rs1555526327
NM_000546.6(TP53):c.380C>A (p.Ser127Tyr)	TP53	single nucleotide variant	Li-Fraumeni syndrome	G: Pathogenic	reviewed by expert panel	missense variant, 5 prime UTR variant	S127Y, S88Y	2026/01/06			17:7578550	17:7675232	656751	VCV000656751	rs730881999
NM_000546.6(TP53):c.380C>G (p.Ser127Cys)	TP53	single nucleotide variant	Li-Fraumeni syndrome	G: Likely pathogenic	reviewed by expert panel	missense variant, 5 prime UTR variant	S127C, S88C	2026/03/04			17:7578550	17:7675232	219532	VCV000219532	rs730881999
NM_000546.6(TP53):c.379T>C (p.Ser127Pro)	TP53	single nucleotide variant	Li-Fraumeni syndrome	G: Likely pathogenic	reviewed by expert panel	missense variant, 5 prime UTR variant	S127P, S88P	2026/03/04		2025/03/04	17:7578551	17:7675233	934410	VCV000934410	rs1597371694
NM_000546.6(TP53):c.376_377delinsCT (p.Tyr126Leu)	TP53	Indel	Prostate cancer, hereditary, 1	G: Uncertain significance	no assertion criteria provided	missense variant, non-coding transcript variant, 5 prime UTR variant	Y126L, Y87L	2024/01/01			17:7578553	17:7675235	2687703	VCV002687703	rs2543608733
NM_000546.6(TP53):c.377A>C (p.Tyr126Ser)	TP53	single nucleotide variant	Li-Fraumeni syndrome	G: Uncertain significance	criteria provided, single submitter	missense variant, 5 prime UTR variant	Y126S, Y87S	2020/01/10			17:7578553	17:7675235	1054765	VCV001054765	rs1555526335
NM_000546.6(TP53):c.373A>T (p.Thr125Ser)	TP53	single nucleotide variant				missense variant, non-coding transcript variant	T125S, T86S				17:7579314	17:7675996	4427945	VCV004427945	
NM_000546.6(TP53):c.373A>G (p.Thr125Ala)	TP53	single nucleotide variant	Hereditary cancer-predisposing syndrome, Li-Fraumeni syndrome 1	G: Uncertain significance	criteria provided, multiple submitters, no conflicts	missense variant	T125A, T86A	2025/05/29	2023/02/15		17:7579314	17:7675996	1734453	VCV001734453	rs1057520003
NM_000546.6(TP53):c.372C>G (p.Cys124Trp)	TP53	single nucleotide variant	Hereditary cancer-predisposing syndrome	G: Likely benign	criteria provided, single submitter	missense variant, non-coding transcript variant	C124W, C85W	2025/01/27			17:7579315	17:7675997	3809674	VCV003809674	
NM_000546.6(TP53):c.371G>C (p.Cys124Ser)	TP53	single nucleotide variant	Li-Fraumeni syndrome	G: Uncertain significance	criteria provided, single submitter	missense variant	C124S, C85S	2020/07/29			17:7579316	17:7675998	1021578	VCV001021578	rs2073449166
NM_000546.6(TP53):c.370T>C (p.Cys124Arg)	TP53	single nucleotide variant	Li-Fraumeni syndrome	G: Likely pathogenic	criteria provided, single submitter	missense variant, non-coding transcript variant	C124R, C85R	2024/02/29			17:7579317	17:7675999	4056245	VCV004056245	
NM_000546.6(TP53):c.370T>G (p.Cys124Gly)	TP53	single nucleotide variant	Hereditary cancer-predisposing syndrome	G: Uncertain significance	criteria provided, single submitter	missense variant	C124G, C85G	2022/04/13			17:7579317	17:7675999	230661	VCV000230661	rs730881997
NM_000546.6(TP53):c.368C>G (p.Thr123Ser)	TP53	single nucleotide variant	Li-Fraumeni syndrome	G: Uncertain significance	criteria provided, single submitter	missense variant	T123S, T84S	2022/10/05			17:7579319	17:7676001	1460570	VCV001460570	rs1555526486
NM_000546.6(TP53):c.368C>T (p.Thr123Ile)	TP53	single nucleotide variant	Hereditary cancer-predisposing syndrome, Li-Fraumeni syndrome	G: Uncertain significance	criteria provided, multiple submitters, no conflicts	missense variant	T123I, T84I	2024/03/18			17:7579319	17:7676001	480737	VCV000480737	rs1555526486
NM_000546.6(TP53):c.364G>T (p.Val122Leu)	TP53	single nucleotide variant	Li-Fraumeni syndrome	G: Uncertain significance	criteria provided, single submitter	missense variant	V122L, V83L	2025/08/30			17:7579323	17:7676005	2121740	VCV002121740	rs587781495
NM_000546.6(TP53):c.364G>A (p.Val122Met)	TP53	single nucleotide variant	Li-Fraumeni syndrome	G: Likely benign	reviewed by expert panel	missense variant	V122M, V83M	2025/01/16			17:7579323	17:7676005	141101	VCV000141101	rs587781495
NM_000546.6(TP53):c.362C>A (p.Ser121Tyr)	TP53	single nucleotide variant				missense variant, non-coding transcript variant	S82Y, S121Y				17:7579325	17:7676007	4427947	VCV004427947	
NM_000546.6(TP53):c.359A>C (p.Lys120Thr)	TP53	single nucleotide variant	Li-Fraumeni syndrome 1	G: Uncertain significance	criteria provided, single submitter	missense variant, non-coding transcript variant	K120T, K81T	2024/03/07			17:7579328	17:7676010	3780731	VCV003780731	
NM_000546.6(TP53):c.359A>G (p.Lys120Arg)	TP53	single nucleotide variant	Hereditary cancer-predisposing syndrome, Li-Fraumeni syndrome, Familial cancer of breast, Li-Fraumeni syndrome 1	G: Uncertain significance	criteria provided, multiple submitters, no conflicts	missense variant	K120R, K81R	2025/09/29			17:7579328	17:7676010	1360099	VCV001360099	rs2073450819
NM_000546.6(TP53):c.359A>T (p.Lys120Met)	TP53	single nucleotide variant	Hereditary cancer-predisposing syndrome, not specified	G: Uncertain significance	criteria provided, multiple submitters, no conflicts	missense variant	K120M, K81M	2025/03/24			17:7579328	17:7676010	917693	VCV000917693	rs2073450819
NM_000546.6(TP53):c.356C>A (p.Ala119Asp)	TP53	single nucleotide variant	Hereditary cancer-predisposing syndrome, Li-Fraumeni syndrome	G: Uncertain significance	criteria provided, multiple submitters, no conflicts	missense variant	A80D, A119D	2026/04/03			17:7579331	17:7676013	1732774	VCV001732774	rs2073451331
NM_000546.6(TP53):c.355G>C (p.Ala119Pro)	TP53	single nucleotide variant	Hereditary cancer-predisposing syndrome, Li-Fraumeni syndrome	G: Uncertain significance	criteria provided, multiple submitters, no conflicts	missense variant	A119P, A80P	2023/11/05			17:7579332	17:7676014	481073	VCV000481073	rs1555526506
NM_000546.6(TP53):c.353C>G (p.Thr118Arg)	TP53	single nucleotide variant	Hereditary cancer-predisposing syndrome	G: Uncertain significance	criteria provided, single submitter	missense variant, non-coding transcript variant	T118R, T79R	2024/09/25			17:7579334	17:7676016	3460317	VCV003460317	
NM_000546.6(TP53):c.350G>A (p.Gly117Glu)	TP53	single nucleotide variant	Hereditary cancer-predisposing syndrome	G: Uncertain significance	criteria provided, single submitter	missense variant, non-coding transcript variant	G117E, G78E	2025/06/17			17:7579337	17:7676019	2450745	VCV002450745	rs755238756
NM_000546.6(TP53):c.350G>T (p.Gly117Val)	TP53	single nucleotide variant	Li-Fraumeni syndrome	G: Uncertain significance	criteria provided, single submitter	missense variant	G78V, G117V	2019/04/29			17:7579337	17:7676019	837018	VCV000837018	rs755238756
NM_000546.6(TP53):c.349G>C (p.Gly117Arg)	TP53	single nucleotide variant	Hereditary cancer-predisposing syndrome, Li-Fraumeni syndrome	G: Uncertain significance	criteria provided, multiple submitters, no conflicts	missense variant	G117R, G78R	2024/07/11			17:7579338	17:7676020	1462102	VCV001462102	rs1555526518
NM_000546.6(TP53):c.349G>A (p.Gly117Arg)	TP53	single nucleotide variant	Hereditary cancer-predisposing syndrome	G: Uncertain significance	criteria provided, multiple submitters, no conflicts	missense variant	G117R, G78R	2026/02/19			17:7579338	17:7676020	480758	VCV000480758	rs1555526518
NM_000546.6(TP53):c.340T>G (p.Leu114Val)	TP53	single nucleotide variant	Li-Fraumeni syndrome	G: Uncertain significance	criteria provided, single submitter	missense variant	L114V, L75V	2023/11/20			17:7579347	17:7676029	1011474	VCV001011474	rs2073453661
NM_000546.6(TP53):c.339C>G (p.Phe113Leu)	TP53	single nucleotide variant	Li-Fraumeni syndrome	G: Pathogenic	criteria provided, single submitter	missense variant, non-coding transcript variant	F113L, F74L	2024/08/20			17:7579348	17:7676030	2702402	VCV002702402	rs2151038938
NM_000546.6(TP53):c.337T>C (p.Phe113Leu)	TP53	single nucleotide variant	Li-Fraumeni syndrome	G: Pathogenic	criteria provided, single submitter	missense variant, non-coding transcript variant	F113L, F74L	2024/08/20			17:7579350	17:7676032	3634432	VCV003634432	
NM_000546.6(TP53):c.337T>A (p.Phe113Ile)	TP53	single nucleotide variant	Hereditary cancer-predisposing syndrome, Li-Fraumeni syndrome	G: Pathogenic/Likely pathogenic	criteria provided, multiple submitters, no conflicts	missense variant	F74I, F113I	2025/06/10			17:7579350	17:7676032	1469551	VCV001469551	rs587781642
NM_000546.6(TP53):c.335G>C (p.Gly112Ala)	TP53	single nucleotide variant	Li-Fraumeni syndrome	G: Uncertain significance	criteria provided, single submitter	missense variant, non-coding transcript variant	G112A, G73A	2024/02/19			17:7579352	17:7676034	3634433	VCV003634433	
NM_000546.6(TP53):c.335G>A (p.Gly112Asp)	TP53	single nucleotide variant	Hereditary cancer-predisposing syndrome, Li-Fraumeni syndrome, not provided, Li-Fraumeni syndrome 1	G: Uncertain significance	criteria provided, multiple submitters, no conflicts	missense variant	G112D, G73D	2025/04/23			17:7579352	17:7676034	1319402	VCV001319402	rs1390502714
NM_000546.6(TP53):c.332T>G (p.Leu111Arg)	TP53	single nucleotide variant	Li-Fraumeni syndrome	G: Pathogenic	reviewed by expert panel	missense variant	L111R, L72R	2026/01/06			17:7579355	17:7676037	376631	VCV000376631	rs1057519997
NM_000546.6(TP53):c.331C>A (p.Leu111Met)	TP53	single nucleotide variant	Hereditary cancer-predisposing syndrome, Li-Fraumeni syndrome	G: Uncertain significance	criteria provided, multiple submitters, no conflicts	missense variant	L72M, L111M	2023/05/26			17:7579356	17:7676038	836750	VCV000836750	rs1403707528
NM_000546.6(TP53):c.329_330delinsCC (p.Arg110Pro)	TP53	Indel	Li-Fraumeni syndrome	G: Pathogenic	criteria provided, single submitter	missense variant	R110P, R71P	2018/08/06			17:7579357	17:7676039	641505	VCV000641505	rs1597373700
NM_000546.6(TP53):c.328C>G (p.Arg110Gly)	TP53	single nucleotide variant	Li-Fraumeni syndrome	G: Likely pathogenic	reviewed by expert panel	missense variant	R71G, R110G	2025/06/05			17:7579359	17:7676041	823452	VCV000823452	rs587781371
NM_000546.6(TP53):c.324_326inv (p.Phe109Asn)	TP53	Inversion	Li-Fraumeni syndrome	G: Uncertain significance	criteria provided, single submitter	missense variant	F109N, F70N	2023/08/25			17:7579361	17:7676043	2417541	VCV002417541	
NM_000546.6(TP53):c.326T>A (p.Phe109Tyr)	TP53	single nucleotide variant	Li-Fraumeni syndrome	G: Uncertain significance	criteria provided, single submitter	missense variant	F109Y, F70Y	2022/02/19			17:7579361	17:7676043	1054035	VCV001054035	rs1064796722
NM_000546.6(TP53):c.326T>G (p.Phe109Cys)	TP53	single nucleotide variant	Li-Fraumeni syndrome 1	G: Likely pathogenic	criteria provided, single submitter	missense variant	F109C, F70C	2024/02/12			17:7579361	17:7676043	634784	VCV000634784	rs1064796722
NM_000546.6(TP53):c.326T>C (p.Phe109Ser)	TP53	single nucleotide variant	not specified, Hereditary cancer-predisposing syndrome, not provided, Li-Fraumeni syndrome, Li-Fraumeni syndrome 1	G: Uncertain significance	criteria provided, multiple submitters, no conflicts	missense variant	F109S, F70S	2023/06/15			17:7579361	17:7676043	423970	VCV000423970	rs1064796722
NM_000546.6(TP53):c.325T>A (p.Phe109Ile)	TP53	single nucleotide variant	Li-Fraumeni syndrome, not provided	G: Likely pathogenic	criteria provided, multiple submitters, no conflicts	missense variant, non-coding transcript variant	F109I, F70I	2025/12/29			17:7579362	17:7676044	2627017	VCV002627017	rs1057523496
NM_000546.6(TP53):c.323G>T (p.Gly108Val)	TP53	single nucleotide variant	Hereditary cancer-predisposing syndrome	G: Uncertain significance	criteria provided, single submitter	missense variant	G69V, G108V	2021/08/19			17:7579364	17:7676046	1729287	VCV001729287	rs2151039440
NM_000546.6(TP53):c.320A>C (p.Tyr107Ser)	TP53	single nucleotide variant	Hereditary cancer-predisposing syndrome	G: Uncertain significance	criteria provided, single submitter	missense variant	Y107S, Y68S	2013/07/26			17:7579367	17:7676049	142414	VCV000142414	rs587782447
NM_000546.6(TP53):c.319T>A (p.Tyr107Asn)	TP53	single nucleotide variant	Li-Fraumeni syndrome	G: Uncertain significance	criteria provided, single submitter	missense variant	Y107N, Y68N	2016/06/27			17:7579368	17:7676050	406572	VCV000406572	rs368771578
NM_000546.6(TP53):c.316A>T (p.Ser106Cys)	TP53	single nucleotide variant	Li-Fraumeni syndrome	G: Uncertain significance	criteria provided, single submitter	missense variant, non-coding transcript variant	S106C, S67C	2025/09/01			17:7579371	17:7676053	4800658	VCV004800658	
NM_000546.6(TP53):c.314_315delinsCA (p.Gly105Ala)	TP53	Indel	Hereditary cancer-predisposing syndrome	G: Uncertain significance	criteria provided, single submitter	missense variant	G66A, G105A	2019/11/14			17:7579372	17:7676054	822977	VCV000822977	rs1597373856
NM_000546.6(TP53):c.314G>C (p.Gly105Ala)	TP53	single nucleotide variant	Li-Fraumeni syndrome	G: Uncertain significance	criteria provided, single submitter	missense variant	G105A, G66A	2022/10/14			17:7579373	17:7676055	2035647	VCV002035647	rs587781504
NM_000546.6(TP53):c.312G>C (p.Gln104His)	TP53	single nucleotide variant	Hereditary cancer-predisposing syndrome	G: Uncertain significance	criteria provided, single submitter	missense variant, non-coding transcript variant	Q104H, Q65H	2026/02/19			17:7579375	17:7676057	4824214	VCV004824214	
NM_000546.6(TP53):c.307_309delinsCAG (p.Tyr103Gln)	TP53	Indel	Li-Fraumeni syndrome	G: Uncertain significance	criteria provided, single submitter	missense variant	Y103Q, Y64Q	2017/09/11			17:7579378	17:7676060	3010803	VCV003010803	rs2543627285
NM_000546.6(TP53):c.308A>C (p.Tyr103Ser)	TP53	single nucleotide variant	Li-Fraumeni syndrome	G: Uncertain significance	criteria provided, single submitter	missense variant, non-coding transcript variant	Y103S, Y64S	2023/07/19			17:7579379	17:7676061	2729592	VCV002729592	rs2151039793
NM_000546.6(TP53):c.304A>G (p.Thr102Ala)	TP53	single nucleotide variant	Hereditary cancer-predisposing syndrome	G: Uncertain significance	criteria provided, single submitter	missense variant	T102A, T63A	2025/03/19			17:7579383	17:7676065	1799231	VCV001799231	rs1567555968
NM_000546.6(TP53):c.301A>G (p.Lys101Glu)	TP53	single nucleotide variant	Hereditary cancer-predisposing syndrome, Li-Fraumeni syndrome	G: Uncertain significance	criteria provided, multiple submitters, no conflicts	missense variant	K101E, K62E	2022/03/02			17:7579386	17:7676068	1059163	VCV001059163	rs1373046761
NM_000546.6(TP53):c.301A>C (p.Lys101Gln)	TP53	single nucleotide variant	Li-Fraumeni syndrome	G: Uncertain significance	criteria provided, single submitter	missense variant	K101Q, K62Q	2018/12/05			17:7579386	17:7676068	649735	VCV000649735	rs1373046761
NM_000546.6(TP53):c.299A>C (p.Gln100Pro)	TP53	single nucleotide variant	Hereditary cancer-predisposing syndrome	G: Uncertain significance	criteria provided, single submitter	missense variant, non-coding transcript variant	Q100P, Q61P	2025/08/05			17:7579388	17:7676070	4189274	VCV004189274	
NM_000546.6(TP53):c.296C>G (p.Ser99Cys)	TP53	single nucleotide variant	Li-Fraumeni syndrome	G: Uncertain significance	criteria provided, single submitter	missense variant	S60C, S99C	2018/06/23			17:7579391	17:7676073	566954	VCV000566954	rs1567556019
NM_000546.6(TP53):c.293C>G (p.Pro98Arg)	TP53	single nucleotide variant	Li-Fraumeni syndrome, Hereditary cancer-predisposing syndrome	G: Uncertain significance	criteria provided, multiple submitters, no conflicts	missense variant	P59R, P98R	2026/04/02			17:7579394	17:7676076	1444043	VCV001444043	rs1245723119
NM_000546.6(TP53):c.292C>G (p.Pro98Ala)	TP53	single nucleotide variant	not provided, Li-Fraumeni syndrome	G: Uncertain significance	criteria provided, multiple submitters, no conflicts	missense variant	P98A, P59A	2022/11/09			17:7579395	17:7676077	1039474	VCV001039474	rs1597374015
NM_000546.6(TP53):c.292C>T (p.Pro98Ser)	TP53	single nucleotide variant	Hereditary cancer-predisposing syndrome, Li-Fraumeni syndrome, Breast and/or ovarian cancer, Familial cancer of breast, Li-Fraumeni syndrome 1	G: Uncertain significance	criteria provided, multiple submitters, no conflicts	missense variant	P59S, P98S	2024/02/29			17:7579395	17:7676077	822279	VCV000822279	rs1597374015
NM_000546.6(TP53):c.290T>C (p.Val97Ala)	TP53	single nucleotide variant	Hereditary cancer-predisposing syndrome	G: Uncertain significance	criteria provided, single submitter	missense variant	V97A, V58A	2015/12/05			17:7579397	17:7676079	1797574	VCV001797574	rs730881995
NM_000546.6(TP53):c.290T>A (p.Val97Asp)	TP53	single nucleotide variant	Hereditary cancer-predisposing syndrome, not provided	G: Uncertain significance	criteria provided, multiple submitters, no conflicts	missense variant	V58D, V97D	2022/08/09			17:7579397	17:7676079	182924	VCV000182924	rs730881995
NM_000546.6(TP53):c.289G>A (p.Val97Ile)	TP53	single nucleotide variant	Li-Fraumeni syndrome, Hereditary cancer-predisposing syndrome	G: Uncertain significance	criteria provided, multiple submitters, no conflicts	missense variant	V58I, V97I	2025/03/12			17:7579398	17:7676080	1026336	VCV001026336	rs730882023
NM_000546.6(TP53):c.284C>A (p.Ser95Tyr)	TP53	single nucleotide variant	Hereditary cancer-predisposing syndrome	G: Likely benign	criteria provided, single submitter	missense variant, non-coding transcript variant	S56Y, S95Y	2026/04/01			17:7579403	17:7676085	4865871	VCV004865871	
NM_000546.6(TP53):c.284C>T (p.Ser95Phe)	TP53	single nucleotide variant	Hereditary cancer-predisposing syndrome, Li-Fraumeni syndrome	G: Uncertain significance	criteria provided, multiple submitters, no conflicts	missense variant	S56F, S95F	2022/04/07			17:7579403	17:7676085	1796813	VCV001796813	rs2151040213
NM_000546.6(TP53):c.283T>C (p.Ser95Pro)	TP53	single nucleotide variant	Li-Fraumeni syndrome	G: Uncertain significance	criteria provided, single submitter	missense variant, non-coding transcript variant	S56P, S95P	2025/09/20			17:7579404	17:7676086	4800659	VCV004800659	
NM_000546.6(TP53):c.283T>A (p.Ser95Thr)	TP53	single nucleotide variant	Hereditary cancer-predisposing syndrome	G: Likely benign	criteria provided, single submitter	missense variant, non-coding transcript variant	S95T, S56T	2025/06/23			17:7579404	17:7676086	4189261	VCV004189261	
NM_000546.6(TP53):c.281C>T (p.Ser94Leu)	TP53	single nucleotide variant	Hereditary cancer-predisposing syndrome	G: Likely benign	criteria provided, single submitter	missense variant	S55L, S94L	2020/09/25			17:7579406	17:7676088	1796426	VCV001796426	rs2151040269
NM_000546.6(TP53):c.280T>A (p.Ser94Thr)	TP53	single nucleotide variant	Li-Fraumeni syndrome	G: Uncertain significance	criteria provided, single submitter	missense variant, non-coding transcript variant	S55T, S94T	2025/01/28			17:7579407	17:7676089	3634434	VCV003634434	
NM_000546.6(TP53):c.280T>G (p.Ser94Ala)	TP53	single nucleotide variant	Hereditary cancer-predisposing syndrome	G: Likely benign	criteria provided, single submitter	missense variant, non-coding transcript variant	S94A, S55A	2024/07/23			17:7579407	17:7676089	3460308	VCV003460308	
NM_000546.6(TP53):c.278T>C (p.Leu93Pro)	TP53	single nucleotide variant	not specified, not provided	G: Uncertain significance	criteria provided, multiple submitters, no conflicts	missense variant, non-coding transcript variant	L54P, L93P	2025/05/19			17:7579409	17:7676091	3359424	VCV003359424	
NM_000546.6(TP53):c.278T>G (p.Leu93Arg)	TP53	single nucleotide variant	Li-Fraumeni syndrome	G: Uncertain significance	criteria provided, single submitter	missense variant, non-coding transcript variant	L93R, L54R	2023/01/02			17:7579409	17:7676091	2825997	VCV002825997	rs2543629037
NM_000546.6(TP53):c.275C>A (p.Pro92His)	TP53	single nucleotide variant	Li-Fraumeni syndrome	G: Uncertain significance	criteria provided, single submitter	missense variant, non-coding transcript variant	P53H, P92H	2024/05/08			17:7579412	17:7676094	3634435	VCV003634435	
NM_000546.6(TP53):c.274C>T (p.Pro92Ser)	TP53	single nucleotide variant	Hereditary cancer-predisposing syndrome	G: Likely benign	criteria provided, single submitter	missense variant, non-coding transcript variant	P92S, P53S	2025/12/18			17:7579413	17:7676095	4828470	VCV004828470	
NM_000546.6(TP53):c.274C>A (p.Pro92Thr)	TP53	single nucleotide variant	Li-Fraumeni syndrome	G: Uncertain significance	criteria provided, single submitter	missense variant, non-coding transcript variant	P53T, P92T	2026/01/06			17:7579413	17:7676095	4811916	VCV004811916	
NM_000546.6(TP53):c.272G>C (p.Trp91Ser)	TP53	single nucleotide variant	Hereditary cancer-predisposing syndrome	G: Uncertain significance	criteria provided, single submitter	missense variant, non-coding transcript variant	W52S, W91S	2024/01/22			17:7579415	17:7676097	3232053	VCV003232053	rs2073465664
NM_000546.6(TP53):c.271T>C (p.Trp91Arg)	TP53	single nucleotide variant	Li-Fraumeni syndrome	G: Uncertain significance	criteria provided, single submitter	missense variant	W91R, W52R	2019/01/17			17:7579416	17:7676098	845798	VCV000845798	rs2073465780
NM_000546.6(TP53):c.269C>T (p.Ser90Phe)	TP53	single nucleotide variant	Hereditary cancer-predisposing syndrome, Li-Fraumeni syndrome	G: Uncertain significance	criteria provided, multiple submitters, no conflicts	missense variant	S90F, S51F	2025/12/01			17:7579418	17:7676100	528268	VCV000528268	rs1555526625
NM_000546.6(TP53):c.263C>G (p.Ala88Gly)	TP53	single nucleotide variant	not specified	G: Uncertain significance	criteria provided, single submitter	missense variant	A49G, A88G	2022/02/07			17:7579424	17:7676106	1343497	VCV001343497	rs1555526631
NM_000546.6(TP53):c.262G>C (p.Ala88Pro)	TP53	single nucleotide variant	Hereditary cancer-predisposing syndrome	G: Uncertain significance	criteria provided, single submitter	missense variant	A88P, A49P	2018/09/17			17:7579425	17:7676107	629276	VCV000629276	rs1567556231
NM_000546.6(TP53):c.260C>G (p.Pro87Arg)	TP53	single nucleotide variant	Hereditary cancer-predisposing syndrome	G: Uncertain significance	criteria provided, multiple submitters, no conflicts	missense variant	P48R, P87R	2025/01/06			17:7579427	17:7676109	1793771	VCV001793771	rs2073467677
NM_000546.6(TP53):c.259C>T (p.Pro87Ser)	TP53	single nucleotide variant	Li-Fraumeni syndrome	G: Uncertain significance	criteria provided, single submitter	missense variant, non-coding transcript variant	P48S, P87S	2023/01/22			17:7579428	17:7676110	2831109	VCV002831109	rs1597374238
NM_000546.6(TP53):c.254C>T (p.Pro85Leu)	TP53	single nucleotide variant	Li-Fraumeni syndrome	G: Uncertain significance	criteria provided, single submitter	missense variant, non-coding transcript variant	P46L, P85L	2022/10/31			17:7579433	17:7676115	2811095	VCV002811095	rs2151040823
NM_000546.6(TP53):c.253C>G (p.Pro85Ala)	TP53	single nucleotide variant	Li-Fraumeni syndrome	G: Uncertain significance	criteria provided, single submitter	missense variant, non-coding transcript variant	P46A, P85A	2023/12/03			17:7579434	17:7676116	2831218	VCV002831218	rs2073468813
NM_000546.6(TP53):c.253C>T (p.Pro85Ser)	TP53	single nucleotide variant	Hereditary cancer-predisposing syndrome, Li-Fraumeni syndrome	G: Uncertain significance	criteria provided, multiple submitters, no conflicts	missense variant	P46S, P85S	2023/05/02			17:7579434	17:7676116	923486	VCV000923486	rs2073468813
NM_000546.6(TP53):c.250_251delinsAA (p.Ala84Asn)	TP53	Indel	Li-Fraumeni syndrome	G: Uncertain significance	criteria provided, single submitter	missense variant, non-coding transcript variant	A45N, A84N	2024/01/07			17:7579436	17:7676118	2708097	VCV002708097	rs2543630473
NM_000546.6(TP53):c.247G>C (p.Ala83Pro)	TP53	single nucleotide variant	Hereditary cancer-predisposing syndrome	G: Likely benign	criteria provided, single submitter	missense variant, non-coding transcript variant	A83P, A44P	2025/04/25			17:7579440	17:7676122	3972448	VCV003972448	
NM_000546.6(TP53):c.247G>T (p.Ala83Ser)	TP53	single nucleotide variant	not provided	G: Uncertain significance	criteria provided, single submitter	missense variant, non-coding transcript variant	A44S, A83S	2025/04/01			17:7579440	17:7676122	3898631	VCV003898631	
NM_000546.6(TP53):c.247G>A (p.Ala83Thr)	TP53	single nucleotide variant	Li-Fraumeni syndrome	G: Uncertain significance	criteria provided, single submitter	missense variant	A83T, A44T	2025/11/03			17:7579440	17:7676122	2029805	VCV002029805	rs2151041011
NM_000546.6(TP53):c.245C>G (p.Pro82Arg)	TP53	single nucleotide variant	Li-Fraumeni syndrome	G: Uncertain significance	criteria provided, single submitter	missense variant	P82R, P43R	2017/01/18			17:7579442	17:7676124	458530	VCV000458530	rs534447939
NM_000546.6(TP53):c.244C>A (p.Pro82Thr)	TP53	single nucleotide variant	Hereditary cancer-predisposing syndrome	G: Likely benign	criteria provided, single submitter	missense variant, non-coding transcript variant	P43T, P82T	2026/05/20			17:7579443	17:7676125	4865882	VCV004865882	
NM_000546.6(TP53):c.239C>T (p.Pro80Leu)	TP53	single nucleotide variant	Hereditary cancer-predisposing syndrome	G: Uncertain significance	criteria provided, single submitter	missense variant	P80L, P41L	2021/11/11			17:7579448	17:7676130	1790682	VCV001790682	rs2151041185
NM_000546.6(TP53):c.238C>T (p.Pro80Ser)	TP53	single nucleotide variant	Hereditary cancer-predisposing syndrome, Li-Fraumeni syndrome 1, Li-Fraumeni syndrome	G: Uncertain significance	criteria provided, multiple submitters, no conflicts	missense variant	P41S, P80S	2025/01/28			17:7579449	17:7676131	406593	VCV000406593	rs1060501204
NM_000546.6(TP53):c.236C>T (p.Ala79Val)	TP53	single nucleotide variant	Hereditary cancer-predisposing syndrome	G: Likely benign	criteria provided, single submitter	missense variant, non-coding transcript variant	A79V, A40V	2025/08/04			17:7579451	17:7676133	4189271	VCV004189271	
NM_000546.6(TP53):c.232G>T (p.Ala78Ser)	TP53	single nucleotide variant	Li-Fraumeni syndrome	G: Uncertain significance	criteria provided, single submitter	missense variant	A39S, A78S	2024/10/07			17:7579455	17:7676137	848797	VCV000848797	rs1555526673
NM_000546.6(TP53):c.232G>A (p.Ala78Thr)	TP53	single nucleotide variant	Hereditary cancer-predisposing syndrome	G: Uncertain significance	criteria provided, single submitter	missense variant	A78T, A39T	2020/12/07			17:7579455	17:7676137	485045	VCV000485045	rs1555526673
NM_000546.6(TP53):c.230C>T (p.Pro77Leu)	TP53	single nucleotide variant	not provided	G: Uncertain significance	criteria provided, single submitter	missense variant, non-coding transcript variant	P38L, P77L	2025/06/17			17:7579457	17:7676139	4532980	VCV004532980	
NM_000546.6(TP53):c.227C>G (p.Ala76Gly)	TP53	single nucleotide variant	Hereditary cancer-predisposing syndrome	G: Benign	criteria provided, single submitter	missense variant, non-coding transcript variant	A37G, A76G	2024/11/11			17:7579460	17:7676142	3460333	VCV003460333	
NM_000546.6(TP53):c.227C>T (p.Ala76Val)	TP53	single nucleotide variant	Li-Fraumeni syndrome, Hereditary cancer-predisposing syndrome	G: Uncertain significance	criteria provided, multiple submitters, no conflicts	missense variant	A76V, A37V	2024/03/19			17:7579460	17:7676142	1941172	VCV001941172	rs1235781676
NM_000546.6(TP53):c.224C>T (p.Pro75Leu)	TP53	single nucleotide variant	Li-Fraumeni syndrome	G: Uncertain significance	criteria provided, single submitter	missense variant	P36L, P75L	2019/05/21			17:7579463	17:7676145	836766	VCV000836766	rs2073472370
NM_000546.6(TP53):c.223C>T (p.Pro75Ser)	TP53	single nucleotide variant	Hereditary cancer-predisposing syndrome	G: Likely benign	criteria provided, single submitter	missense variant, non-coding transcript variant	P36S, P75S	2025/10/06			17:7579464	17:7676146	4758197	VCV004758197	
NM_000546.6(TP53):c.223C>A (p.Pro75Thr)	TP53	single nucleotide variant	Li-Fraumeni syndrome	G: Uncertain significance	criteria provided, single submitter	missense variant	P75T, P36T	2022/06/09			17:7579464	17:7676146	2003705	VCV002003705	rs2151041496
NM_000546.6(TP53):c.220G>A (p.Ala74Thr)	TP53	single nucleotide variant	Hereditary cancer-predisposing syndrome	G: Uncertain significance	criteria provided, single submitter	missense variant, non-coding transcript variant	A35T, A74T	2025/10/27			17:7579467	17:7676149	4552972	VCV004552972	
NM_000546.6(TP53):c.215_219delinsGCGTA (p.Pro72Arg)	TP53	Indel	Li-Fraumeni syndrome 1	G: Benign	criteria provided, single submitter	missense variant, non-coding transcript variant	P33R, P72R	2025/04/01			17:7579468	17:7676150	4071424	VCV004071424	
NM_000546.6(TP53):c.218T>A (p.Val73Glu)	TP53	single nucleotide variant	Hereditary cancer-predisposing syndrome	G: Likely benign	criteria provided, single submitter	missense variant, non-coding transcript variant	V34E, V73E	2024/09/04			17:7579469	17:7676151	3460312	VCV003460312	
NM_000546.6(TP53):c.218T>C (p.Val73Ala)	TP53	single nucleotide variant	Li-Fraumeni syndrome	G: Uncertain significance	criteria provided, single submitter	missense variant	V73A, V34A	2025/11/03			17:7579469	17:7676151	2168377	VCV002168377	rs2151041584
NM_000546.6(TP53):c.217G>C (p.Val73Leu)	TP53	single nucleotide variant	Li-Fraumeni syndrome	G: Uncertain significance	criteria provided, single submitter	missense variant, non-coding transcript variant	V34L, V73L	2025/09/04			17:7579470	17:7676152	4805346	VCV004805346	
NM_000546.6(TP53):c.217G>T (p.Val73Leu)	TP53	single nucleotide variant	Li-Fraumeni syndrome	G: Uncertain significance	criteria provided, single submitter	missense variant, non-coding transcript variant	V73L, V34L	2024/12/12			17:7579470	17:7676152	3634436	VCV003634436	
NM_000546.6(TP53):c.215_216delinsGA (p.Pro72Arg)	TP53	Indel	Hereditary cancer-predisposing syndrome	G: Benign	criteria provided, single submitter	missense variant, non-coding transcript variant	P33R, P72R	2024/12/19			17:7579471	17:7676153	3809677	VCV003809677	
NM_000546.6(TP53):c.215_216inv (p.Pro72Arg)	TP53	Inversion	Li-Fraumeni syndrome	G: Likely benign	criteria provided, single submitter	missense variant, non-coding transcript variant	P33R, P72R	2025/01/06			17:7579471	17:7676153	3728507	VCV003728507	
NM_000546.6(TP53):c.215_216delinsGT (p.Pro72Arg)	TP53	Indel	not specified, Li-Fraumeni syndrome 1, Hereditary cancer-predisposing syndrome, Li-Fraumeni syndrome	G: Benign/Likely benign	criteria provided, multiple submitters, no conflicts	missense variant	P33R, P72R	2025/10/27			17:7579471	17:7676153	237944	VCV000237944	rs878854066
NM_000546.6(TP53):c.213_215delinsTCG (p.Pro72Arg)	TP53	Indel	Li-Fraumeni syndrome 1, Hereditary cancer-predisposing syndrome	G: Benign	criteria provided, multiple submitters, no conflicts	missense variant, non-coding transcript variant	P33R, P72R	2025/04/01			17:7579472	17:7676154	3460311	VCV003460311	
NM_000546.6(TP53):c.214_215delinsAG (p.Pro72Ser)	TP53	Indel	Hereditary cancer-predisposing syndrome, Li-Fraumeni syndrome	G: Uncertain significance	criteria provided, multiple submitters, no conflicts	missense variant, non-coding transcript variant	P33S, P72S	2025/09/10			17:7579472	17:7676154	3328172	VCV003328172	
NM_000546.6(TP53):c.214_215inv (p.Pro72Gly)	TP53	Inversion	Hereditary cancer-predisposing syndrome	G: Uncertain significance	criteria provided, single submitter	missense variant	P33G, P72G	2019/12/02			17:7579472	17:7676154	1786573	VCV001786573	
NM_000546.6(TP53):c.209C>T (p.Ala70Val)	TP53	single nucleotide variant	Hereditary cancer-predisposing syndrome, Li-Fraumeni syndrome	G: Uncertain significance	criteria provided, multiple submitters, no conflicts	missense variant	A31V, A70V	2023/07/16			17:7579478	17:7676160	630031	VCV000630031	rs1567556594
NM_000546.6(TP53):c.205G>C (p.Ala69Pro)	TP53	single nucleotide variant	Hereditary cancer-predisposing syndrome	G: Uncertain significance	criteria provided, single submitter	missense variant	A30P, A69P	2019/08/08			17:7579482	17:7676164	919370	VCV000919370	rs1567556618
NM_000546.6(TP53):c.202G>C (p.Glu68Gln)	TP53	single nucleotide variant	Hereditary cancer-predisposing syndrome, Li-Fraumeni syndrome 1, Li-Fraumeni syndrome	G: Uncertain significance	criteria provided, multiple submitters, no conflicts	missense variant	E29Q, E68Q	2024/09/23			17:7579485	17:7676167	490170	VCV000490170	rs869312782
NM_000546.6(TP53):c.200C>A (p.Pro67Gln)	TP53	single nucleotide variant	Li-Fraumeni syndrome	G: Uncertain significance	criteria provided, single submitter	missense variant	P67Q, P28Q	2022/05/29			17:7579487	17:7676169	528264	VCV000528264	rs1555526709
NM_000546.6(TP53):c.199C>G (p.Pro67Ala)	TP53	single nucleotide variant	Li-Fraumeni syndrome, Hereditary cancer-predisposing syndrome	G: Uncertain significance	criteria provided, multiple submitters, no conflicts	missense variant, non-coding transcript variant	P28A, P67A	2024/03/11			17:7579488	17:7676170	3074199	VCV003074199	rs2073476832
NM_000546.6(TP53):c.199C>T (p.Pro67Ser)	TP53	single nucleotide variant	Li-Fraumeni syndrome	G: Uncertain significance	criteria provided, single submitter	missense variant	P28S, P67S	2025/08/07			17:7579488	17:7676170	835228	VCV000835228	rs2073476832
NM_000546.6(TP53):c.197T>G (p.Met66Arg)	TP53	single nucleotide variant	Li-Fraumeni syndrome	G: Uncertain significance	criteria provided, single submitter	missense variant	M27R, M66R	2024/04/10			17:7579490	17:7676172	1714129	VCV001714129	rs2151042010
NM_000546.6(TP53):c.197T>C (p.Met66Thr)	TP53	single nucleotide variant	not provided	G: Uncertain significance	criteria provided, single submitter	missense variant	M27T, M66T	2019/09/06			17:7579490	17:7676172	1316731	VCV001316731	rs2151042010
NM_000546.6(TP53):c.196A>G (p.Met66Val)	TP53	single nucleotide variant	Hereditary cancer-predisposing syndrome	G: Likely benign	criteria provided, single submitter	missense variant	M66V, M27V	2021/10/15			17:7579491	17:7676173	1783578	VCV001783578	rs2073477248
NM_000546.6(TP53):c.194G>C (p.Arg65Thr)	TP53	single nucleotide variant	Li-Fraumeni syndrome	G: Uncertain significance	criteria provided, single submitter	missense variant	R65T, R26T	2023/05/22			17:7579493	17:7676175	406607	VCV000406607	rs1060501210
NM_000546.6(TP53):c.191C>T (p.Pro64Leu)	TP53	single nucleotide variant	Li-Fraumeni syndrome	G: Uncertain significance	criteria provided, single submitter	missense variant, non-coding transcript variant	P25L, P64L	2024/07/01			17:7579496	17:7676178	3634437	VCV003634437	
NM_000546.6(TP53):c.190C>A (p.Pro64Thr)	TP53	single nucleotide variant	Li-Fraumeni syndrome	G: Uncertain significance	criteria provided, single submitter	missense variant, non-coding transcript variant	P25T, P64T	2024/06/16			17:7579497	17:7676179	3706400	VCV003706400	
NM_000546.6(TP53):c.190C>T (p.Pro64Ser)	TP53	single nucleotide variant	Hereditary cancer-predisposing syndrome, Li-Fraumeni syndrome	G: Uncertain significance	criteria provided, multiple submitters, no conflicts	missense variant, non-coding transcript variant	P25S, P64S	2024/03/15			17:7579497	17:7676179	2774654	VCV002774654	rs2543633384
NM_000546.6(TP53):c.187G>A (p.Ala63Thr)	TP53	single nucleotide variant	Hereditary cancer-predisposing syndrome	G: Likely benign	criteria provided, single submitter	missense variant	A24T, A63T	2021/03/16			17:7579500	17:7676182	231015	VCV000231015	rs876658902
NM_000546.6(TP53):c.185A>G (p.Glu62Gly)	TP53	single nucleotide variant	Hereditary cancer-predisposing syndrome	G: Likely benign	criteria provided, single submitter	missense variant, non-coding transcript variant	E23G, E62G	2025/02/10			17:7579502	17:7676184	3809683	VCV003809683	
NM_000546.6(TP53):c.185A>C (p.Glu62Ala)	TP53	single nucleotide variant	Li-Fraumeni syndrome	G: Uncertain significance	criteria provided, single submitter	missense variant	E23A, E62A	2021/12/09			17:7579502	17:7676184	1388326	VCV001388326	rs2151042192
NM_000546.6(TP53):c.183T>G (p.Asp61Glu)	TP53	single nucleotide variant	Hereditary cancer-predisposing syndrome	G: Uncertain significance	criteria provided, single submitter	missense variant, non-coding transcript variant	D22E, D61E	2025/05/13			17:7579504	17:7676186	4756723	VCV004756723	
NM_000546.6(TP53):c.181G>T (p.Asp61Tyr)	TP53	single nucleotide variant	Li-Fraumeni syndrome	G: Uncertain significance	criteria provided, single submitter	missense variant	D22Y, D61Y	2023/01/18			17:7579506	17:7676188	1366182	VCV001366182	rs2151042257
NM_000546.6(TP53):c.176G>C (p.Gly59Ala)	TP53	single nucleotide variant	Li-Fraumeni syndrome	G: Uncertain significance	criteria provided, single submitter	missense variant, non-coding transcript variant	G20A, G59A	2023/07/26			17:7579511	17:7676193	2747093	VCV002747093	rs1597374828
NM_000546.6(TP53):c.176G>A (p.Gly59Asp)	TP53	single nucleotide variant	Hereditary cancer-predisposing syndrome	G: Likely benign	criteria provided, single submitter	missense variant	G20D, G59D	2021/01/21			17:7579511	17:7676193	820048	VCV000820048	rs1597374828
NM_000546.6(TP53):c.175G>T (p.Gly59Cys)	TP53	single nucleotide variant	Li-Fraumeni syndrome	G: Uncertain significance	criteria provided, single submitter	missense variant, non-coding transcript variant	G59C, G20C	2025/07/18			17:7579512	17:7676194	2812726	VCV002812726	rs1237722021
NM_000546.6(TP53):c.175G>A (p.Gly59Ser)	TP53	single nucleotide variant	Hereditary cancer-predisposing syndrome	G: Uncertain significance	criteria provided, single submitter	missense variant	G59S, G20S	2022/10/04			17:7579512	17:7676194	1779558	VCV001779558	rs1237722021
NM_000546.6(TP53):c.175G>C (p.Gly59Arg)	TP53	single nucleotide variant	Li-Fraumeni syndrome	G: Uncertain significance	criteria provided, single submitter	missense variant	G20R, G59R	2024/10/31			17:7579512	17:7676194	1491657	VCV001491657	rs1237722021
NM_000546.6(TP53):c.172C>G (p.Pro58Ala)	TP53	single nucleotide variant	Hereditary cancer-predisposing syndrome	G: Likely benign	criteria provided, single submitter	missense variant	P19A, P58A	2021/02/10			17:7579515	17:7676197	1778944	VCV001778944	rs2073479616
NM_000546.6(TP53):c.170A>G (p.Asp57Gly)	TP53	single nucleotide variant	Li-Fraumeni syndrome	G: Uncertain significance	criteria provided, single submitter	missense variant, non-coding transcript variant	D57G, D18G	2023/11/22			17:7579517	17:7676199	2695282	VCV002695282	rs1442824382
NM_000546.6(TP53):c.170A>T (p.Asp57Val)	TP53	single nucleotide variant	Hereditary cancer-predisposing syndrome	G: Likely benign	criteria provided, single submitter	missense variant	D18V, D57V	2021/11/10			17:7579517	17:7676199	1778520	VCV001778520	rs1442824382
NM_000546.6(TP53):c.167A>G (p.Glu56Gly)	TP53	single nucleotide variant	Hereditary cancer-predisposing syndrome	G: Uncertain significance	criteria provided, single submitter	missense variant, non-coding transcript variant	E17G, E56G	2025/03/24			17:7579520	17:7676202	3894270	VCV003894270	
NM_000546.6(TP53):c.166G>A (p.Glu56Lys)	TP53	single nucleotide variant	Hereditary cancer-predisposing syndrome	G: Uncertain significance	criteria provided, single submitter	missense variant, non-coding transcript variant	E17K, E56K	2023/11/20			17:7579521	17:7676203	3232051	VCV003232051	rs2151042536
NM_000546.6(TP53):c.164C>G (p.Thr55Ser)	TP53	single nucleotide variant	Li-Fraumeni syndrome	G: Uncertain significance	criteria provided, single submitter	missense variant	T16S, T55S	2022/05/03			17:7579523	17:7676205	2130489	VCV002130489	rs2151042567
NM_000546.6(TP53):c.163A>C (p.Thr55Pro)	TP53	single nucleotide variant	Li-Fraumeni syndrome	G: Uncertain significance	criteria provided, single submitter	missense variant, non-coding transcript variant	T55P, T16P	2025/11/24			17:7579524	17:7676206	2705758	VCV002705758	rs2151042588
NM_000546.6(TP53):c.157T>C (p.Trp53Arg)	TP53	single nucleotide variant	Hereditary cancer-predisposing syndrome, Li-Fraumeni syndrome	G: Uncertain significance	criteria provided, multiple submitters, no conflicts	missense variant	W14R, W53R	2024/11/06			17:7579530	17:7676212	1775671	VCV001775671	rs2151042721
NM_000546.6(TP53):c.157T>A (p.Trp53Arg)	TP53	single nucleotide variant	Li-Fraumeni syndrome	G: Uncertain significance	criteria provided, single submitter	missense variant	W14R, W53R	2024/04/02			17:7579530	17:7676212	1473030	VCV001473030	rs2151042721
NM_000546.6(TP53):c.155A>G (p.Gln52Arg)	TP53	single nucleotide variant	Hereditary cancer-predisposing syndrome, Li-Fraumeni syndrome, Li-Fraumeni syndrome 1	G: Uncertain significance	criteria provided, multiple submitters, no conflicts	missense variant	Q13R, Q52R	2025/12/17			17:7579532	17:7676214	237942	VCV000237942	rs774656101
NM_000546.6(TP53):c.153A>T (p.Glu51Asp)	TP53	single nucleotide variant	Hereditary cancer-predisposing syndrome	G: Benign	criteria provided, single submitter	missense variant, non-coding transcript variant	E12D, E51D	2026/03/18			17:7579534	17:7676216	4865867	VCV004865867	
NM_000546.6(TP53):c.152A>G (p.Glu51Gly)	TP53	single nucleotide variant	Li-Fraumeni syndrome	G: Uncertain significance	criteria provided, single submitter	missense variant	E12G, E51G	2018/04/04			17:7579535	17:7676217	577888	VCV000577888	rs1567556923
NM_000546.6(TP53):c.151G>A (p.Glu51Lys)	TP53	single nucleotide variant	Li-Fraumeni syndrome	G: Uncertain significance	criteria provided, single submitter	missense variant	E12K, E51K	2025/07/07			17:7579536	17:7676218	850781	VCV000850781	rs1567556930
NM_000546.6(TP53):c.149T>C (p.Ile50Thr)	TP53	single nucleotide variant	Li-Fraumeni syndrome	G: Likely benign	reviewed by expert panel	missense variant	I11T, I50T	2025/01/16			17:7579538	17:7676220	216464	VCV000216464	rs370502517
NM_000546.6(TP53):c.149T>A (p.Ile50Asn)	TP53	single nucleotide variant	Hereditary cancer-predisposing syndrome, Li-Fraumeni syndrome 1, Li-Fraumeni syndrome	G: Uncertain significance	criteria provided, multiple submitters, no conflicts	missense variant	I11N, I50N	2024/03/25			17:7579538	17:7676220	187302	VCV000187302	rs370502517
NM_000546.6(TP53):c.148A>C (p.Ile50Leu)	TP53	single nucleotide variant	Li-Fraumeni syndrome	G: Uncertain significance	criteria provided, single submitter	missense variant, non-coding transcript variant	I11L, I50L	2022/11/19			17:7579539	17:7676221	2877402	VCV002877402	rs2151042912
NM_000546.6(TP53):c.147T>A (p.Asp49Glu)	TP53	single nucleotide variant	Li-Fraumeni syndrome	G: Uncertain significance	criteria provided, single submitter	missense variant	D10E, D49E	2021/06/17			17:7579540	17:7676222	1361888	VCV001361888	rs786201148
NM_000546.6(TP53):c.143A>G (p.Asp48Gly)	TP53	single nucleotide variant	Li-Fraumeni syndrome	G: Likely benign	reviewed by expert panel	missense variant, non-coding transcript variant	D48G, D9G	2025/01/16			17:7579544	17:7676226	2795844	VCV002795844	rs2543635404
NM_000546.6(TP53):c.139C>G (p.Pro47Ala)	TP53	single nucleotide variant	Li-Fraumeni syndrome	G: Uncertain significance	criteria provided, multiple submitters, no conflicts	missense variant	P47A, P8A	2024/11/18			17:7579548	17:7676230	1721838	VCV001721838	rs1800371
NM_000546.6(TP53):c.137C>A (p.Ser46Tyr)	TP53	single nucleotide variant	Li-Fraumeni syndrome	G: Uncertain significance	criteria provided, single submitter	missense variant	S46Y, S7Y	2025/12/09			17:7579550	17:7676232	659626	VCV000659626	rs1597375058
NM_000546.6(TP53):c.136T>C (p.Ser46Pro)	TP53	single nucleotide variant	Hereditary cancer-predisposing syndrome	G: Uncertain significance	criteria provided, single submitter	missense variant	S46P, S7P	2015/06/05			17:7579551	17:7676233	232223	VCV000232223	rs876659630
NM_000546.6(TP53):c.131T>C (p.Met44Thr)	TP53	single nucleotide variant	Hereditary cancer-predisposing syndrome	G: Uncertain significance	criteria provided, single submitter	missense variant	M44T, M5T	2021/03/24			17:7579556	17:7676238	1769879	VCV001769879	rs2073484962
NM_000546.6(TP53):c.131T>A (p.Met44Lys)	TP53	single nucleotide variant	Hereditary cancer-predisposing syndrome	G: Uncertain significance	criteria provided, single submitter	missense variant	M44K, M5K	2021/02/12			17:7579556	17:7676238	1769875	VCV001769875	rs2073484962
NM_000546.6(TP53):c.131T>G (p.Met44Arg)	TP53	single nucleotide variant	Hereditary cancer-predisposing syndrome	G: Uncertain significance	criteria provided, single submitter	missense variant	M44R, M5R	2019/01/04			17:7579556	17:7676238	928344	VCV000928344	rs2073484962
NM_000546.6(TP53):c.130A>C (p.Met44Leu)	TP53	single nucleotide variant	Li-Fraumeni syndrome	G: Uncertain significance	criteria provided, single submitter	missense variant	M5L, M44L	2022/09/02			17:7579557	17:7676239	2087249	VCV002087249	rs2151043221
NM_000546.6(TP53):c.129G>T (p.Leu43Phe)	TP53	single nucleotide variant	Li-Fraumeni syndrome	G: Uncertain significance	criteria provided, single submitter	missense variant	L4F, L43F	2021/08/19			17:7579558	17:7676240	864154	VCV000864154	rs754332870
NM_000546.6(TP53):c.127T>G (p.Leu43Val)	TP53	single nucleotide variant	Hereditary cancer-predisposing syndrome, Li-Fraumeni syndrome	G: Uncertain significance	criteria provided, multiple submitters, no conflicts	missense variant, non-coding transcript variant	L43V, L4V	2025/07/14			17:7579560	17:7676242	2774655	VCV002774655	rs1597375116
NM_000546.6(TP53):c.127T>A (p.Leu43Met)	TP53	single nucleotide variant	Li-Fraumeni syndrome	G: Uncertain significance	criteria provided, single submitter	missense variant	L4M, L43M	2018/12/21			17:7579560	17:7676242	663719	VCV000663719	rs1597375116
NM_000546.6(TP53):c.115G>T (p.Ala39Ser)	TP53	single nucleotide variant	Li-Fraumeni syndrome	G: Uncertain significance	criteria provided, single submitter	missense variant, 5 prime UTR variant	A39S	2022/08/16			17:7579572	17:7676254	2024235	VCV002024235	rs2073487457
NM_000546.6(TP53):c.115G>A (p.Ala39Thr)	TP53	single nucleotide variant	Li-Fraumeni syndrome	G: Uncertain significance	criteria provided, single submitter	5 prime UTR variant, missense variant	A39T	2020/10/28			17:7579572	17:7676254	1035024	VCV001035024	rs2073487457
NM_000546.6(TP53):c.113A>G (p.Gln38Arg)	TP53	single nucleotide variant	Li-Fraumeni syndrome	G: Uncertain significance	criteria provided, single submitter	missense variant, 5 prime UTR variant	Q38R	2022/08/23			17:7579574	17:7676256	1717844	VCV001717844	rs2073487567
NM_000546.6(TP53):c.110C>G (p.Ser37Cys)	TP53	single nucleotide variant	Li-Fraumeni syndrome, Hereditary cancer-predisposing syndrome	G: Uncertain significance	criteria provided, multiple submitters, no conflicts	missense variant, 5 prime UTR variant	S37C	2024/03/21			17:7579577	17:7676259	1794698	VCV001794698	rs1567557177
NM_000546.6(TP53):c.106C>T (p.Pro36Ser)	TP53	single nucleotide variant	Hereditary cancer-predisposing syndrome, not provided, Li-Fraumeni syndrome 1, Li-Fraumeni syndrome	G: Uncertain significance	criteria provided, multiple submitters, no conflicts	missense variant, 5 prime UTR variant, non-coding transcript variant	P36S	2023/09/25			17:7579581	17:7676263	182921	VCV000182921	rs730881993
NM_000546.6(TP53):c.105G>T (p.Leu35Phe)	TP53	single nucleotide variant	Li-Fraumeni syndrome	G: Uncertain significance	reviewed by expert panel	missense variant, 5 prime UTR variant	L35F	2024/09/06			17:7579582	17:7676264	12371	VCV000012371	rs121912661
NM_000546.6(TP53):c.101C>T (p.Pro34Leu)	TP53	single nucleotide variant	Hereditary cancer-predisposing syndrome, Li-Fraumeni syndrome 1, not provided, Li-Fraumeni syndrome	G: Uncertain significance	criteria provided, multiple submitters, no conflicts	missense variant, 5 prime UTR variant	P34L	2025/03/07	2025/02/23		17:7579586	17:7676268	818276	VCV000818276	rs1322947350
NM_000546.6(TP53):c.97T>A (p.Ser33Thr)	TP53	single nucleotide variant	Li-Fraumeni syndrome	G: Uncertain significance	criteria provided, single submitter	missense variant, 5 prime UTR variant	S33T	2018/03/14			17:7579590	17:7676272	1043464	VCV001043464	rs2073489444
NM_000546.6(TP53):c.94C>G (p.Leu32Val)	TP53	single nucleotide variant	Hereditary cancer-predisposing syndrome	G: Likely benign	criteria provided, single submitter	missense variant, 5 prime UTR variant	L32V	2022/10/04			17:7579702	17:7676384	1767161	VCV001767161	rs1555526920
NM_000546.6(TP53):c.89A>T (p.Asn30Ile)	TP53	single nucleotide variant	Li-Fraumeni syndrome	G: Uncertain significance	criteria provided, single submitter	missense variant, 5 prime UTR variant	N30I	2021/03/09			17:7579707	17:7676389	1515391	VCV001515391	rs2151045549
NM_000546.6(TP53):c.88A>T (p.Asn30Tyr)	TP53	single nucleotide variant	Li-Fraumeni syndrome	G: Uncertain significance	criteria provided, single submitter	missense variant, 5 prime UTR variant, non-coding transcript variant	N30Y	2025/12/08			17:7579708	17:7676390	4800661	VCV004800661	
NM_000546.6(TP53):c.88A>G (p.Asn30Asp)	TP53	single nucleotide variant	Li-Fraumeni syndrome	G: Uncertain significance	criteria provided, single submitter	missense variant, 5 prime UTR variant, non-coding transcript variant	N30D	2024/11/11			17:7579708	17:7676390	3634438	VCV003634438	
NM_000546.6(TP53):c.87C>G (p.Asn29Lys)	TP53	single nucleotide variant	Li-Fraumeni syndrome 1, Li-Fraumeni syndrome, Hereditary cancer-predisposing syndrome	G: Uncertain significance	criteria provided, multiple submitters, no conflicts	missense variant, 5 prime UTR variant	N29K	2025/11/09			17:7579709	17:7676391	638927	VCV000638927	rs1011445550
NM_000546.6(TP53):c.86A>C (p.Asn29Thr)	TP53	single nucleotide variant	Li-Fraumeni syndrome 1, Li-Fraumeni syndrome, Hereditary cancer-predisposing syndrome	G: Uncertain significance	criteria provided, multiple submitters, no conflicts	missense variant, 5 prime UTR variant	N29T	2023/08/17			17:7579710	17:7676392	842527	VCV000842527	rs2073506642
NM_000546.6(TP53):c.85A>G (p.Asn29Asp)	TP53	single nucleotide variant	Hereditary cancer-predisposing syndrome	G: Likely benign	criteria provided, single submitter	missense variant, 5 prime UTR variant	N29D	2019/11/25			17:7579711	17:7676393	822586	VCV000822586	rs1597375899
NM_000546.6(TP53):c.82G>A (p.Glu28Lys)	TP53	single nucleotide variant	Li-Fraumeni syndrome	G: Uncertain significance	criteria provided, single submitter	missense variant, 5 prime UTR variant, non-coding transcript variant	E28K	2024/09/08			17:7579714	17:7676396	3634439	VCV003634439	
NM_000546.6(TP53):c.80C>G (p.Pro27Arg)	TP53	single nucleotide variant	not provided, Li-Fraumeni syndrome	G: Uncertain significance	criteria provided, multiple submitters, no conflicts	missense variant, 5 prime UTR variant	P27R	2025/04/15			17:7579716	17:7676398	664352	VCV000664352	rs1555526933
NM_000546.6(TP53):c.79C>T (p.Pro27Ser)	TP53	single nucleotide variant	Hereditary cancer-predisposing syndrome, Li-Fraumeni syndrome 1, not specified, Li-Fraumeni syndrome	G: Uncertain significance	criteria provided, multiple submitters, no conflicts	missense variant, 5 prime UTR variant	P27S	2025/12/23			17:7579717	17:7676399	528271	VCV000528271	rs922736614
NM_000546.6(TP53):c.76C>A (p.Leu26Ile)	TP53	single nucleotide variant	Hereditary cancer-predisposing syndrome	G: Uncertain significance	criteria provided, single submitter	missense variant, 5 prime UTR variant	L26I	2018/12/05			17:7579720	17:7676402	923838	VCV000923838	rs2073507946
NM_000546.6(TP53):c.74T>G (p.Leu25Arg)	TP53	single nucleotide variant	Hereditary cancer-predisposing syndrome	G: Uncertain significance	criteria provided, single submitter	missense variant, 5 prime UTR variant	L25R	2021/07/13			17:7579839	17:7676521	1759212	VCV001759212	rs2151047184
NM_000546.6(TP53):c.62A>C (p.Asp21Ala)	TP53	single nucleotide variant	Hereditary cancer-predisposing syndrome	G: Likely benign	criteria provided, single submitter	missense variant, 5 prime UTR variant, non-coding transcript variant	D21A	2025/06/05			17:7579851	17:7676533	3972456	VCV003972456	
NM_000546.6(TP53):c.61G>A (p.Asp21Asn)	TP53	single nucleotide variant	Li-Fraumeni syndrome	G: Uncertain significance	criteria provided, single submitter	5 prime UTR variant, missense variant, non-coding transcript variant	D21N	2024/06/03			17:7579852	17:7676534	3634440	VCV003634440	
NM_000546.6(TP53):c.59C>T (p.Ser20Leu)	TP53	single nucleotide variant	Li-Fraumeni syndrome 1, Hereditary cancer-predisposing syndrome, not provided, Li-Fraumeni syndrome	G: Uncertain significance	criteria provided, multiple submitters, no conflicts	missense variant, 5 prime UTR variant	S20L	2024/01/03			17:7579854	17:7676536	826109	VCV000826109	rs1597376439
NM_000546.6(TP53):c.58T>C (p.Ser20Pro)	TP53	single nucleotide variant	Hereditary cancer-predisposing syndrome, Li-Fraumeni syndrome	G: Uncertain significance	criteria provided, multiple submitters, no conflicts	missense variant, 5 prime UTR variant	S20P	2025/09/16			17:7579855	17:7676537	232673	VCV000232673	rs876659913
NM_000546.6(TP53):c.52A>T (p.Thr18Ser)	TP53	single nucleotide variant	Li-Fraumeni syndrome	G: Uncertain significance	criteria provided, single submitter	missense variant, 5 prime UTR variant	T18S	2021/03/21			17:7579861	17:7676543	1415322	VCV001415322	rs2151047486
NM_000546.6(TP53):c.48G>C (p.Gln16His)	TP53	single nucleotide variant	Li-Fraumeni syndrome 1, Li-Fraumeni syndrome, Adrenocortical carcinoma, hereditary	G: Uncertain significance	criteria provided, multiple submitters, no conflicts	missense variant, 5 prime UTR variant	Q16H	2025/08/11			17:7579865	17:7676547	642623	VCV000642623	rs1597376489
NM_000546.6(TP53):c.46C>A (p.Gln16Lys)	TP53	single nucleotide variant	Li-Fraumeni syndrome	G: Uncertain significance	reviewed by expert panel	missense variant, 5 prime UTR variant	Q16K	2025/02/06			17:7579867	17:7676549	1172924	VCV001172924	rs2151047550
NM_000546.6(TP53):c.44G>T (p.Ser15Ile)	TP53	single nucleotide variant	Li-Fraumeni syndrome	G: Uncertain significance	criteria provided, single submitter	missense variant, 5 prime UTR variant, non-coding transcript variant	S15I	2025/11/22			17:7579869	17:7676551	4800662	VCV004800662	
NM_000546.6(TP53):c.43A>T (p.Ser15Cys)	TP53	single nucleotide variant	Hereditary cancer-predisposing syndrome	G: Likely benign	criteria provided, single submitter	missense variant, 5 prime UTR variant, non-coding transcript variant	S15C	2026/03/20			17:7579870	17:7676552	4865868	VCV004865868	
NM_000546.6(TP53):c.43A>G (p.Ser15Gly)	TP53	single nucleotide variant	Li-Fraumeni syndrome	G: Uncertain significance	criteria provided, single submitter	5 prime UTR variant, non-coding transcript variant, missense variant	S15G	2024/11/04			17:7579870	17:7676552	3605186	VCV003605186	
NM_000546.6(TP53):c.43A>C (p.Ser15Arg)	TP53	single nucleotide variant	Li-Fraumeni syndrome	G: Uncertain significance	criteria provided, single submitter	missense variant, 5 prime UTR variant	S15R	2020/03/19			17:7579870	17:7676552	1016947	VCV001016947	rs2073520545
NM_000546.6(TP53):c.35C>A (p.Pro12His)	TP53	single nucleotide variant	Li-Fraumeni syndrome	G: Uncertain significance	criteria provided, single submitter	missense variant, 5 prime UTR variant	P12H	2018/02/13			17:7579878	17:7676560	578235	VCV000578235	rs1482497533
NM_000546.6(TP53):c.34C>T (p.Pro12Ser)	TP53	single nucleotide variant	Hereditary cancer-predisposing syndrome	G: Uncertain significance	criteria provided, single submitter	missense variant, 5 prime UTR variant, non-coding transcript variant	P12S	2025/03/06			17:7579879	17:7676561	3809691	VCV003809691	
NM_000546.6(TP53):c.29T>A (p.Val10Asp)	TP53	single nucleotide variant	Li-Fraumeni syndrome	G: Uncertain significance	criteria provided, single submitter	missense variant, 5 prime UTR variant, non-coding transcript variant	V10D	2025/05/04			17:7579884	17:7676566	2813114	VCV002813114	rs1418778734
NM_000546.6(TP53):c.27C>A (p.Ser9Arg)	TP53	single nucleotide variant	Li-Fraumeni syndrome 1, Hereditary cancer-predisposing syndrome	G: Uncertain significance	criteria provided, multiple submitters, no conflicts	missense variant, 5 prime UTR variant	S9R	2022/06/18			17:7579886	17:7676568	821828	VCV000821828	rs757282628
NM_000546.6(TP53):c.25A>G (p.Ser9Gly)	TP53	single nucleotide variant	Li-Fraumeni syndrome	G: Uncertain significance	criteria provided, single submitter	missense variant, 5 prime UTR variant	S9G	2022/03/10			17:7579888	17:7676570	2108374	VCV002108374	rs1555527017
NM_000546.6(TP53):c.25A>C (p.Ser9Arg)	TP53	single nucleotide variant	Li-Fraumeni syndrome	G: Uncertain significance	criteria provided, single submitter	missense variant, 5 prime UTR variant	S9R	2017/10/30			17:7579888	17:7676570	528238	VCV000528238	rs1555527017
NM_000546.6(TP53):c.23C>G (p.Pro8Arg)	TP53	single nucleotide variant	Hereditary cancer-predisposing syndrome	G: Likely benign	criteria provided, single submitter	missense variant, 5 prime UTR variant	P8R	2022/02/28			17:7579890	17:7676572	1790705	VCV001790705	rs876659415
NM_000546.6(TP53):c.23C>T (p.Pro8Leu)	TP53	single nucleotide variant	Hereditary cancer-predisposing syndrome	G: Likely benign	criteria provided, single submitter	missense variant, 5 prime UTR variant	P8L	2015/05/15			17:7579890	17:7676572	231868	VCV000231868	rs876659415
NM_000546.6(TP53):c.21T>G (p.Asp7Glu)	TP53	single nucleotide variant	Hereditary cancer-predisposing syndrome	G: Likely benign	criteria provided, single submitter	missense variant, 5 prime UTR variant	D7E	2017/08/14			17:7579892	17:7676574	485049	VCV000485049	rs587781277
NM_000546.6(TP53):c.19G>A (p.Asp7Asn)	TP53	single nucleotide variant	Hereditary cancer-predisposing syndrome	G: Uncertain significance	criteria provided, single submitter	missense variant, 5 prime UTR variant	D7N	2020/01/13			17:7579894	17:7676576	1784158	VCV001784158	rs587782646
NM_000546.6(TP53):c.11C>A (p.Pro4Gln)	TP53	single nucleotide variant	Hereditary cancer-predisposing syndrome	G: Likely benign	criteria provided, single submitter	missense variant, 5 prime UTR variant, non-coding transcript variant	P4Q	2022/11/22			17:7579902	17:7676584	2450740	VCV002450740	rs878854064
NM_000546.6(TP53):c.10C>G (p.Pro4Ala)	TP53	single nucleotide variant	Li-Fraumeni syndrome	G: Uncertain significance	criteria provided, single submitter	missense variant, 5 prime UTR variant, non-coding transcript variant	P4A	2025/03/10			17:7579903	17:7676585	2848843	VCV002848843	rs1356004172
NM_000546.6(TP53):c.10C>T (p.Pro4Ser)	TP53	single nucleotide variant	Li-Fraumeni syndrome	G: Uncertain significance	criteria provided, single submitter	missense variant, 5 prime UTR variant	P4S	2021/01/07			17:7579903	17:7676585	1485939	VCV001485939	rs1356004172
NM_000546.6(TP53):c.8A>G (p.Glu3Gly)	TP53	single nucleotide variant	Hereditary cancer-predisposing syndrome, Li-Fraumeni syndrome, Li-Fraumeni syndrome 1	G: Uncertain significance	criteria provided, multiple submitters, no conflicts	missense variant, 5 prime UTR variant	E3G	2024/06/28			17:7579905	17:7676587	187706	VCV000187706	rs786203938
NM_000546.6(TP53):c.7G>C (p.Glu3Gln)	TP53	single nucleotide variant	not specified, Lung adenocarcinoma, Li-Fraumeni syndrome	G: Uncertain significance	criteria provided, multiple submitters, no conflicts	missense variant, 5 prime UTR variant	E3Q	2022/08/08			17:7579906	17:7676588	861772	VCV000861772	rs2073524362
NM_000546.6(TP53):c.5A>G (p.Glu2Gly)	TP53	single nucleotide variant	Li-Fraumeni syndrome 1, Hereditary cancer-predisposing syndrome, Li-Fraumeni syndrome	G: Uncertain significance	criteria provided, multiple submitters, no conflicts	missense variant, 5 prime UTR variant	E2G	2022/06/18			17:7579908	17:7676590	926778	VCV000926778	rs2073524631
NM_001143992.2(WRAP53):c.1A>G (p.Met1Val)	TP53|WRAP53	single nucleotide variant	not specified, not provided	G: Uncertain significance	criteria provided, multiple submitters, no conflicts	missense variant, initiator_codon_variant	M1V	2022/09/01			17:7591967	17:7688649	1336926	VCV001336926	rs867179605
NM_001143992.2(WRAP53):c.187G>A (p.Val63Met)	TP53|WRAP53	single nucleotide variant	not provided, Dyskeratosis congenita, autosomal recessive 3, not specified	G: Uncertain significance	criteria provided, multiple submitters, no conflicts	missense variant	V63M	2024/03/13			17:7592153	17:7688835	325651	VCV000325651	rs145760222
NM_000546.5(TP53):c.-1635C>T	TP53|WRAP53	single nucleotide variant	not specified	G: Uncertain significance	criteria provided, single submitter	missense variant	S112N	2020/11/30			17:7592301	17:7688983	1337779	VCV001337779	rs766695794
NM_000546.5(TP53):c.-1650T>G	TP53|WRAP53	single nucleotide variant	not specified	G: Uncertain significance	criteria provided, single submitter	missense variant	E117A	2019/04/03			17:7592316	17:7688998	1337114	VCV001337114	rs148728256
NM_000546.6(TP53):c.-1731G>C	TP53|WRAP53	single nucleotide variant	not specified	G: Uncertain significance	criteria provided, single submitter	missense variant	T144S	2021/09/22			17:7592397	17:7689079	1338422	VCV001338422	rs1156897458
