gene,variation,position,domain,plddt,dist3d_A,seqdist_nearest3d,n_pathogenic_within_threshold,flagged_candidate,phase2_pathogenic_probability,model_flags_pathogenic_like,agreement,condition,key,am_score,am_class,am_agrees
ABCA4,NM_000350.3(ABCA4):c.4783A>G (p.Thr1595Ala),1595,Unannotated / linker,80.19,4.874892234802246,1165.0,2.0,True,0.9816349849194106,True,agree: both flag,not provided,"('ABCA4', 'NM_000350.3(ABCA4):c.4783A>G (p.Thr1595Ala)')",0.1601,LBen,False
SCN1A,NM_001165963.4(SCN1A):c.4687G>C (p.Asp1563His),1563,IV,83.94,5.150771141052246,1197.0,2.0,True,0.9764400325023714,True,agree: both flag,not provided,"('SCN1A', 'NM_001165963.4(SCN1A):c.4687G>C (p.Asp1563His)')",0.9343,LPath,True
SCN1A,NM_001165963.4(SCN1A):c.4688A>G (p.Asp1563Gly),1563,IV,83.94,5.150771141052246,1197.0,2.0,True,0.9764400325023714,True,agree: both flag,Early-infantile DEE,"('SCN1A', 'NM_001165963.4(SCN1A):c.4688A>G (p.Asp1563Gly)')",0.8636,LPath,True
ABCA4,NM_000350.3(ABCA4):c.275G>A (p.Gly92Glu),92,Unannotated / linker,77.19,5.038993835449219,1328.0,1.0,True,0.9730368329662372,True,agree: both flag,ABCA4-related disorder,"('ABCA4', 'NM_000350.3(ABCA4):c.275G>A (p.Gly92Glu)')",0.431,Amb,False
ABCA4,NM_000350.3(ABCA4):c.4034A>G (p.Asn1345Ser),1345,Disordered,78.81,4.868525505065918,696.0,2.0,True,0.9730235256513956,True,agree: both flag,Retinal dystrophy,"('ABCA4', 'NM_000350.3(ABCA4):c.4034A>G (p.Asn1345Ser)')",0.1179,LBen,False
ABCA4,NM_000350.3(ABCA4):c.4842C>G (p.Asn1614Lys),1614,Unannotated / linker,86.88,4.459534645080566,983.0,1.0,True,0.9680031064842208,True,agree: both flag,Stargardt disease; Macular dystrophy,"('ABCA4', 'NM_000350.3(ABCA4):c.4842C>G (p.Asn1614Lys)')",0.8298,LPath,True
ABCA4,NM_000350.3(ABCA4):c.4840A>T (p.Asn1614Tyr),1614,Unannotated / linker,86.88,4.459534645080566,983.0,1.0,True,0.9680031064842208,True,agree: both flag,ABCA4-related disorder,"('ABCA4', 'NM_000350.3(ABCA4):c.4840A>T (p.Asn1614Tyr)')",0.5445,Amb,False
ATP7A,NM_000052.7(ATP7A):c.3007T>C (p.Ser1003Pro),1003,Unannotated / linker,77.88,4.565009117126465,394.0,4.0,True,0.9653024859213484,True,agree: both flag,"X-linked distal spinal muscular atrophy type 3; Menkes kinky-hair syndrome; Cutis laxa, X-linked","('ATP7A', 'NM_000052.7(ATP7A):c.3007T>C (p.Ser1003Pro)')",0.9906,LPath,True
ABCA4,NM_000350.3(ABCA4):c.1898A>G (p.Tyr633Cys),633,Unannotated / linker,91.06,4.514681339263916,573.0,3.0,True,0.964399888357244,True,agree: both flag,not provided,"('ABCA4', 'NM_000350.3(ABCA4):c.1898A>G (p.Tyr633Cys)')",0.5495,Amb,False
MSH2,NM_000251.3(MSH2):c.796G>A (p.Ala266Thr),266,Unannotated / linker,93.25,3.713005781173706,104.0,5.0,True,0.963416734631676,True,agree: both flag,Hereditary cancer-predisposing syndrome; Hereditary nonpolyposis colorectal neoplasms,"('MSH2', 'NM_000251.3(MSH2):c.796G>A (p.Ala266Thr)')",0.6421,LPath,True
MSH2,NM_000251.3(MSH2):c.797C>A (p.Ala266Glu),266,Unannotated / linker,93.25,3.713005781173706,104.0,5.0,True,0.963416734631676,True,agree: both flag,Hereditary nonpolyposis colorectal neoplasms,"('MSH2', 'NM_000251.3(MSH2):c.797C>A (p.Ala266Glu)')",0.9844,LPath,True
ABCA4,NM_000350.3(ABCA4):c.4823A>G (p.His1608Arg),1608,Unannotated / linker,73.69,5.7083940505981445,1543.0,1.0,True,0.960472055069328,True,agree: both flag,not provided,"('ABCA4', 'NM_000350.3(ABCA4):c.4823A>G (p.His1608Arg)')",0.0757,LBen,False
ABCA4,NM_000350.3(ABCA4):c.5077G>A (p.Val1693Ile),1693,Unannotated / linker,86.31,4.988394260406494,317.0,4.0,True,0.9491346518406716,True,agree: both flag,ABCA4-related retinopathy,"('ABCA4', 'NM_000350.3(ABCA4):c.5077G>A (p.Val1693Ile)')",0.0771,LBen,False
TSC2,NM_000548.5(TSC2):c.3605C>T (p.Pro1202Leu),1202,Unannotated / linker,89.0,5.052975654602051,542.0,3.0,True,0.9456096234984368,True,agree: both flag,Hereditary cancer-predisposing syndrome,"('TSC2', 'NM_000548.5(TSC2):c.3605C>T (p.Pro1202Leu)')",0.9889,LPath,True
TSC2,NM_000548.5(TSC2):c.3604C>T (p.Pro1202Ser),1202,Unannotated / linker,89.0,5.052975654602051,542.0,3.0,True,0.9456096234984368,True,agree: both flag,Hereditary cancer-predisposing syndrome; Tuberous sclerosis 2,"('TSC2', 'NM_000548.5(TSC2):c.3604C>T (p.Pro1202Ser)')",0.9836,LPath,True
ABCA4,NM_000350.3(ABCA4):c.5407G>A (p.Gly1803Ser),1803,Unannotated / linker,76.94,4.782301425933838,35.0,5.0,True,0.9449216887579556,True,agree: both flag,Inborn genetic diseases; not provided,"('ABCA4', 'NM_000350.3(ABCA4):c.5407G>A (p.Gly1803Ser)')",0.6975,LPath,True
ABCA4,NM_000350.3(ABCA4):c.155A>G (p.His52Arg),52,Unannotated / linker,83.56,4.43949556350708,589.0,2.0,True,0.9436813702143012,True,agree: both flag,not provided,"('ABCA4', 'NM_000350.3(ABCA4):c.155A>G (p.His52Arg)')",0.1527,LBen,False
ABCA4,NM_000350.3(ABCA4):c.156T>G (p.His52Gln),52,Unannotated / linker,83.56,4.43949556350708,589.0,2.0,True,0.9436813702143012,True,agree: both flag,ABCA4-related retinopathy,"('ABCA4', 'NM_000350.3(ABCA4):c.156T>G (p.His52Gln)')",0.2668,LBen,False
ABCA4,NM_000350.3(ABCA4):c.154C>G (p.His52Asp),52,Unannotated / linker,83.56,4.43949556350708,589.0,2.0,True,0.9436813702143012,True,agree: both flag,not provided; Inborn genetic diseases,"('ABCA4', 'NM_000350.3(ABCA4):c.154C>G (p.His52Asp)')",0.2374,LBen,False
VHL,NM_000551.4(VHL):c.307C>T (p.Pro103Ser),103,Involved in binding to CCT complex,98.81,4.9237189292907715,22.0,5.0,True,0.9424345330210356,True,agree: both flag,Chuvash polycythemia; Von Hippel-Lindau syndrome,"('VHL', 'NM_000551.4(VHL):c.307C>T (p.Pro103Ser)')",0.6873,LPath,True
ABCA4,NM_000350.3(ABCA4):c.3730G>A (p.Ala1244Thr),1244,Unannotated / linker,76.88,5.011616230010986,972.0,1.0,True,0.9401906263197028,True,agree: both flag,not provided,"('ABCA4', 'NM_000350.3(ABCA4):c.3730G>A (p.Ala1244Thr)')",0.1919,LBen,False
ABCA4,NM_000350.3(ABCA4):c.4974C>G (p.Ser1658Arg),1658,Unannotated / linker,92.69,5.4500226974487305,1087.0,1.0,True,0.929818176576788,True,agree: both flag,not provided,"('ABCA4', 'NM_000350.3(ABCA4):c.4974C>G (p.Ser1658Arg)')",0.9887,LPath,True
ABCA4,NM_000350.3(ABCA4):c.2836G>A (p.Val946Met),946,ABC transporter 1,83.94,3.8736958503723145,190.0,3.0,True,0.9157465342577642,True,agree: both flag,not specified,"('ABCA4', 'NM_000350.3(ABCA4):c.2836G>A (p.Val946Met)')",0.4572,Amb,False
BRCA1,NM_007294.4(BRCA1):c.2309C>T (p.Ser770Leu),770,Unannotated / linker,25.86,4.583642959594727,671.0,1.0,True,0.912822866681666,True,agree: both flag,Hereditary breast ovarian cancer syndrome,"('BRCA1', 'NM_007294.4(BRCA1):c.2309C>T (p.Ser770Leu)')",0.0878,LBen,False
SCN8A,NM_001330260.2(SCN8A):c.3934G>C (p.Gly1312Arg),1312,III,75.12,5.1661696434021,341.0,3.0,True,0.9110416915710148,True,agree: both flag,Early-infantile DEE; not provided,"('SCN8A', 'NM_001330260.2(SCN8A):c.3934G>C (p.Gly1312Arg)')",0.9997,LPath,True
SCN1A,NM_001165963.4(SCN1A):c.5227C>T (p.Pro1743Ser),1743,IV,89.56,3.8220551013946538,11.0,4.0,True,0.9081961886681854,True,agree: both flag,Early-infantile DEE; not provided,"('SCN1A', 'NM_001165963.4(SCN1A):c.5227C>T (p.Pro1743Ser)')",0.2613,LBen,False
LDLR,NM_000527.5(LDLR):c.1849A>G (p.Lys617Glu),617,LDL-receptor class B 6,92.06,4.821242332458496,16.0,4.0,True,0.90062265410965,True,agree: both flag,"Hypercholesterolemia, familial, 1","('LDLR', 'NM_000527.5(LDLR):c.1849A>G (p.Lys617Glu)')",0.1515,LBen,False
BRCA1,NM_007294.4(BRCA1):c.2305A>G (p.Ile769Val),769,Unannotated / linker,28.08,4.864906311035156,672.0,1.0,True,0.8933541414294495,True,agree: both flag,Hereditary cancer-predisposing syndrome,"('BRCA1', 'NM_007294.4(BRCA1):c.2305A>G (p.Ile769Val)')",0.0736,LBen,False
BRCA1,NM_007294.4(BRCA1):c.2305A>C (p.Ile769Leu),769,Unannotated / linker,28.08,4.864906311035156,672.0,1.0,True,0.8933541414294495,True,agree: both flag,not provided,"('BRCA1', 'NM_007294.4(BRCA1):c.2305A>C (p.Ile769Leu)')",0.0922,LBen,False
LDLR,NM_000527.5(LDLR):c.1585G>A (p.Gly529Ser),529,LDL-receptor class B 4,94.12,4.390709400177002,156.0,3.0,True,0.8908242483077387,True,agree: both flag,not provided,"('LDLR', 'NM_000527.5(LDLR):c.1585G>A (p.Gly529Ser)')",0.3873,Amb,False
LDLR,NM_000527.5(LDLR):c.1585G>T (p.Gly529Cys),529,LDL-receptor class B 4,94.12,4.390709400177002,156.0,3.0,True,0.8908242483077387,True,agree: both flag,Familial hypercholesterolemia,"('LDLR', 'NM_000527.5(LDLR):c.1585G>T (p.Gly529Cys)')",0.8502,LPath,True
MSH6,NM_000179.3(MSH6):c.2294G>A (p.Cys765Tyr),765,Unannotated / linker,95.44,5.652737140655518,293.0,3.0,True,0.8870257885359019,True,agree: both flag,Hereditary nonpolyposis colorectal neoplasms,"('MSH6', 'NM_000179.3(MSH6):c.2294G>A (p.Cys765Tyr)')",0.9964,LPath,True
MSH6,NM_000179.3(MSH6):c.2294G>C (p.Cys765Ser),765,Unannotated / linker,95.44,5.652737140655518,293.0,3.0,True,0.8870257885359019,True,agree: both flag,Hereditary nonpolyposis colorectal neoplasms; Hereditary cancer-predisposing syndrome; not provided; Lynch syndrome,"('MSH6', 'NM_000179.3(MSH6):c.2294G>C (p.Cys765Ser)')",0.7861,LPath,True
MSH6,NM_000179.3(MSH6):c.2294_2295delinsAT (p.Cys765Tyr),765,Unannotated / linker,95.44,5.652737140655518,293.0,3.0,True,0.8870257885359019,True,agree: both flag,Hereditary cancer-predisposing syndrome,"('MSH6', 'NM_000179.3(MSH6):c.2294_2295delinsAT (p.Cys765Tyr)')",0.9964,LPath,True
TSC2,NM_000548.5(TSC2):c.4552A>T (p.Ile1518Phe),1518,Unannotated / linker,83.25,5.108318328857422,457.0,2.0,True,0.8846246520518659,True,agree: both flag,Tuberous sclerosis 2,"('TSC2', 'NM_000548.5(TSC2):c.4552A>T (p.Ile1518Phe)')",0.2248,LBen,False
TSC2,NM_000548.5(TSC2):c.4552A>C (p.Ile1518Leu),1518,Unannotated / linker,83.25,5.108318328857422,457.0,2.0,True,0.8846246520518659,True,agree: both flag,Hereditary cancer-predisposing syndrome,"('TSC2', 'NM_000548.5(TSC2):c.4552A>C (p.Ile1518Leu)')",0.0782,LBen,False
TSC2,NM_000548.5(TSC2):c.4554C>G (p.Ile1518Met),1518,Unannotated / linker,83.25,5.108318328857422,457.0,2.0,True,0.8846246520518659,True,agree: both flag,not provided; Hereditary cancer-predisposing syndrome; Tuberous sclerosis 2,"('TSC2', 'NM_000548.5(TSC2):c.4554C>G (p.Ile1518Met)')",0.1345,LBen,False
COL5A1,NM_000093.5(COL5A1):c.3511G>A (p.Gly1171Arg),1171,Disordered,36.84,4.879009246826172,318.0,1.0,True,0.8823630131400312,True,agree: both flag,"Ehlers-Danlos syndrome, classic type, 1","('COL5A1', 'NM_000093.5(COL5A1):c.3511G>A (p.Gly1171Arg)')",0.9644,LPath,True
ABCA4,NM_000350.3(ABCA4):c.6377C>T (p.Thr2126Ile),2126,ABC transporter 2,88.81,4.739635944366455,156.0,3.0,True,0.881397564271662,True,agree: both flag,not provided,"('ABCA4', 'NM_000350.3(ABCA4):c.6377C>T (p.Thr2126Ile)')",0.9801,LPath,True
COL5A1,NM_000093.5(COL5A1):c.3509A>G (p.Lys1170Arg),1170,Disordered,36.44,5.062907695770264,319.0,1.0,True,0.8748942830266373,True,agree: both flag,"Familial thoracic aortic aneurysm and aortic dissection; Ehlers-Danlos syndrome, classic type, 1","('COL5A1', 'NM_000093.5(COL5A1):c.3509A>G (p.Lys1170Arg)')",0.0964,LBen,False
MYO7A,NM_000260.4(MYO7A):c.1906A>G (p.Ile636Val),636,Myosin motor,89.44,4.694604873657227,531.0,1.0,True,0.867608705397093,True,agree: both flag,not provided,"('MYO7A', 'NM_000260.4(MYO7A):c.1906A>G (p.Ile636Val)')",0.1062,LBen,False
MYO7A,NM_000260.4(MYO7A):c.1906A>C (p.Ile636Leu),636,Myosin motor,89.44,4.694604873657227,531.0,1.0,True,0.867608705397093,True,agree: both flag,Inborn genetic diseases,"('MYO7A', 'NM_000260.4(MYO7A):c.1906A>C (p.Ile636Leu)')",0.2879,LBen,False
TSC2,NM_000548.5(TSC2):c.4556T>C (p.Leu1519Pro),1519,Unannotated / linker,84.94,4.423882007598877,459.0,1.0,True,0.8637475357509853,True,agree: both flag,Tuberous sclerosis 2,"('TSC2', 'NM_000548.5(TSC2):c.4556T>C (p.Leu1519Pro)')",0.7642,LPath,True
TSC2,NM_000548.5(TSC2):c.4556T>G (p.Leu1519Arg),1519,Unannotated / linker,84.94,4.423882007598877,459.0,1.0,True,0.8637475357509853,True,agree: both flag,Hereditary cancer-predisposing syndrome,"('TSC2', 'NM_000548.5(TSC2):c.4556T>G (p.Leu1519Arg)')",0.724,LPath,True
MSH2,NM_000251.3(MSH2):c.1856A>C (p.Tyr619Ser),619,Interaction with EXO1,98.44,4.591196537017822,77.0,3.0,True,0.8603888569805607,True,agree: both flag,Lynch syndrome 1; Muir-Torré syndrome; Mismatch repair cancer syndrome 2,"('MSH2', 'NM_000251.3(MSH2):c.1856A>C (p.Tyr619Ser)')",0.9103,LPath,True
ABCA4,NM_000350.3(ABCA4):c.5665T>A (p.Tyr1889Asn),1889,Unannotated / linker,90.56,5.24802827835083,112.0,3.0,True,0.8566822178988398,True,agree: both flag,not provided,"('ABCA4', 'NM_000350.3(ABCA4):c.5665T>A (p.Tyr1889Asn)')",0.6831,LPath,True
SCN1A,NM_001165963.4(SCN1A):c.49T>A (p.Phe17Ile),17,Unannotated / linker,83.94,4.537169456481934,60.0,3.0,True,0.8551916856383588,True,agree: both flag,Early-infantile DEE,"('SCN1A', 'NM_001165963.4(SCN1A):c.49T>A (p.Phe17Ile)')",0.804,LPath,True
MYO7A,NM_000260.4(MYO7A):c.1300G>A (p.Gly434Ser),434,Myosin motor,91.75,4.195679187774658,216.0,2.0,True,0.8545852533206215,True,agree: both flag,not provided,"('MYO7A', 'NM_000260.4(MYO7A):c.1300G>A (p.Gly434Ser)')",0.9188,LPath,True
MLH1,NM_000249.4(MLH1):c.314C>A (p.Ala105Asp),105,Unannotated / linker,91.62,4.423670291900635,28.0,3.0,True,0.8451196327886392,True,agree: both flag,Hereditary nonpolyposis colorectal neoplasms,"('MLH1', 'NM_000249.4(MLH1):c.314C>A (p.Ala105Asp)')",0.9983,LPath,True
MLH1,NM_000249.4(MLH1):c.314C>T (p.Ala105Val),105,Unannotated / linker,91.62,4.423670291900635,28.0,3.0,True,0.8451196327886392,True,agree: both flag,Hereditary cancer-predisposing syndrome; not specified; Hereditary nonpolyposis colorectal neoplasms,"('MLH1', 'NM_000249.4(MLH1):c.314C>T (p.Ala105Val)')",0.9891,LPath,True
MLH1,NM_000249.4(MLH1):c.313G>T (p.Ala105Ser),105,Unannotated / linker,91.62,4.423670291900635,28.0,3.0,True,0.8451196327886392,True,agree: both flag,Hereditary nonpolyposis colorectal neoplasms; Hereditary cancer-predisposing syndrome,"('MLH1', 'NM_000249.4(MLH1):c.313G>T (p.Ala105Ser)')",0.2577,LBen,False
MLH1,NM_000249.4(MLH1):c.313G>A (p.Ala105Thr),105,Unannotated / linker,91.62,4.423670291900635,28.0,3.0,True,0.8451196327886392,True,agree: both flag,Hereditary nonpolyposis colorectal neoplasms,"('MLH1', 'NM_000249.4(MLH1):c.313G>A (p.Ala105Thr)')",0.9758,LPath,True
LDLR,NM_000527.5(LDLR):c.2125A>G (p.Arg709Gly),709,EGF-like 3,89.69,4.637969970703125,32.0,3.0,True,0.8431960149825122,True,agree: both flag,"Hypercholesterolemia, familial, 1","('LDLR', 'NM_000527.5(LDLR):c.2125A>G (p.Arg709Gly)')",0.4407,Amb,False
LDLR,NM_000527.5(LDLR):c.2126G>A (p.Arg709Lys),709,EGF-like 3,89.69,4.637969970703125,32.0,3.0,True,0.8431960149825122,True,agree: both flag,"Hypercholesterolemia, familial, 1","('LDLR', 'NM_000527.5(LDLR):c.2126G>A (p.Arg709Lys)')",0.113,LBen,False
MSH2,NM_000251.3(MSH2):c.440T>A (p.Val147Asp),147,Unannotated / linker,92.38,5.051132678985596,51.0,3.0,True,0.8427480396342889,True,agree: both flag,Hereditary cancer-predisposing syndrome,"('MSH2', 'NM_000251.3(MSH2):c.440T>A (p.Val147Asp)')",0.9798,LPath,True
LDLR,NM_000527.5(LDLR):c.1906G>A (p.Gly636Ser),636,LDL-receptor class B 6,87.25,4.894781589508057,37.0,3.0,True,0.8407235775249949,True,agree: both flag,"Hypercholesterolemia, familial, 1","('LDLR', 'NM_000527.5(LDLR):c.1906G>A (p.Gly636Ser)')",0.4368,Amb,False
LDLR,NM_000527.5(LDLR):c.1907G>T (p.Gly636Val),636,LDL-receptor class B 6,87.25,4.894781589508057,37.0,3.0,True,0.8407235775249949,True,agree: both flag,"Hypercholesterolemia, familial, 1","('LDLR', 'NM_000527.5(LDLR):c.1907G>T (p.Gly636Val)')",0.8881,LPath,True
LDLR,NM_000527.5(LDLR):c.1907G>A (p.Gly636Asp),636,LDL-receptor class B 6,87.25,4.894781589508057,37.0,3.0,True,0.8407235775249949,True,agree: both flag,"Hypercholesterolemia, familial, 1","('LDLR', 'NM_000527.5(LDLR):c.1907G>A (p.Gly636Asp)')",0.8879,LPath,True
BRCA1,NM_007294.4(BRCA1):c.5284A>T (p.Arg1762Trp),1762,BRCT domain 2,91.38,4.657547473907471,26.0,3.0,True,0.8406767967041094,True,agree: both flag,Hereditary breast ovarian cancer syndrome,"('BRCA1', 'NM_007294.4(BRCA1):c.5284A>T (p.Arg1762Trp)')",0.1361,LBen,False
TP53,NM_000546.6(TP53):c.767C>T (p.Thr256Ile),256,DNA-binding domain,98.69,4.408700466156006,11.0,3.0,True,0.8385154720872731,True,agree: both flag,"Li-Fraumeni syndrome, Hereditary cancer-predisposing syndrome","('TP53', 'NM_000546.6(TP53):c.767C>T (p.Thr256Ile)')",0.975,LPath,True
TP53,NM_000546.6(TP53):c.767C>A (p.Thr256Lys),256,DNA-binding domain,98.69,4.408700466156006,11.0,3.0,True,0.8385154720872731,True,agree: both flag,Li-Fraumeni syndrome,"('TP53', 'NM_000546.6(TP53):c.767C>A (p.Thr256Lys)')",0.9946,LPath,True
BRCA1,NM_007294.4(BRCA1):c.5281T>C (p.Phe1761Leu),1761,BRCT domain 2,95.0,4.855611801147461,28.0,3.0,True,0.8383958883908548,True,agree: both flag,Hereditary cancer-predisposing syndrome,"('BRCA1', 'NM_007294.4(BRCA1):c.5281T>C (p.Phe1761Leu)')",0.9262,LPath,True
VHL,NM_000551.4(VHL):c.325A>G (p.Ile109Val),109,Involved in binding to CCT complex,97.56,5.124265670776367,35.0,3.0,True,0.8365090620962207,True,agree: both flag,not provided,"('VHL', 'NM_000551.4(VHL):c.325A>G (p.Ile109Val)')",0.3655,Amb,False
ABCA4,NM_000350.3(ABCA4):c.3428C>A (p.Thr1143Asn),1143,ABC transporter 1,79.25,4.620891094207764,14.0,3.0,True,0.8363914282833097,True,agree: both flag,not provided,"('ABCA4', 'NM_000350.3(ABCA4):c.3428C>A (p.Thr1143Asn)')",0.2286,LBen,False
TP53,NM_000546.6(TP53):c.647T>A (p.Val216Glu),216,DNA-binding domain,97.81,4.585881233215332,11.0,3.0,True,0.836084492524065,True,agree: both flag,"Hereditary cancer-predisposing syndrome, Li-Fraumeni syndrome","('TP53', 'NM_000546.6(TP53):c.647T>A (p.Val216Glu)')",0.9979,LPath,True
ABCA4,NM_000350.3(ABCA4):c.2318A>G (p.Tyr773Cys),773,Unannotated / linker,83.31,5.000435829162598,26.0,3.0,True,0.8352228549014412,True,agree: both flag,Age related macular degeneration 2,"('ABCA4', 'NM_000350.3(ABCA4):c.2318A>G (p.Tyr773Cys)')",0.3672,Amb,False
ABCA4,NM_000350.3(ABCA4):c.2782G>T (p.Gly928Trp),928,Unannotated / linker,83.0,5.005873203277588,26.0,3.0,True,0.8351327821100245,True,agree: both flag,Retinal dystrophy; not provided,"('ABCA4', 'NM_000350.3(ABCA4):c.2782G>T (p.Gly928Trp)')",0.9532,LPath,True
COL2A1,NM_001844.5(COL2A1):c.2593C>T (p.Pro865Ser),865,Disordered,34.53,5.966331481933594,305.0,1.0,True,0.8341526982176829,True,agree: both flag,not provided,"('COL2A1', 'NM_001844.5(COL2A1):c.2593C>T (p.Pro865Ser)')",0.0973,LBen,False
ENG,NM_001114753.3(ENG):c.1172A>G (p.Asp391Gly),391,ZP,88.0,5.075579643249512,21.0,3.0,True,0.8325143802052924,True,agree: both flag,Hereditary hemorrhagic telangiectasia,"('ENG', 'NM_001114753.3(ENG):c.1172A>G (p.Asp391Gly)')",0.8239,LPath,True
ENG,NM_001114753.3(ENG):c.1171G>C (p.Asp391His),391,ZP,88.0,5.075579643249512,21.0,3.0,True,0.8325143802052924,True,agree: both flag,Hereditary hemorrhagic telangiectasia,"('ENG', 'NM_001114753.3(ENG):c.1171G>C (p.Asp391His)')",0.7042,LPath,True
LDLR,NM_000527.5(LDLR):c.371G>C (p.Arg124Pro),124,LDL-receptor class A 3,76.19,4.921597480773926,11.0,3.0,True,0.8310395771378258,True,agree: both flag,"Familial hypercholesterolemia; Hypercholesterolemia, familial, 1","('LDLR', 'NM_000527.5(LDLR):c.371G>C (p.Arg124Pro)')",0.1887,LBen,False
MYO7A,NM_000260.4(MYO7A):c.1297A>G (p.Ile433Val),433,Myosin motor,92.69,5.3002400398254395,280.0,2.0,True,0.8262039369996693,True,agree: both flag,not provided,"('MYO7A', 'NM_000260.4(MYO7A):c.1297A>G (p.Ile433Val)')",0.1252,LBen,False
MSH2,NM_000251.3(MSH2):c.452A>C (p.Lys151Thr),151,Unannotated / linker,93.88,5.3222150802612305,11.0,3.0,True,0.8258956820199185,True,agree: both flag,Hereditary cancer-predisposing syndrome; Hereditary nonpolyposis colorectal neoplasms,"('MSH2', 'NM_000251.3(MSH2):c.452A>C (p.Lys151Thr)')",0.6489,LPath,True
MSH6,NM_000179.3(MSH6):c.1546A>T (p.Ile516Phe),516,Unannotated / linker,97.88,4.498068809509277,178.0,2.0,True,0.8249106581040525,True,agree: both flag,Hereditary cancer-predisposing syndrome,"('MSH6', 'NM_000179.3(MSH6):c.1546A>T (p.Ile516Phe)')",0.422,Amb,False
MSH6,NM_000179.3(MSH6):c.1548C>G (p.Ile516Met),516,Unannotated / linker,97.88,4.498068809509277,178.0,2.0,True,0.8249106581040525,True,agree: both flag,Hereditary cancer-predisposing syndrome,"('MSH6', 'NM_000179.3(MSH6):c.1548C>G (p.Ile516Met)')",0.1824,LBen,False
MSH6,NM_000179.3(MSH6):c.2363T>C (p.Ile788Thr),788,Unannotated / linker,94.94,4.495456218719482,369.0,1.0,True,0.8226269214427211,True,agree: both flag,Hereditary cancer-predisposing syndrome; not provided,"('MSH6', 'NM_000179.3(MSH6):c.2363T>C (p.Ile788Thr)')",0.9111,LPath,True
MSH6,NM_000179.3(MSH6):c.2362A>G (p.Ile788Val),788,Unannotated / linker,94.94,4.495456218719482,369.0,1.0,True,0.8226269214427211,True,agree: both flag,Inherited polyposis and early onset colorectal cancer - germline testing; Hereditary nonpolyposis colorectal neoplasms; Hereditary cancer-predisposing syndrome; Lynch syndrome 5,"('MSH6', 'NM_000179.3(MSH6):c.2362A>G (p.Ile788Val)')",0.1361,LBen,False
MYBPC3,NM_000256.3(MYBPC3):c.592G>A (p.Asp198Asn),198,Ig-like C2-type 1,87.12,5.707703113555908,333.0,2.0,True,0.8221968497024015,True,agree: both flag,Left ventricular noncompaction 10; Hypertrophic cardiomyopathy 4; Cardiomyopathy,"('MYBPC3', 'NM_000256.3(MYBPC3):c.592G>A (p.Asp198Asn)')",0.2914,LBen,False
MYBPC3,NM_000256.3(MYBPC3):c.594C>A (p.Asp198Glu),198,Ig-like C2-type 1,87.12,5.707703113555908,333.0,2.0,True,0.8221968497024015,True,agree: both flag,Cardiomyopathy; Hypertrophic cardiomyopathy,"('MYBPC3', 'NM_000256.3(MYBPC3):c.594C>A (p.Asp198Glu)')",0.4975,Amb,False
ABCA4,NM_000350.3(ABCA4):c.1196T>C (p.Leu399Pro),399,Unannotated / linker,94.12,4.513008117675781,151.0,2.0,True,0.8122978842761864,True,agree: both flag,Inborn genetic diseases,"('ABCA4', 'NM_000350.3(ABCA4):c.1196T>C (p.Leu399Pro)')",0.8378,LPath,True
TSC2,NM_000548.5(TSC2):c.4655A>G (p.Glu1552Gly),1552,Rap-GAP,85.06,3.936871290206909,101.0,2.0,True,0.8090215106921206,True,agree: both flag,Hereditary cancer-predisposing syndrome; Tuberous sclerosis 2,"('TSC2', 'NM_000548.5(TSC2):c.4655A>G (p.Glu1552Gly)')",0.283,LBen,False
TSC2,NM_000548.5(TSC2):c.4655_4656delinsGC (p.Glu1552Gly),1552,Rap-GAP,85.06,3.936871290206909,101.0,2.0,True,0.8090215106921206,True,agree: both flag,Isolated focal cortical dysplasia type II; not provided,"('TSC2', 'NM_000548.5(TSC2):c.4655_4656delinsGC (p.Glu1552Gly)')",0.283,LBen,False
TSC2,NM_000548.5(TSC2):c.4656A>T (p.Glu1552Asp),1552,Rap-GAP,85.06,3.936871290206909,101.0,2.0,True,0.8090215106921206,True,agree: both flag,Tuberous sclerosis 2,"('TSC2', 'NM_000548.5(TSC2):c.4656A>T (p.Glu1552Asp)')",0.2376,LBen,False
ABCA4,NM_000350.3(ABCA4):c.4948G>A (p.Glu1650Lys),1650,Unannotated / linker,84.25,5.260555267333984,212.0,2.0,True,0.8053685740215173,True,agree: both flag,Inborn genetic diseases; not provided,"('ABCA4', 'NM_000350.3(ABCA4):c.4948G>A (p.Glu1650Lys)')",0.1408,LBen,False
PMS2,NM_000535.7(PMS2):c.460G>C (p.Gly154Arg),154,Unannotated / linker,96.31,3.896627426147461,80.0,2.0,True,0.7982566475597744,True,agree: both flag,Hereditary cancer-predisposing syndrome,"('PMS2', 'NM_000535.7(PMS2):c.460G>C (p.Gly154Arg)')",0.993,LPath,True
PMS2,NM_000535.7(PMS2):c.460G>A (p.Gly154Arg),154,Unannotated / linker,96.31,3.896627426147461,80.0,2.0,True,0.7982566475597744,True,agree: both flag,Hereditary cancer-predisposing syndrome,"('PMS2', 'NM_000535.7(PMS2):c.460G>A (p.Gly154Arg)')",0.993,LPath,True
ABCA4,NM_000350.3(ABCA4):c.4252A>G (p.Ser1418Gly),1418,Unannotated / linker,90.38,4.372919082641602,108.0,2.0,True,0.7969787641901954,True,agree: both flag,not provided,"('ABCA4', 'NM_000350.3(ABCA4):c.4252A>G (p.Ser1418Gly)')",0.3573,Amb,False
ABCA4,NM_000350.3(ABCA4):c.974G>T (p.Gly325Val),325,Unannotated / linker,63.47,3.831140995025635,225.0,1.0,True,0.7964853316533034,True,agree: both flag,Inborn genetic diseases; not provided,"('ABCA4', 'NM_000350.3(ABCA4):c.974G>T (p.Gly325Val)')",0.7431,LPath,True
TP53,NM_000546.6(TP53):c.280T>A (p.Ser94Thr),94,Disordered (TAD2/proline-rich linker),75.81,5.250022888183594,77.0,1.0,True,0.7930693543814685,True,agree: both flag,Li-Fraumeni syndrome,"('TP53', 'NM_000546.6(TP53):c.280T>A (p.Ser94Thr)')",0.1639,LBen,False
SCN8A,NM_001330260.2(SCN8A):c.2323C>T (p.His775Tyr),775,II,89.25,5.852187633514404,575.0,1.0,True,0.7897760775659568,True,agree: both flag,Early-infantile DEE,"('SCN8A', 'NM_001330260.2(SCN8A):c.2323C>T (p.His775Tyr)')",0.1566,LBen,False
ABCA4,NM_000350.3(ABCA4):c.1192A>G (p.Ile398Val),398,Unannotated / linker,92.12,4.857470512390137,127.0,2.0,True,0.7885346156931416,True,agree: both flag,not provided,"('ABCA4', 'NM_000350.3(ABCA4):c.1192A>G (p.Ile398Val)')",0.1411,LBen,False
SCN2A,NM_001040142.2(SCN2A):c.2329_2330delinsAG (p.Ala777Ser),777,II,89.56,5.875679016113281,576.0,1.0,True,0.7881753004442852,True,agree: both flag,not provided,"('SCN2A', 'NM_001040142.2(SCN2A):c.2329_2330delinsAG (p.Ala777Ser)')",0.5032,Amb,False
LDLR,NM_000527.5(LDLR):c.1583A>G (p.His528Arg),528,LDL-receptor class B 3,91.75,5.387417316436768,158.0,2.0,True,0.7814221333899902,True,agree: both flag,Familial hypercholesterolemia,"('LDLR', 'NM_000527.5(LDLR):c.1583A>G (p.His528Arg)')",0.0575,LBen,False
TSC2,NM_000548.5(TSC2):c.4652G>C (p.Gly1551Ala),1551,Rap-GAP,89.62,4.843456268310547,102.0,2.0,True,0.7779403361145748,True,agree: both flag,Hereditary cancer-predisposing syndrome,"('TSC2', 'NM_000548.5(TSC2):c.4652G>C (p.Gly1551Ala)')",0.4535,Amb,False
TSC2,NM_000548.5(TSC2):c.4652G>A (p.Gly1551Glu),1551,Rap-GAP,89.62,4.843456268310547,102.0,2.0,True,0.7779403361145748,True,agree: both flag,Tuberous sclerosis 2,"('TSC2', 'NM_000548.5(TSC2):c.4652G>A (p.Gly1551Glu)')",0.9123,LPath,True
SCN1A,NM_001165963.4(SCN1A):c.2285A>T (p.Asn762Ile),762,II,85.81,4.2327494621276855,59.0,2.0,True,0.7749072320244674,True,agree: both flag,Inborn genetic diseases,"('SCN1A', 'NM_001165963.4(SCN1A):c.2285A>T (p.Asn762Ile)')",0.4563,Amb,False
SCN1A,NM_001165963.4(SCN1A):c.2284A>G (p.Asn762Asp),762,II,85.81,4.2327494621276855,59.0,2.0,True,0.7749072320244674,True,agree: both flag,Early-infantile DEE,"('SCN1A', 'NM_001165963.4(SCN1A):c.2284A>G (p.Asn762Asp)')",0.2733,LBen,False
SCN1A,NM_001165963.4(SCN1A):c.2284A>T (p.Asn762Tyr),762,II,85.81,4.2327494621276855,59.0,2.0,True,0.7749072320244674,True,agree: both flag,not provided,"('SCN1A', 'NM_001165963.4(SCN1A):c.2284A>T (p.Asn762Tyr)')",0.1561,LBen,False
RB1,NM_000321.3(RB1):c.1025C>T (p.Thr342Ile),342,Unannotated / linker,93.5,4.065821647644043,215.0,1.0,True,0.7742407336413204,True,agree: both flag,Hereditary cancer-predisposing syndrome; Retinoblastoma,"('RB1', 'NM_000321.3(RB1):c.1025C>T (p.Thr342Ile)')",0.3536,Amb,False
RB1,NM_000321.3(RB1):c.1024A>T (p.Thr342Ser),342,Unannotated / linker,93.5,4.065821647644043,215.0,1.0,True,0.7742407336413204,True,agree: both flag,not provided; not specified; Hereditary cancer-predisposing syndrome; Retinoblastoma,"('RB1', 'NM_000321.3(RB1):c.1024A>T (p.Thr342Ser)')",0.1977,LBen,False
MSH6,NM_000179.3(MSH6):c.2372G>C (p.Arg791Pro),791,Unannotated / linker,97.12,5.172011852264404,366.0,1.0,True,0.7708490147717152,True,agree: both flag,Hereditary cancer-predisposing syndrome,"('MSH6', 'NM_000179.3(MSH6):c.2372G>C (p.Arg791Pro)')",0.9968,LPath,True
MSH6,NM_000179.3(MSH6):c.2371C>G (p.Arg791Gly),791,Unannotated / linker,97.12,5.172011852264404,366.0,1.0,True,0.7708490147717152,True,agree: both flag,Hereditary nonpolyposis colorectal neoplasms,"('MSH6', 'NM_000179.3(MSH6):c.2371C>G (p.Arg791Gly)')",0.9877,LPath,True
MSH6,NM_000179.3(MSH6):c.2371C>T (p.Arg791Cys),791,Unannotated / linker,97.12,5.172011852264404,366.0,1.0,True,0.7708490147717152,True,agree: both flag,Mismatch repair cancer syndrome 3; Endometrial carcinoma; Lynch syndrome 5; Hereditary nonpolyposis colorectal neoplasms; Hereditary cancer-predisposing syndrome; Endometrial carcinoma,"('MSH6', 'NM_000179.3(MSH6):c.2371C>T (p.Arg791Cys)')",0.8587,LPath,True
MSH6,NM_000179.3(MSH6):c.2371C>A (p.Arg791Ser),791,Unannotated / linker,97.12,5.172011852264404,366.0,1.0,True,0.7708490147717152,True,agree: both flag,Hereditary cancer-predisposing syndrome,"('MSH6', 'NM_000179.3(MSH6):c.2371C>A (p.Arg791Ser)')",0.9945,LPath,True
MSH2,NM_000251.3(MSH2):c.905T>G (p.Leu302Trp),302,Unannotated / linker,92.62,5.393620491027832,406.0,1.0,True,0.7699322555700833,True,agree: both flag,Hereditary nonpolyposis colorectal neoplasms,"('MSH2', 'NM_000251.3(MSH2):c.905T>G (p.Leu302Trp)')",0.9704,LPath,True
MSH2,NM_000251.3(MSH2):c.905T>C (p.Leu302Ser),302,Unannotated / linker,92.62,5.393620491027832,406.0,1.0,True,0.7699322555700833,True,agree: both flag,Hereditary nonpolyposis colorectal neoplasms; Hereditary cancer-predisposing syndrome; not provided; Lynch syndrome 1,"('MSH2', 'NM_000251.3(MSH2):c.905T>C (p.Leu302Ser)')",0.9876,LPath,True
MSH2,NM_000251.3(MSH2):c.906G>C (p.Leu302Phe),302,Unannotated / linker,92.62,5.393620491027832,406.0,1.0,True,0.7699322555700833,True,agree: both flag,Hereditary nonpolyposis colorectal neoplasms,"('MSH2', 'NM_000251.3(MSH2):c.906G>C (p.Leu302Phe)')",0.8726,LPath,True
PMS2,NM_000535.7(PMS2):c.2435G>T (p.Cys812Phe),812,Unannotated / linker,85.44,5.2984619140625,107.0,2.0,True,0.7651835447193789,True,agree: both flag,Lynch syndrome 4; Mismatch repair cancer syndrome 4; Hereditary nonpolyposis colorectal neoplasms; Hereditary cancer-predisposing syndrome; not provided; Lynch syndrome 4,"('PMS2', 'NM_000535.7(PMS2):c.2435G>T (p.Cys812Phe)')",0.9883,LPath,True
PMS2,NM_000535.7(PMS2):c.2435G>A (p.Cys812Tyr),812,Unannotated / linker,85.44,5.2984619140625,107.0,2.0,True,0.7651835447193789,True,agree: both flag,Hereditary cancer-predisposing syndrome; Hereditary nonpolyposis colorectal neoplasms,"('PMS2', 'NM_000535.7(PMS2):c.2435G>A (p.Cys812Tyr)')",0.9961,LPath,True
PMS2,NM_000535.7(PMS2):c.2434T>C (p.Cys812Arg),812,Unannotated / linker,85.44,5.2984619140625,107.0,2.0,True,0.7651835447193789,True,agree: both flag,Hereditary nonpolyposis colorectal neoplasms; Hereditary cancer-predisposing syndrome,"('PMS2', 'NM_000535.7(PMS2):c.2434T>C (p.Cys812Arg)')",0.9976,LPath,True
ENG,NM_001114753.3(ENG):c.475G>C (p.Ala159Pro),159,Required for interaction with GDF2,96.06,5.297107696533203,106.0,2.0,True,0.7651224534714635,True,agree: both flag,Hereditary hemorrhagic telangiectasia,"('ENG', 'NM_001114753.3(ENG):c.475G>C (p.Ala159Pro)')",0.8122,LPath,True
ENG,NM_001114753.3(ENG):c.475G>T (p.Ala159Ser),159,Required for interaction with GDF2,96.06,5.297107696533203,106.0,2.0,True,0.7651224534714635,True,agree: both flag,Hereditary hemorrhagic telangiectasia,"('ENG', 'NM_001114753.3(ENG):c.475G>T (p.Ala159Ser)')",0.1428,LBen,False
ABCA4,NM_000350.3(ABCA4):c.4239G>C (p.Gln1413His),1413,Unannotated / linker,83.44,5.309086799621582,107.0,2.0,True,0.7647901099378096,True,agree: both flag,not provided,"('ABCA4', 'NM_000350.3(ABCA4):c.4239G>C (p.Gln1413His)')",0.8119,LPath,True
MSH6,NM_000179.3(MSH6):c.1270G>A (p.Val424Ile),424,Unannotated / linker,98.25,4.786152362823486,56.0,2.0,True,0.7583372031559868,True,agree: both flag,Lynch syndrome; Hereditary cancer-predisposing syndrome; Lynch syndrome 5; Endometrial carcinoma; Mismatch repair cancer syndrome 1; Endometrial carcinoma; Hereditary nonpolyposis colorectal neoplasms,"('MSH6', 'NM_000179.3(MSH6):c.1270G>A (p.Val424Ile)')",0.0849,LBen,False
MSH6,NM_000179.3(MSH6):c.1271T>C (p.Val424Ala),424,Unannotated / linker,98.25,4.786152362823486,56.0,2.0,True,0.7583372031559868,True,agree: both flag,Hereditary cancer-predisposing syndrome; Lynch syndrome; Hereditary nonpolyposis colorectal neoplasms,"('MSH6', 'NM_000179.3(MSH6):c.1271T>C (p.Val424Ala)')",0.889,LPath,True
LDLR,NM_000527.5(LDLR):c.1402G>A (p.Val468Ile),468,LDL-receptor class B 2,93.69,4.392460346221924,37.0,2.0,True,0.7582473233639005,True,agree: both flag,"Hypercholesterolemia, familial, 1","('LDLR', 'NM_000527.5(LDLR):c.1402G>A (p.Val468Ile)')",0.065,LBen,False
LDLR,NM_000527.5(LDLR):c.1403T>A (p.Val468Asp),468,LDL-receptor class B 2,93.69,4.392460346221924,37.0,2.0,True,0.7582473233639005,True,agree: both flag,"Hypercholesterolemia, familial, 1","('LDLR', 'NM_000527.5(LDLR):c.1403T>A (p.Val468Asp)')",0.9588,LPath,True
LDLR,NM_000527.5(LDLR):c.1403T>C (p.Val468Ala),468,LDL-receptor class B 2,93.69,4.392460346221924,37.0,2.0,True,0.7582473233639005,True,agree: both flag,Familial hypercholesterolemia,"('LDLR', 'NM_000527.5(LDLR):c.1403T>C (p.Val468Ala)')",0.7003,LPath,True
BRCA1,NM_007294.4(BRCA1):c.224A>T (p.Glu75Val),75,Unannotated / linker,88.88,4.4770989418029785,40.0,2.0,True,0.7577211792453618,True,agree: both flag,"Hereditary cancer-predisposing syndrome, Hereditary breast ovarian cancer syndrome","('BRCA1', 'NM_007294.4(BRCA1):c.224A>T (p.Glu75Val)')",0.5056,Amb,False
BRCA1,NM_007294.4(BRCA1):c.223G>C (p.Glu75Gln),75,Unannotated / linker,88.88,4.4770989418029785,40.0,2.0,True,0.7577211792453618,True,agree: both flag,Hereditary breast ovarian cancer syndrome,"('BRCA1', 'NM_007294.4(BRCA1):c.223G>C (p.Glu75Gln)')",0.3235,LBen,False
TSC2,NM_000548.5(TSC2):c.4558C>G (p.Leu1520Val),1520,Unannotated / linker,83.88,5.8075690269470215,460.0,1.0,True,0.7575415906784059,True,agree: both flag,Hereditary cancer-predisposing syndrome,"('TSC2', 'NM_000548.5(TSC2):c.4558C>G (p.Leu1520Val)')",0.1099,LBen,False
TSC2,NM_000548.5(TSC2):c.4828T>G (p.Trp1610Gly),1610,Rap-GAP,91.25,4.313307762145996,31.0,2.0,True,0.7565865901896969,True,agree: both flag,Tuberous sclerosis 2,"('TSC2', 'NM_000548.5(TSC2):c.4828T>G (p.Trp1610Gly)')",0.9835,LPath,True
TSC2,NM_000548.5(TSC2):c.4829G>T (p.Trp1610Leu),1610,Rap-GAP,91.25,4.313307762145996,31.0,2.0,True,0.7565865901896969,True,agree: both flag,Tuberous sclerosis 2,"('TSC2', 'NM_000548.5(TSC2):c.4829G>T (p.Trp1610Leu)')",0.9809,LPath,True
PMS2,NM_000535.7(PMS2):c.464C>T (p.Thr155Ile),155,Unannotated / linker,97.19,5.328256607055664,85.0,2.0,True,0.7559116491188443,True,agree: both flag,Hereditary nonpolyposis colorectal neoplasms; Hereditary cancer-predisposing syndrome,"('PMS2', 'NM_000535.7(PMS2):c.464C>T (p.Thr155Ile)')",0.9576,LPath,True
MSH6,NM_000179.3(MSH6):c.2375T>G (p.Leu792Arg),792,Unannotated / linker,97.31,5.385964393615723,365.0,1.0,True,0.7550012113627481,True,agree: both flag,Hereditary nonpolyposis colorectal neoplasms,"('MSH6', 'NM_000179.3(MSH6):c.2375T>G (p.Leu792Arg)')",0.7436,LPath,True
MSH6,NM_000179.3(MSH6):c.2374C>G (p.Leu792Val),792,Unannotated / linker,97.31,5.385964393615723,365.0,1.0,True,0.7550012113627481,True,agree: both flag,Lynch syndrome,"('MSH6', 'NM_000179.3(MSH6):c.2374C>G (p.Leu792Val)')",0.4217,Amb,False
TSC2,NM_000548.5(TSC2):c.4550C>G (p.Pro1517Arg),1517,Unannotated / linker,82.56,5.826752185821533,456.0,1.0,True,0.7547447141032871,True,agree: both flag,not provided; Tuberous sclerosis 2,"('TSC2', 'NM_000548.5(TSC2):c.4550C>G (p.Pro1517Arg)')",0.9932,LPath,True
PTEN,NM_000314.8(PTEN):c.650T>G (p.Val217Gly),217,C2 (tensin-type) domain,98.69,4.643876552581787,38.0,2.0,True,0.7528599657855254,True,agree: both flag,"Hereditary cancer-predisposing syndrome, PTEN hamartoma tumor syndrome","('PTEN', 'NM_000314.8(PTEN):c.650T>G (p.Val217Gly)')",0.9935,LPath,True
PTEN,NM_000314.8(PTEN):c.649G>C (p.Val217Leu),217,C2 (tensin-type) domain,98.69,4.643876552581787,38.0,2.0,True,0.7528599657855254,True,agree: both flag,PTEN hamartoma tumor syndrome,"('PTEN', 'NM_000314.8(PTEN):c.649G>C (p.Val217Leu)')",0.865,LPath,True
PTEN,NM_000314.8(PTEN):c.648_650delinsTGG (p.Val217Gly),217,C2 (tensin-type) domain,98.69,4.643876552581787,38.0,2.0,True,0.7528599657855254,True,agree: both flag,Hereditary cancer-predisposing syndrome,"('PTEN', 'NM_000314.8(PTEN):c.648_650delinsTGG (p.Val217Gly)')",0.9935,LPath,True
MYO7A,NM_000260.4(MYO7A):c.119A>G (p.Asp40Gly),40,Unannotated / linker,85.0,3.981891632080078,14.0,2.0,True,0.7528503140916435,True,agree: both flag,not provided,"('MYO7A', 'NM_000260.4(MYO7A):c.119A>G (p.Asp40Gly)')",0.9419,LPath,True
ABCA4,NM_000350.3(ABCA4):c.2798A>T (p.Asn933Ile),933,ABC transporter 1,86.19,4.1139984130859375,15.0,2.0,True,0.7508857858885153,True,agree: both flag,Retinitis pigmentosa 40,"('ABCA4', 'NM_000350.3(ABCA4):c.2798A>T (p.Asn933Ile)')",0.8042,LPath,True
MSH6,NM_000179.3(MSH6):c.1276T>G (p.Cys426Gly),426,Unannotated / linker,97.94,5.170748710632324,56.0,2.0,True,0.7482587864219616,True,agree: both flag,Hereditary cancer-predisposing syndrome,"('MSH6', 'NM_000179.3(MSH6):c.1276T>G (p.Cys426Gly)')",0.5911,LPath,True
MSH6,NM_000179.3(MSH6):c.1277G>A (p.Cys426Tyr),426,Unannotated / linker,97.94,5.170748710632324,56.0,2.0,True,0.7482587864219616,True,agree: both flag,Hereditary nonpolyposis colorectal neoplasms,"('MSH6', 'NM_000179.3(MSH6):c.1277G>A (p.Cys426Tyr)')",0.6934,LPath,True
MYO7A,NM_000260.4(MYO7A):c.4481A>G (p.Asn1494Ser),1494,FERM 1,89.75,4.495359420776367,23.0,2.0,True,0.747852824477942,True,agree: both flag,not provided,"('MYO7A', 'NM_000260.4(MYO7A):c.4481A>G (p.Asn1494Ser)')",0.7225,LPath,True
MSH2,NM_000251.3(MSH2):c.667C>G (p.Leu223Val),223,Unannotated / linker,88.44,4.546609878540039,25.0,2.0,True,0.7478181698801337,True,agree: both flag,Hereditary nonpolyposis colorectal neoplasms; not specified,"('MSH2', 'NM_000251.3(MSH2):c.667C>G (p.Leu223Val)')",0.2213,LBen,False
BRCA1,NM_007294.4(BRCA1):c.5419A>C (p.Ile1807Leu),1807,BRCT domain 2,94.5,4.944842338562012,41.0,2.0,True,0.7470136667518799,True,agree: both flag,"Hereditary cancer-predisposing syndrome, Hereditary breast ovarian cancer syndrome","('BRCA1', 'NM_007294.4(BRCA1):c.5419A>C (p.Ile1807Leu)')",0.1513,LBen,False
MSH2,NM_000251.3(MSH2):c.2342C>T (p.Ala781Val),781,Unannotated / linker,92.5,4.802622318267822,33.0,2.0,True,0.7464025350544988,True,agree: both flag,not specified,"('MSH2', 'NM_000251.3(MSH2):c.2342C>T (p.Ala781Val)')",0.9918,LPath,True
MSH2,NM_000251.3(MSH2):c.2341G>A (p.Ala781Thr),781,Unannotated / linker,92.5,4.802622318267822,33.0,2.0,True,0.7464025350544988,True,agree: both flag,Hereditary nonpolyposis colorectal neoplasms; Hereditary cancer-predisposing syndrome; Lynch syndrome,"('MSH2', 'NM_000251.3(MSH2):c.2341G>A (p.Ala781Thr)')",0.9567,LPath,True
SCN8A,NM_001330260.2(SCN8A):c.1193G>C (p.Gly398Ala),398,I,81.69,4.745851516723633,31.0,2.0,True,0.7463763352775475,True,agree: both flag,Early-infantile DEE,"('SCN8A', 'NM_001330260.2(SCN8A):c.1193G>C (p.Gly398Ala)')",0.8975,LPath,True
MSH2,NM_000251.3(MSH2):c.1649A>T (p.Lys550Ile),550,Unannotated / linker,92.25,4.642810821533203,26.0,2.0,True,0.7463642075653738,True,agree: both flag,Hereditary cancer-predisposing syndrome,"('MSH2', 'NM_000251.3(MSH2):c.1649A>T (p.Lys550Ile)')",0.9574,LPath,True
MSH2,NM_000251.3(MSH2):c.1649A>C (p.Lys550Thr),550,Unannotated / linker,92.25,4.642810821533203,26.0,2.0,True,0.7463642075653738,True,agree: both flag,Hereditary cancer-predisposing syndrome,"('MSH2', 'NM_000251.3(MSH2):c.1649A>C (p.Lys550Thr)')",0.96,LPath,True
MSH2,NM_000251.3(MSH2):c.1648A>G (p.Lys550Glu),550,Unannotated / linker,92.25,4.642810821533203,26.0,2.0,True,0.7463642075653738,True,agree: both flag,Hereditary nonpolyposis colorectal neoplasms,"('MSH2', 'NM_000251.3(MSH2):c.1648A>G (p.Lys550Glu)')",0.9888,LPath,True
MYBPC3,NM_000256.3(MYBPC3):c.1459C>A (p.Leu487Met),487,Ig-like C2-type 3,92.38,4.938462734222412,39.0,2.0,True,0.7461576479145086,True,agree: both flag,Cardiovascular phenotype; Hypertrophic cardiomyopathy,"('MYBPC3', 'NM_000256.3(MYBPC3):c.1459C>A (p.Leu487Met)')",0.1652,LBen,False
LDLR,NM_000527.5(LDLR):c.1765G>A (p.Asp589Asn),589,LDL-receptor class B 5,93.06,4.378284454345703,15.0,2.0,True,0.7457627969398346,True,agree: both flag,"Hypercholesterolemia, familial, 1","('LDLR', 'NM_000527.5(LDLR):c.1765G>A (p.Asp589Asn)')",0.1209,LBen,False
LDLR,NM_000527.5(LDLR):c.1765G>C (p.Asp589His),589,LDL-receptor class B 5,93.06,4.378284454345703,15.0,2.0,True,0.7457627969398346,True,agree: both flag,"Hypercholesterolemia, familial, 1","('LDLR', 'NM_000527.5(LDLR):c.1765G>C (p.Asp589His)')",0.3835,Amb,False
LDLR,NM_000527.5(LDLR):c.1765G>T (p.Asp589Tyr),589,LDL-receptor class B 5,93.06,4.378284454345703,15.0,2.0,True,0.7457627969398346,True,agree: both flag,"Hypercholesterolemia, familial, 1","('LDLR', 'NM_000527.5(LDLR):c.1765G>T (p.Asp589Tyr)')",0.3852,Amb,False
MYO7A,NM_000260.4(MYO7A):c.1439A>G (p.Glu480Gly),480,Myosin motor,87.81,4.716423988342285,242.0,1.0,True,0.7455567362179021,True,agree: both flag,not provided,"('MYO7A', 'NM_000260.4(MYO7A):c.1439A>G (p.Glu480Gly)')",0.9864,LPath,True
LDLR,NM_000527.5(LDLR):c.752G>A (p.Gly251Asp),251,LDL-receptor class A 6,71.12,4.254295349121094,11.0,2.0,True,0.7451418219655151,True,agree: both flag,"Familial hypercholesterolemia; Hypercholesterolemia, familial, 1","('LDLR', 'NM_000527.5(LDLR):c.752G>A (p.Gly251Asp)')",0.4067,Amb,False
MSH2,NM_000251.3(MSH2):c.530A>T (p.Glu177Val),177,Unannotated / linker,92.69,4.415143966674805,15.0,2.0,True,0.745014264971734,True,agree: both flag,Hereditary nonpolyposis colorectal neoplasms; Hereditary cancer-predisposing syndrome; not provided,"('MSH2', 'NM_000251.3(MSH2):c.530A>T (p.Glu177Val)')",0.4794,Amb,False
MSH2,NM_000251.3(MSH2):c.529G>A (p.Glu177Lys),177,Unannotated / linker,92.69,4.415143966674805,15.0,2.0,True,0.745014264971734,True,agree: both flag,Hereditary nonpolyposis colorectal neoplasms; Hereditary cancer-predisposing syndrome,"('MSH2', 'NM_000251.3(MSH2):c.529G>A (p.Glu177Lys)')",0.6758,LPath,True
MSH2,NM_000251.3(MSH2):c.530A>G (p.Glu177Gly),177,Unannotated / linker,92.69,4.415143966674805,15.0,2.0,True,0.745014264971734,True,agree: both flag,Hereditary nonpolyposis colorectal neoplasms; Hereditary cancer-predisposing syndrome,"('MSH2', 'NM_000251.3(MSH2):c.530A>G (p.Glu177Gly)')",0.4026,Amb,False
MSH2,NM_000251.3(MSH2):c.531A>T (p.Glu177Asp),177,Unannotated / linker,92.69,4.415143966674805,15.0,2.0,True,0.745014264971734,True,agree: both flag,Hereditary nonpolyposis colorectal neoplasms; Hereditary cancer-predisposing syndrome,"('MSH2', 'NM_000251.3(MSH2):c.531A>T (p.Glu177Asp)')",0.4701,Amb,False
MSH2,NM_000251.3(MSH2):c.674C>G (p.Thr225Arg),225,Unannotated / linker,89.31,4.726318836212158,25.0,2.0,True,0.743935425825632,True,agree: both flag,Hereditary nonpolyposis colorectal neoplasms; Lynch syndrome; Hereditary cancer-predisposing syndrome,"('MSH2', 'NM_000251.3(MSH2):c.674C>G (p.Thr225Arg)')",0.8811,LPath,True
MSH2,NM_000251.3(MSH2):c.674C>T (p.Thr225Ile),225,Unannotated / linker,89.31,4.726318836212158,25.0,2.0,True,0.743935425825632,True,agree: both flag,not provided; Hereditary nonpolyposis colorectal neoplasms; Hereditary cancer-predisposing syndrome,"('MSH2', 'NM_000251.3(MSH2):c.674C>T (p.Thr225Ile)')",0.8687,LPath,True
MSH2,NM_000251.3(MSH2):c.673A>C (p.Thr225Pro),225,Unannotated / linker,89.31,4.726318836212158,25.0,2.0,True,0.743935425825632,True,agree: both flag,Hereditary nonpolyposis colorectal neoplasms,"('MSH2', 'NM_000251.3(MSH2):c.673A>C (p.Thr225Pro)')",0.9177,LPath,True
MSH2,NM_000251.3(MSH2):c.673A>G (p.Thr225Ala),225,Unannotated / linker,89.31,4.726318836212158,25.0,2.0,True,0.743935425825632,True,agree: both flag,Hereditary nonpolyposis colorectal neoplasms,"('MSH2', 'NM_000251.3(MSH2):c.673A>G (p.Thr225Ala)')",0.2635,LBen,False
PTEN,NM_000314.8(PTEN):c.150T>G (p.Ile50Met),50,Phosphatase (tensin-type) domain,94.62,4.384884834289551,12.0,2.0,True,0.7438980534478496,True,agree: both flag,PTEN hamartoma tumor syndrome,"('PTEN', 'NM_000314.8(PTEN):c.150T>G (p.Ile50Met)')",0.4359,Amb,False
PTEN,NM_000314.8(PTEN):c.149T>A (p.Ile50Asn),50,Phosphatase (tensin-type) domain,94.62,4.384884834289551,12.0,2.0,True,0.7438980534478496,True,agree: both flag,PTEN hamartoma tumor syndrome,"('PTEN', 'NM_000314.8(PTEN):c.149T>A (p.Ile50Asn)')",0.9954,LPath,True
TSC2,NM_000548.5(TSC2):c.5099C>T (p.Ala1700Val),1700,Rap-GAP,79.75,4.510853290557861,16.0,2.0,True,0.7432951240376174,True,agree: both flag,Tuberous sclerosis 2,"('TSC2', 'NM_000548.5(TSC2):c.5099C>T (p.Ala1700Val)')",0.1169,LBen,False
TSC2,NM_000548.5(TSC2):c.5098G>T (p.Ala1700Ser),1700,Rap-GAP,79.75,4.510853290557861,16.0,2.0,True,0.7432951240376174,True,agree: both flag,Hereditary cancer-predisposing syndrome,"('TSC2', 'NM_000548.5(TSC2):c.5098G>T (p.Ala1700Ser)')",0.0902,LBen,False
TSC2,NM_000548.5(TSC2):c.5098G>A (p.Ala1700Thr),1700,Rap-GAP,79.75,4.510853290557861,16.0,2.0,True,0.7432951240376174,True,agree: both flag,Hereditary cancer-predisposing syndrome,"('TSC2', 'NM_000548.5(TSC2):c.5098G>A (p.Ala1700Thr)')",0.0961,LBen,False
PTEN,NM_000314.8(PTEN):c.253G>A (p.Val85Ile),85,Phosphatase (tensin-type) domain,97.69,4.608462810516357,18.0,2.0,True,0.7429375774819625,True,agree: both flag,not provided,"('PTEN', 'NM_000314.8(PTEN):c.253G>A (p.Val85Ile)')",0.5957,LPath,True
PTEN,NM_000314.8(PTEN):c.254T>G (p.Val85Gly),85,Phosphatase (tensin-type) domain,97.69,4.608462810516357,18.0,2.0,True,0.7429375774819625,True,agree: both flag,"Hereditary cancer-predisposing syndrome, not provided","('PTEN', 'NM_000314.8(PTEN):c.254T>G (p.Val85Gly)')",0.953,LPath,True
MLH1,NM_000249.4(MLH1):c.683T>G (p.Leu228Arg),228,Unannotated / linker,93.81,4.641087055206299,19.0,2.0,True,0.7426967517416678,True,agree: both flag,Hereditary nonpolyposis colorectal neoplasms,"('MLH1', 'NM_000249.4(MLH1):c.683T>G (p.Leu228Arg)')",0.9892,LPath,True
ABCA4,NM_000350.3(ABCA4):c.991G>A (p.Gly331Ser),331,Unannotated / linker,55.09,4.823275566101074,250.0,1.0,True,0.7416832680353157,True,agree: both flag,not provided,"('ABCA4', 'NM_000350.3(ABCA4):c.991G>A (p.Gly331Ser)')",0.1041,LBen,False
RET,NM_020975.6(RET):c.1814G>T (p.Gly605Val),605,Unannotated / linker,93.31,5.3645453453063965,50.0,2.0,True,0.7407214341620482,True,agree: both flag,"Multiple endocrine neoplasia, type 2; Hereditary cancer-predisposing syndrome","('RET', 'NM_020975.6(RET):c.1814G>T (p.Gly605Val)')",0.6377,LPath,True
MLH1,NM_000249.4(MLH1):c.182T>A (p.Ile61Asn),61,Unannotated / linker,97.5,4.5662384033203125,12.0,2.0,True,0.7404664009982108,True,agree: both flag,Hereditary cancer-predisposing syndrome,"('MLH1', 'NM_000249.4(MLH1):c.182T>A (p.Ile61Asn)')",0.9929,LPath,True
MLH1,NM_000249.4(MLH1):c.181A>T (p.Ile61Phe),61,Unannotated / linker,97.5,4.5662384033203125,12.0,2.0,True,0.7404664009982108,True,agree: both flag,Hereditary cancer-predisposing syndrome,"('MLH1', 'NM_000249.4(MLH1):c.181A>T (p.Ile61Phe)')",0.8461,LPath,True
MLH1,NM_000249.4(MLH1):c.181A>G (p.Ile61Val),61,Unannotated / linker,97.5,4.5662384033203125,12.0,2.0,True,0.7404664009982108,True,agree: both flag,Hereditary nonpolyposis colorectal neoplasms; not provided; Lynch syndrome; Hereditary cancer-predisposing syndrome,"('MLH1', 'NM_000249.4(MLH1):c.181A>G (p.Ile61Val)')",0.1194,LBen,False
MLH1,NM_000249.4(MLH1):c.182T>G (p.Ile61Ser),61,Unannotated / linker,97.5,4.5662384033203125,12.0,2.0,True,0.7404664009982108,True,agree: both flag,Hereditary nonpolyposis colorectal neoplasms; Hereditary cancer-predisposing syndrome,"('MLH1', 'NM_000249.4(MLH1):c.182T>G (p.Ile61Ser)')",0.98,LPath,True
MLH1,NM_000249.4(MLH1):c.183C>G (p.Ile61Met),61,Unannotated / linker,97.5,4.5662384033203125,12.0,2.0,True,0.7404664009982108,True,agree: both flag,Hereditary cancer-predisposing syndrome,"('MLH1', 'NM_000249.4(MLH1):c.183C>G (p.Ile61Met)')",0.4851,Amb,False
MLH1,NM_000249.4(MLH1):c.182T>C (p.Ile61Thr),61,Unannotated / linker,97.5,4.5662384033203125,12.0,2.0,True,0.7404664009982108,True,agree: both flag,Hereditary cancer-predisposing syndrome,"('MLH1', 'NM_000249.4(MLH1):c.182T>C (p.Ile61Thr)')",0.9553,LPath,True
TSC2,NM_000548.5(TSC2):c.5105T>G (p.Ile1702Ser),1702,Rap-GAP,87.0,4.767975807189941,20.0,2.0,True,0.7404004402144927,True,agree: both flag,Hereditary cancer-predisposing syndrome,"('TSC2', 'NM_000548.5(TSC2):c.5105T>G (p.Ile1702Ser)')",0.9195,LPath,True
TSC2,NM_000548.5(TSC2):c.5106C>G (p.Ile1702Met),1702,Rap-GAP,87.0,4.767975807189941,20.0,2.0,True,0.7404004402144927,True,agree: both flag,Tuberous sclerosis 2; not provided,"('TSC2', 'NM_000548.5(TSC2):c.5106C>G (p.Ile1702Met)')",0.2144,LBen,False
MYO7A,NM_000260.4(MYO7A):c.5528T>G (p.Leu1843Arg),1843,MyTH4 2,90.94,5.216200351715088,40.0,2.0,True,0.7400207926335702,True,agree: both flag,Inborn genetic diseases; not specified; not provided,"('MYO7A', 'NM_000260.4(MYO7A):c.5528T>G (p.Leu1843Arg)')",0.9886,LPath,True
ABCA4,NM_000350.3(ABCA4):c.3008A>G (p.Gln1003Arg),1003,ABC transporter 1,74.31,5.293533802032471,313.0,1.0,True,0.7397462292843959,True,agree: both flag,not provided,"('ABCA4', 'NM_000350.3(ABCA4):c.3008A>G (p.Gln1003Arg)')",0.0712,LBen,False
MSH2,NM_000251.3(MSH2):c.671T>G (p.Ile224Ser),224,Unannotated / linker,89.94,4.929287910461426,25.0,2.0,True,0.7395771111732468,True,agree: both flag,Hereditary nonpolyposis colorectal neoplasms; not provided,"('MSH2', 'NM_000251.3(MSH2):c.671T>G (p.Ile224Ser)')",0.3429,Amb,False
TSC2,NM_000548.5(TSC2):c.5005G>A (p.Val1669Ile),1669,Rap-GAP,91.06,4.966275215148926,23.0,2.0,True,0.7378572896147688,True,agree: both flag,Tuberous sclerosis 2; not provided; Tuberous sclerosis syndrome,"('TSC2', 'NM_000548.5(TSC2):c.5005G>A (p.Val1669Ile)')",0.1961,LBen,False
TSC2,NM_000548.5(TSC2):c.5006_5007delinsAT (p.Val1669Asp),1669,Rap-GAP,91.06,4.966275215148926,23.0,2.0,True,0.7378572896147688,True,agree: both flag,Tuberous sclerosis 2,"('TSC2', 'NM_000548.5(TSC2):c.5006_5007delinsAT (p.Val1669Asp)')",0.9973,LPath,True
TSC2,NM_000548.5(TSC2):c.5005G>T (p.Val1669Phe),1669,Rap-GAP,91.06,4.966275215148926,23.0,2.0,True,0.7378572896147688,True,agree: both flag,Hereditary cancer-predisposing syndrome; not provided,"('TSC2', 'NM_000548.5(TSC2):c.5005G>T (p.Val1669Phe)')",0.9359,LPath,True
ABCA4,NM_000350.3(ABCA4):c.2833G>T (p.Ala945Ser),945,ABC transporter 1,76.38,4.97486686706543,23.0,2.0,True,0.7372475098115252,True,agree: both flag,not provided,"('ABCA4', 'NM_000350.3(ABCA4):c.2833G>T (p.Ala945Ser)')",0.1958,LBen,False
ABCA4,NM_000350.3(ABCA4):c.2833G>A (p.Ala945Thr),945,ABC transporter 1,76.38,4.97486686706543,23.0,2.0,True,0.7372475098115252,True,agree: both flag,not provided,"('ABCA4', 'NM_000350.3(ABCA4):c.2833G>A (p.Ala945Thr)')",0.2744,LBen,False
SCN8A,NM_001330260.2(SCN8A):c.5531G>C (p.Cys1844Ser),1844,Unannotated / linker,82.69,5.394140243530273,43.0,2.0,True,0.7368435220026286,True,agree: both flag,not provided,"('SCN8A', 'NM_001330260.2(SCN8A):c.5531G>C (p.Cys1844Ser)')",0.9951,LPath,True
MSH6,NM_000179.3(MSH6):c.1544G>T (p.Arg515Met),515,Unannotated / linker,97.38,5.236443042755127,33.0,2.0,True,0.7367117744935141,True,agree: both flag,Hereditary cancer-predisposing syndrome,"('MSH6', 'NM_000179.3(MSH6):c.1544G>T (p.Arg515Met)')",0.8782,LPath,True
MSH6,NM_000179.3(MSH6):c.1544G>A (p.Arg515Lys),515,Unannotated / linker,97.38,5.236443042755127,33.0,2.0,True,0.7367117744935141,True,agree: both flag,Hereditary nonpolyposis colorectal neoplasms; Hereditary cancer-predisposing syndrome,"('MSH6', 'NM_000179.3(MSH6):c.1544G>A (p.Arg515Lys)')",0.2844,LBen,False
MSH6,NM_000179.3(MSH6):c.1544G>C (p.Arg515Thr),515,Unannotated / linker,97.38,5.236443042755127,33.0,2.0,True,0.7367117744935141,True,agree: both flag,Hereditary nonpolyposis colorectal neoplasms,"('MSH6', 'NM_000179.3(MSH6):c.1544G>C (p.Arg515Thr)')",0.7884,LPath,True
MSH6,NM_000179.3(MSH6):c.1543A>G (p.Arg515Gly),515,Unannotated / linker,97.38,5.236443042755127,33.0,2.0,True,0.7367117744935141,True,agree: both flag,Hereditary nonpolyposis colorectal neoplasms,"('MSH6', 'NM_000179.3(MSH6):c.1543A>G (p.Arg515Gly)')",0.6173,LPath,True
MLH1,NM_000249.4(MLH1):c.416C>T (p.Pro139Leu),139,Unannotated / linker,94.06,4.738701820373535,11.0,2.0,True,0.7365048227101035,True,agree: both flag,Hereditary nonpolyposis colorectal neoplasms; Hereditary cancer-predisposing syndrome,"('MLH1', 'NM_000249.4(MLH1):c.416C>T (p.Pro139Leu)')",0.1236,LBen,False
MLH1,NM_000249.4(MLH1):c.416C>A (p.Pro139His),139,Unannotated / linker,94.06,4.738701820373535,11.0,2.0,True,0.7365048227101035,True,agree: both flag,Hereditary cancer-predisposing syndrome,"('MLH1', 'NM_000249.4(MLH1):c.416C>A (p.Pro139His)')",0.4853,Amb,False
MLH1,NM_000249.4(MLH1):c.415C>A (p.Pro139Thr),139,Unannotated / linker,94.06,4.738701820373535,11.0,2.0,True,0.7365048227101035,True,agree: both flag,Hereditary nonpolyposis colorectal neoplasms,"('MLH1', 'NM_000249.4(MLH1):c.415C>A (p.Pro139Thr)')",0.1645,LBen,False
MLH1,NM_000249.4(MLH1):c.416C>G (p.Pro139Arg),139,Unannotated / linker,94.06,4.738701820373535,11.0,2.0,True,0.7365048227101035,True,agree: both flag,Hereditary nonpolyposis colorectal neoplasms; Hereditary cancer-predisposing syndrome,"('MLH1', 'NM_000249.4(MLH1):c.416C>G (p.Pro139Arg)')",0.5208,Amb,False
ABCA4,NM_000350.3(ABCA4):c.5876G>A (p.Cys1959Tyr),1959,ABC transporter 2,89.38,4.945135593414307,19.0,2.0,True,0.7363172952278052,True,agree: both flag,not provided,"('ABCA4', 'NM_000350.3(ABCA4):c.5876G>A (p.Cys1959Tyr)')",0.7207,LPath,True
MYO7A,NM_000260.4(MYO7A):c.6497A>G (p.Tyr2166Cys),2166,FERM 2,87.69,4.964862823486328,18.0,2.0,True,0.735381045328697,True,agree: both flag,not provided,"('MYO7A', 'NM_000260.4(MYO7A):c.6497A>G (p.Tyr2166Cys)')",0.9162,LPath,True
ENG,NM_001114753.3(ENG):c.818C>T (p.Thr273Ile),273,Required for interaction with GDF2,95.19,4.963310241699219,16.0,2.0,True,0.734665349284612,True,agree: both flag,not specified; Hereditary hemorrhagic telangiectasia,"('ENG', 'NM_001114753.3(ENG):c.818C>T (p.Thr273Ile)')",0.7124,LPath,True
TP53,NM_000546.6(TP53):c.319T>A (p.Tyr107Asn),107,DNA-binding domain,97.56,5.458457946777344,40.0,2.0,True,0.7345612911375751,True,agree: both flag,Li-Fraumeni syndrome,"('TP53', 'NM_000546.6(TP53):c.319T>A (p.Tyr107Asn)')",0.4591,Amb,False
TP53,NM_000546.6(TP53):c.320A>C (p.Tyr107Ser),107,DNA-binding domain,97.56,5.458457946777344,40.0,2.0,True,0.7345612911375751,True,agree: both flag,Hereditary cancer-predisposing syndrome,"('TP53', 'NM_000546.6(TP53):c.320A>C (p.Tyr107Ser)')",0.448,Amb,False
ATP7A,NM_000052.7(ATP7A):c.3894G>T (p.Met1298Ile),1298,Unannotated / linker,94.19,5.004705905914307,17.0,2.0,True,0.7342862666898708,True,agree: both flag,"Menkes kinky-hair syndrome; Cutis laxa, X-linked; X-linked distal spinal muscular atrophy type 3","('ATP7A', 'NM_000052.7(ATP7A):c.3894G>T (p.Met1298Ile)')",0.9915,LPath,True
ATP7A,NM_000052.7(ATP7A):c.3894G>C (p.Met1298Ile),1298,Unannotated / linker,94.19,5.004705905914307,17.0,2.0,True,0.7342862666898708,True,agree: both flag,"X-linked distal spinal muscular atrophy type 3; Menkes kinky-hair syndrome; Cutis laxa, X-linked; not provided; Inborn genetic diseases","('ATP7A', 'NM_000052.7(ATP7A):c.3894G>C (p.Met1298Ile)')",0.9915,LPath,True
PTEN,NM_000314.8(PTEN):c.712T>G (p.Phe238Val),238,C2 (tensin-type) domain,97.06,5.448409080505371,38.0,2.0,True,0.7339775806559035,True,agree: both flag,Hereditary cancer-predisposing syndrome,"('PTEN', 'NM_000314.8(PTEN):c.712T>G (p.Phe238Val)')",0.1114,LBen,False
PTEN,NM_000314.8(PTEN):c.713T>C (p.Phe238Ser),238,C2 (tensin-type) domain,97.06,5.448409080505371,38.0,2.0,True,0.7339775806559035,True,agree: both flag,PTEN hamartoma tumor syndrome,"('PTEN', 'NM_000314.8(PTEN):c.713T>C (p.Phe238Ser)')",0.2067,LBen,False
LDLR,NM_000527.5(LDLR):c.1406T>A (p.Ile469Asn),469,LDL-receptor class B 2,95.0,5.048919677734375,18.0,2.0,True,0.733889744168879,True,agree: both flag,"Hypercholesterolemia, familial, 1","('LDLR', 'NM_000527.5(LDLR):c.1406T>A (p.Ile469Asn)')",0.8987,LPath,True
BRCA1,NM_007294.4(BRCA1):c.94A>G (p.Lys32Glu),32,RING-type zinc finger,88.88,4.896831512451172,12.0,2.0,True,0.7338226408881473,True,agree: both flag,Hereditary breast ovarian cancer syndrome,"('BRCA1', 'NM_007294.4(BRCA1):c.94A>G (p.Lys32Glu)')",0.3704,Amb,False
BRCA1,NM_007294.4(BRCA1):c.96G>C (p.Lys32Asn),32,RING-type zinc finger,88.88,4.896831512451172,12.0,2.0,True,0.7338226408881473,True,agree: both flag,Hereditary cancer-predisposing syndrome,"('BRCA1', 'NM_007294.4(BRCA1):c.96G>C (p.Lys32Asn)')",0.8722,LPath,True
PTEN,NM_000314.8(PTEN):c.252A>C (p.Arg84Ser),84,Phosphatase (tensin-type) domain,94.44,5.137352466583252,18.0,2.0,True,0.7320812055312867,True,agree: both flag,Hereditary cancer-predisposing syndrome,"('PTEN', 'NM_000314.8(PTEN):c.252A>C (p.Arg84Ser)')",0.7184,LPath,True
PTEN,NM_000314.8(PTEN):c.250A>G (p.Arg84Gly),84,Phosphatase (tensin-type) domain,94.44,5.137352466583252,18.0,2.0,True,0.7320812055312867,True,agree: both flag,Hereditary cancer-predisposing syndrome,"('PTEN', 'NM_000314.8(PTEN):c.250A>G (p.Arg84Gly)')",0.6423,LPath,True
MYO7A,NM_000260.4(MYO7A):c.3899C>G (p.Ser1300Cys),1300,FERM 1,87.62,5.711203098297119,47.0,2.0,True,0.7309921462027676,True,agree: both flag,not provided,"('MYO7A', 'NM_000260.4(MYO7A):c.3899C>G (p.Ser1300Cys)')",0.9233,LPath,True
RET,NM_020975.6(RET):c.2611G>C (p.Val871Leu),871,Protein kinase,90.12,5.353765964508057,26.0,2.0,True,0.7309447774579888,True,agree: both flag,Hereditary cancer-predisposing syndrome,"('RET', 'NM_020975.6(RET):c.2611G>C (p.Val871Leu)')",0.7222,LPath,True
TSC2,NM_000548.5(TSC2):c.4996T>G (p.Phe1666Val),1666,Rap-GAP,82.75,5.284793853759766,23.0,2.0,True,0.7309104572330142,True,agree: both flag,Tuberous sclerosis 2,"('TSC2', 'NM_000548.5(TSC2):c.4996T>G (p.Phe1666Val)')",0.9847,LPath,True
TSC2,NM_000548.5(TSC2):c.4997T>C (p.Phe1666Ser),1666,Rap-GAP,82.75,5.284793853759766,23.0,2.0,True,0.7309104572330142,True,agree: both flag,Tuberous sclerosis 2,"('TSC2', 'NM_000548.5(TSC2):c.4997T>C (p.Phe1666Ser)')",0.9969,LPath,True
TSC2,NM_000548.5(TSC2):c.4807G>A (p.Asp1603Asn),1603,Rap-GAP,79.38,5.265715599060059,22.0,2.0,True,0.7307766578770126,True,agree: both flag,Tuberous sclerosis 2,"('TSC2', 'NM_000548.5(TSC2):c.4807G>A (p.Asp1603Asn)')",0.7964,LPath,True
TSC2,NM_000548.5(TSC2):c.5103G>C (p.Lys1701Asn),1701,Rap-GAP,84.69,5.199158191680908,18.0,2.0,True,0.7305408868173595,True,agree: both flag,Tuberous sclerosis 2; Hereditary cancer-predisposing syndrome,"('TSC2', 'NM_000548.5(TSC2):c.5103G>C (p.Lys1701Asn)')",0.9564,LPath,True
TSC2,NM_000548.5(TSC2):c.5101A>G (p.Lys1701Glu),1701,Rap-GAP,84.69,5.199158191680908,18.0,2.0,True,0.7305408868173595,True,agree: both flag,not provided; Tuberous sclerosis 2,"('TSC2', 'NM_000548.5(TSC2):c.5101A>G (p.Lys1701Glu)')",0.7931,LPath,True
TSC2,NM_000548.5(TSC2):c.5102A>G (p.Lys1701Arg),1701,Rap-GAP,84.69,5.199158191680908,18.0,2.0,True,0.7305408868173595,True,agree: both flag,Tuberous sclerosis 2,"('TSC2', 'NM_000548.5(TSC2):c.5102A>G (p.Lys1701Arg)')",0.1201,LBen,False
TSC2,NM_000548.5(TSC2):c.5101A>C (p.Lys1701Gln),1701,Rap-GAP,84.69,5.199158191680908,18.0,2.0,True,0.7305408868173595,True,agree: both flag,Tuberous sclerosis 2,"('TSC2', 'NM_000548.5(TSC2):c.5101A>C (p.Lys1701Gln)')",0.4786,Amb,False
BRCA1,NM_007294.4(BRCA1):c.228T>G (p.Ser76Arg),76,Unannotated / linker,86.31,5.6471452713012695,41.0,2.0,True,0.7302413193900165,True,agree: both flag,"Hereditary breast ovarian cancer syndrome, Hereditary cancer-predisposing syndrome","('BRCA1', 'NM_007294.4(BRCA1):c.228T>G (p.Ser76Arg)')",0.9815,LPath,True
BRCA1,NM_007294.4(BRCA1):c.226A>G (p.Ser76Gly),76,Unannotated / linker,86.31,5.6471452713012695,41.0,2.0,True,0.7302413193900165,True,agree: both flag,Hereditary cancer-predisposing syndrome,"('BRCA1', 'NM_007294.4(BRCA1):c.226A>G (p.Ser76Gly)')",0.4332,Amb,False
MSH2,NM_000251.3(MSH2):c.1535A>C (p.Lys512Thr),512,Unannotated / linker,90.81,5.112231254577637,12.0,2.0,True,0.729718369757722,True,agree: both flag,Hereditary cancer-predisposing syndrome,"('MSH2', 'NM_000251.3(MSH2):c.1535A>C (p.Lys512Thr)')",0.9836,LPath,True
LDLR,NM_000527.5(LDLR):c.1540G>A (p.Glu514Lys),514,LDL-receptor class B 3,90.62,5.260867595672607,18.0,2.0,True,0.7294680905409219,True,agree: both flag,Familial hypercholesterolemia,"('LDLR', 'NM_000527.5(LDLR):c.1540G>A (p.Glu514Lys)')",0.1846,LBen,False
MYO7A,NM_000260.4(MYO7A):c.29T>C (p.Val10Ala),10,Unannotated / linker,84.56,5.290309906005859,16.0,2.0,True,0.7278265706845337,True,agree: both flag,not specified; not provided,"('MYO7A', 'NM_000260.4(MYO7A):c.29T>C (p.Val10Ala)')",0.9064,LPath,True
ENG,NM_001114753.3(ENG):c.100C>G (p.Pro34Ala),34,Required for interaction with GDF2,92.56,4.365235805511475,171.0,1.0,True,0.7274324415618975,True,agree: both flag,Cardiovascular phenotype,"('ENG', 'NM_001114753.3(ENG):c.100C>G (p.Pro34Ala)')",0.0966,LBen,False
MLH1,NM_000249.4(MLH1):c.458A>G (p.Glu153Gly),153,Unannotated / linker,96.31,5.797721862792969,42.0,2.0,True,0.7274165302880282,True,agree: both flag,Hereditary cancer-predisposing syndrome; not provided; Hereditary nonpolyposis colorectal neoplasms,"('MLH1', 'NM_000249.4(MLH1):c.458A>G (p.Glu153Gly)')",0.7728,LPath,True
MLH1,NM_000249.4(MLH1):c.457G>A (p.Glu153Lys),153,Unannotated / linker,96.31,5.797721862792969,42.0,2.0,True,0.7274165302880282,True,agree: both flag,Hereditary cancer-predisposing syndrome; not specified,"('MLH1', 'NM_000249.4(MLH1):c.457G>A (p.Glu153Lys)')",0.8047,LPath,True
ENG,NM_001114753.3(ENG):c.501C>A (p.Ser167Arg),167,Required for interaction with GDF2,97.06,5.605442523956299,29.0,2.0,True,0.7269448441015546,True,agree: both flag,"Telangiectasia, hereditary hemorrhagic, type 1; Cardiovascular phenotype","('ENG', 'NM_001114753.3(ENG):c.501C>A (p.Ser167Arg)')",0.2793,LBen,False
ENG,NM_001114753.3(ENG):c.500G>T (p.Ser167Ile),167,Required for interaction with GDF2,97.06,5.605442523956299,29.0,2.0,True,0.7269448441015546,True,agree: both flag,Hereditary hemorrhagic telangiectasia; Cardiovascular phenotype,"('ENG', 'NM_001114753.3(ENG):c.500G>T (p.Ser167Ile)')",0.1644,LBen,False
TSC2,NM_000548.5(TSC2):c.5107G>C (p.Val1703Leu),1703,Rap-GAP,89.19,5.465693950653076,22.0,2.0,True,0.7269105328078033,True,agree: both flag,not provided; Tuberous sclerosis 2,"('TSC2', 'NM_000548.5(TSC2):c.5107G>C (p.Val1703Leu)')",0.5354,Amb,False
TSC2,NM_000548.5(TSC2):c.5108T>C (p.Val1703Ala),1703,Rap-GAP,89.19,5.465693950653076,22.0,2.0,True,0.7269105328078033,True,agree: both flag,Tuberous sclerosis syndrome; Tuberous sclerosis 2; Isolated focal cortical dysplasia type II; Lymphangiomyomatosis; Tuberous sclerosis 2; Hereditary cancer-predisposing syndrome,"('TSC2', 'NM_000548.5(TSC2):c.5108T>C (p.Val1703Ala)')",0.8418,LPath,True
MSH2,NM_000251.3(MSH2):c.2465G>A (p.Cys822Tyr),822,Unannotated / linker,72.44,5.423943996429443,21.0,2.0,True,0.7268649826036766,True,agree: both flag,Hereditary nonpolyposis colorectal neoplasms; Hereditary cancer-predisposing syndrome,"('MSH2', 'NM_000251.3(MSH2):c.2465G>A (p.Cys822Tyr)')",0.9869,LPath,True
MSH2,NM_000251.3(MSH2):c.2465G>T (p.Cys822Phe),822,Unannotated / linker,72.44,5.423943996429443,21.0,2.0,True,0.7268649826036766,True,agree: both flag,Hereditary nonpolyposis colorectal neoplasms,"('MSH2', 'NM_000251.3(MSH2):c.2465G>T (p.Cys822Phe)')",0.942,LPath,True
MSH2,NM_000251.3(MSH2):c.2466T>G (p.Cys822Trp),822,Unannotated / linker,72.44,5.423943996429443,21.0,2.0,True,0.7268649826036766,True,agree: both flag,Hereditary nonpolyposis colorectal neoplasms,"('MSH2', 'NM_000251.3(MSH2):c.2466T>G (p.Cys822Trp)')",0.9865,LPath,True
BRCA1,NM_007294.4(BRCA1):c.5417C>A (p.Pro1806Gln),1806,BRCT domain 2,93.44,5.543405055999756,24.0,2.0,True,0.7262146994313643,True,agree: both flag,Hereditary breast ovarian cancer syndrome,"('BRCA1', 'NM_007294.4(BRCA1):c.5417C>A (p.Pro1806Gln)')",0.1804,LBen,False
MLH1,NM_000249.4(MLH1):c.344T>C (p.Ile115Thr),115,Unannotated / linker,97.25,5.335875034332275,13.0,2.0,True,0.7260176293724575,True,agree: both flag,Hereditary nonpolyposis colorectal neoplasms,"('MLH1', 'NM_000249.4(MLH1):c.344T>C (p.Ile115Thr)')",0.9528,LPath,True
MLH1,NM_000249.4(MLH1):c.345T>G (p.Ile115Met),115,Unannotated / linker,97.25,5.335875034332275,13.0,2.0,True,0.7260176293724575,True,agree: both flag,Hereditary cancer-predisposing syndrome; Hereditary nonpolyposis colorectal neoplasms,"('MLH1', 'NM_000249.4(MLH1):c.345T>G (p.Ile115Met)')",0.3555,Amb,False
TSC2,NM_000548.5(TSC2):c.5001C>G (p.Asn1667Lys),1667,Rap-GAP,83.88,5.488480567932129,21.0,2.0,True,0.7258760252572517,True,agree: both flag,Tuberous sclerosis 2,"('TSC2', 'NM_000548.5(TSC2):c.5001C>G (p.Asn1667Lys)')",0.9838,LPath,True
LDLR,NM_000527.5(LDLR):c.1768G>A (p.Val590Ile),590,LDL-receptor class B 5,92.75,5.5590081214904785,16.0,2.0,True,0.7227204400519323,True,agree: both flag,"Hypercholesterolemia, familial, 1","('LDLR', 'NM_000527.5(LDLR):c.1768G>A (p.Val590Ile)')",0.071,LBen,False
MYO7A,NM_000260.4(MYO7A):c.121G>T (p.Asp41Tyr),41,Unannotated / linker,78.12,5.575474262237549,15.0,2.0,True,0.721557367489149,True,agree: both flag,not provided,"('MYO7A', 'NM_000260.4(MYO7A):c.121G>T (p.Asp41Tyr)')",0.9735,LPath,True
LDLR,NM_000527.5(LDLR):c.1507A>T (p.Thr503Ser),503,LDL-receptor class B 3,92.38,5.613061904907227,15.0,2.0,True,0.7212456965745424,True,agree: both flag,not specified,"('LDLR', 'NM_000527.5(LDLR):c.1507A>T (p.Thr503Ser)')",0.1091,LBen,False
MYO7A,NM_000260.4(MYO7A):c.598G>T (p.Gly200Trp),200,Myosin motor,88.56,5.675841331481934,12.0,2.0,True,0.7187488085584339,True,agree: both flag,not provided,"('MYO7A', 'NM_000260.4(MYO7A):c.598G>T (p.Gly200Trp)')",0.9995,LPath,True
MYO7A,NM_000260.4(MYO7A):c.599G>C (p.Gly200Ala),200,Myosin motor,88.56,5.675841331481934,12.0,2.0,True,0.7187488085584339,True,agree: both flag,Usher syndrome type 1B,"('MYO7A', 'NM_000260.4(MYO7A):c.599G>C (p.Gly200Ala)')",0.9834,LPath,True
MYO7A,NM_000260.4(MYO7A):c.1445T>C (p.Ile482Thr),482,Myosin motor,85.25,5.244721412658691,240.0,1.0,True,0.7111864649873713,True,agree: both flag,Autosomal dominant nonsyndromic hearing loss 11,"('MYO7A', 'NM_000260.4(MYO7A):c.1445T>C (p.Ile482Thr)')",0.9393,LPath,True
MLH1,NM_000249.4(MLH1):c.2218A>C (p.Ile740Leu),740,Unannotated / linker,91.75,4.875791549682617,190.0,1.0,True,0.7085222218389546,True,agree: both flag,Hereditary nonpolyposis colorectal neoplasms,"('MLH1', 'NM_000249.4(MLH1):c.2218A>C (p.Ile740Leu)')",0.1584,LBen,False
MLH1,NM_000249.4(MLH1):c.2220C>G (p.Ile740Met),740,Unannotated / linker,91.75,4.875791549682617,190.0,1.0,True,0.7085222218389546,True,agree: both flag,Hereditary nonpolyposis colorectal neoplasms,"('MLH1', 'NM_000249.4(MLH1):c.2220C>G (p.Ile740Met)')",0.1881,LBen,False
MLH1,NM_000249.4(MLH1):c.2219T>A (p.Ile740Asn),740,Unannotated / linker,91.75,4.875791549682617,190.0,1.0,True,0.7085222218389546,True,agree: both flag,Hereditary cancer-predisposing syndrome,"('MLH1', 'NM_000249.4(MLH1):c.2219T>A (p.Ile740Asn)')",0.8734,LPath,True
MLH1,NM_000249.4(MLH1):c.2219T>C (p.Ile740Thr),740,Unannotated / linker,91.75,4.875791549682617,190.0,1.0,True,0.7085222218389546,True,agree: both flag,Hereditary cancer-predisposing syndrome; Hereditary nonpolyposis colorectal neoplasms; not provided,"('MLH1', 'NM_000249.4(MLH1):c.2219T>C (p.Ile740Thr)')",0.6819,LPath,True
TSC2,NM_000548.5(TSC2):c.3583G>A (p.Ala1195Thr),1195,Unannotated / linker,84.69,4.198291778564453,124.0,1.0,True,0.7056300237604899,True,agree: both flag,Tuberous sclerosis 2,"('TSC2', 'NM_000548.5(TSC2):c.3583G>A (p.Ala1195Thr)')",0.9149,LPath,True
TSC2,NM_000548.5(TSC2):c.3583G>C (p.Ala1195Pro),1195,Unannotated / linker,84.69,4.198291778564453,124.0,1.0,True,0.7056300237604899,True,agree: both flag,Tuberous sclerosis 2,"('TSC2', 'NM_000548.5(TSC2):c.3583G>C (p.Ala1195Pro)')",0.9997,LPath,True
TSC2,NM_000548.5(TSC2):c.3584C>G (p.Ala1195Gly),1195,Unannotated / linker,84.69,4.198291778564453,124.0,1.0,True,0.7056300237604899,True,agree: both flag,Tuberous sclerosis 2; Hereditary cancer-predisposing syndrome,"('TSC2', 'NM_000548.5(TSC2):c.3584C>G (p.Ala1195Gly)')",0.6381,LPath,True
PTEN,NM_000314.8(PTEN):c.1040T>C (p.Phe347Ser),347,C2 (tensin-type) domain,96.25,4.6008501052856445,152.0,1.0,True,0.7025650337543686,True,agree: both flag,Hereditary cancer-predisposing syndrome,"('PTEN', 'NM_000314.8(PTEN):c.1040T>C (p.Phe347Ser)')",0.9997,LPath,True
SCN1A,NM_001165963.4(SCN1A):c.3044C>T (p.Ala1015Val),1015,II,67.44,5.533146381378174,247.0,1.0,True,0.6964580909317257,True,agree: both flag,"Early-infantile DEE; not provided; Migraine, familial hemiplegic, 3; Generalized epilepsy with febrile seizures plus, type 2","('SCN1A', 'NM_001165963.4(SCN1A):c.3044C>T (p.Ala1015Val)')",0.9079,LPath,True
SCN1A,NM_001165963.4(SCN1A):c.3043G>A (p.Ala1015Thr),1015,II,67.44,5.533146381378174,247.0,1.0,True,0.6964580909317257,True,agree: both flag,Early-infantile DEE,"('SCN1A', 'NM_001165963.4(SCN1A):c.3043G>A (p.Ala1015Thr)')",0.8435,LPath,True
PTEN,NM_000314.8(PTEN):c.1034T>A (p.Leu345Gln),345,C2 (tensin-type) domain,97.12,4.670477867126465,147.0,1.0,True,0.695924074619673,True,agree: both flag,PTEN hamartoma tumor syndrome,"('PTEN', 'NM_000314.8(PTEN):c.1034T>A (p.Leu345Gln)')",0.9985,LPath,True
TP53,NM_000546.6(TP53):c.308A>C (p.Tyr103Ser),103,DNA-binding domain,98.12,4.885197639465332,164.0,1.0,True,0.6942377610485204,True,agree: both flag,Li-Fraumeni syndrome,"('TP53', 'NM_000546.6(TP53):c.308A>C (p.Tyr103Ser)')",0.7037,LPath,True
TP53,NM_000546.6(TP53):c.307_309delinsCAG (p.Tyr103Gln),103,DNA-binding domain,98.12,4.885197639465332,164.0,1.0,True,0.6942377610485204,True,agree: both flag,Li-Fraumeni syndrome,"('TP53', 'NM_000546.6(TP53):c.307_309delinsCAG (p.Tyr103Gln)')",0.9228,LPath,True
TSC2,NM_000548.5(TSC2):c.3118G>T (p.Ala1040Ser),1040,Unannotated / linker,75.25,4.95080041885376,164.0,1.0,True,0.6900295690901269,True,agree: both flag,Tuberous sclerosis 2,"('TSC2', 'NM_000548.5(TSC2):c.3118G>T (p.Ala1040Ser)')",0.3511,Amb,False
TSC2,NM_000548.5(TSC2):c.3119C>T (p.Ala1040Val),1040,Unannotated / linker,75.25,4.95080041885376,164.0,1.0,True,0.6900295690901269,True,agree: both flag,not provided; Tuberous sclerosis 2; Hereditary cancer-predisposing syndrome; Tuberous sclerosis syndrome,"('TSC2', 'NM_000548.5(TSC2):c.3119C>T (p.Ala1040Val)')",0.751,LPath,True
TSC2,NM_000548.5(TSC2):c.3119C>G (p.Ala1040Gly),1040,Unannotated / linker,75.25,4.95080041885376,164.0,1.0,True,0.6900295690901269,True,agree: both flag,Tuberous sclerosis 2; Hereditary cancer-predisposing syndrome,"('TSC2', 'NM_000548.5(TSC2):c.3119C>G (p.Ala1040Gly)')",0.7617,LPath,True
TSC2,NM_000548.5(TSC2):c.3118G>A (p.Ala1040Thr),1040,Unannotated / linker,75.25,4.95080041885376,164.0,1.0,True,0.6900295690901269,True,agree: both flag,Tuberous sclerosis 2,"('TSC2', 'NM_000548.5(TSC2):c.3118G>A (p.Ala1040Thr)')",0.5818,LPath,True
ABCA4,NM_000350.3(ABCA4):c.1586A>G (p.Asn529Ser),529,Unannotated / linker,86.31,4.546522617340088,127.0,1.0,True,0.6897796517855213,True,agree: both flag,not provided; Retinal dystrophy,"('ABCA4', 'NM_000350.3(ABCA4):c.1586A>G (p.Asn529Ser)')",0.0589,LBen,False
PTEN,NM_000314.8(PTEN):c.1027G>A (p.Val343Met),343,C2 (tensin-type) domain,97.5,4.782336235046387,143.0,1.0,True,0.6878514924279101,True,agree: both flag,"Hereditary cancer-predisposing syndrome, PTEN hamartoma tumor syndrome","('PTEN', 'NM_000314.8(PTEN):c.1027G>A (p.Val343Met)')",0.981,LPath,True
PTEN,NM_000314.8(PTEN):c.1028T>G (p.Val343Gly),343,C2 (tensin-type) domain,97.5,4.782336235046387,143.0,1.0,True,0.6878514924279101,True,agree: both flag,Hereditary cancer-predisposing syndrome,"('PTEN', 'NM_000314.8(PTEN):c.1028T>G (p.Val343Gly)')",0.9759,LPath,True
ENG,NM_001114753.3(ENG):c.103G>T (p.Val35Leu),35,Required for interaction with GDF2,89.19,5.074446678161621,170.0,1.0,True,0.6871107248668104,True,agree: both flag,Hereditary hemorrhagic telangiectasia,"('ENG', 'NM_001114753.3(ENG):c.103G>T (p.Val35Leu)')",0.127,LBen,False
MLH1,NM_000249.4(MLH1):c.526A>C (p.Ile176Leu),176,Unannotated / linker,95.38,4.844263076782227,147.0,1.0,True,0.6869046821340615,True,agree: both flag,not provided; Hereditary cancer-predisposing syndrome,"('MLH1', 'NM_000249.4(MLH1):c.526A>C (p.Ile176Leu)')",0.4189,Amb,False
MLH1,NM_000249.4(MLH1):c.526A>G (p.Ile176Val),176,Unannotated / linker,95.38,4.844263076782227,147.0,1.0,True,0.6869046821340615,True,agree: both flag,Hereditary cancer-predisposing syndrome,"('MLH1', 'NM_000249.4(MLH1):c.526A>G (p.Ile176Val)')",0.1289,LBen,False
MLH1,NM_000249.4(MLH1):c.526A>T (p.Ile176Phe),176,Unannotated / linker,95.38,4.844263076782227,147.0,1.0,True,0.6869046821340615,True,agree: both flag,Hereditary nonpolyposis colorectal neoplasms; Hereditary cancer-predisposing syndrome,"('MLH1', 'NM_000249.4(MLH1):c.526A>T (p.Ile176Phe)')",0.9025,LPath,True
MLH1,NM_000249.4(MLH1):c.527T>A (p.Ile176Asn),176,Unannotated / linker,95.38,4.844263076782227,147.0,1.0,True,0.6869046821340615,True,agree: both flag,Hereditary cancer-predisposing syndrome,"('MLH1', 'NM_000249.4(MLH1):c.527T>A (p.Ile176Asn)')",0.9705,LPath,True
MLH1,NM_000249.4(MLH1):c.587A>G (p.Lys196Arg),196,Unannotated / linker,94.94,4.823838233947754,145.0,1.0,True,0.6868028457396274,True,agree: both flag,Hereditary cancer-predisposing syndrome,"('MLH1', 'NM_000249.4(MLH1):c.587A>G (p.Lys196Arg)')",0.0949,LBen,False
MSH6,NM_000179.3(MSH6):c.1603T>G (p.Tyr535Asp),535,Unannotated / linker,90.06,5.642922878265381,237.0,1.0,True,0.6866720333550287,True,agree: both flag,Hereditary nonpolyposis colorectal neoplasms; Hereditary cancer-predisposing syndrome,"('MSH6', 'NM_000179.3(MSH6):c.1603T>G (p.Tyr535Asp)')",0.0691,LBen,False
MSH6,NM_000179.3(MSH6):c.1603T>A (p.Tyr535Asn),535,Unannotated / linker,90.06,5.642922878265381,237.0,1.0,True,0.6866720333550287,True,agree: both flag,Hereditary nonpolyposis colorectal neoplasms,"('MSH6', 'NM_000179.3(MSH6):c.1603T>A (p.Tyr535Asn)')",0.0464,LBen,False
MSH6,NM_000179.3(MSH6):c.1604A>G (p.Tyr535Cys),535,Unannotated / linker,90.06,5.642922878265381,237.0,1.0,True,0.6866720333550287,True,agree: both flag,Hereditary nonpolyposis colorectal neoplasms; Hereditary cancer-predisposing syndrome,"('MSH6', 'NM_000179.3(MSH6):c.1604A>G (p.Tyr535Cys)')",0.0509,LBen,False
MSH6,NM_000179.3(MSH6):c.1702T>G (p.Phe568Val),568,Unannotated / linker,98.12,4.760739803314209,138.0,1.0,True,0.6860805774171947,True,agree: both flag,Hereditary cancer-predisposing syndrome; Hereditary nonpolyposis colorectal neoplasms,"('MSH6', 'NM_000179.3(MSH6):c.1702T>G (p.Phe568Val)')",0.416,Amb,False
MSH6,NM_000179.3(MSH6):c.1704T>A (p.Phe568Leu),568,Unannotated / linker,98.12,4.760739803314209,138.0,1.0,True,0.6860805774171947,True,agree: both flag,not provided,"('MSH6', 'NM_000179.3(MSH6):c.1704T>A (p.Phe568Leu)')",0.9643,LPath,True
MSH6,NM_000179.3(MSH6):c.1702T>C (p.Phe568Leu),568,Unannotated / linker,98.12,4.760739803314209,138.0,1.0,True,0.6860805774171947,True,agree: both flag,Hereditary nonpolyposis colorectal neoplasms; Hereditary cancer-predisposing syndrome,"('MSH6', 'NM_000179.3(MSH6):c.1702T>C (p.Phe568Leu)')",0.9643,LPath,True
MSH6,NM_000179.3(MSH6):c.1703T>G (p.Phe568Cys),568,Unannotated / linker,98.12,4.760739803314209,138.0,1.0,True,0.6860805774171947,True,agree: both flag,Endometrial carcinoma,"('MSH6', 'NM_000179.3(MSH6):c.1703T>G (p.Phe568Cys)')",0.5895,LPath,True
MSH6,NM_000179.3(MSH6):c.1703T>C (p.Phe568Ser),568,Unannotated / linker,98.12,4.760739803314209,138.0,1.0,True,0.6860805774171947,True,agree: both flag,Hereditary cancer-predisposing syndrome,"('MSH6', 'NM_000179.3(MSH6):c.1703T>C (p.Phe568Ser)')",0.9701,LPath,True
RET,NM_020975.6(RET):c.2420C>T (p.Ala807Val),807,Protein kinase,93.69,3.912059545516968,76.0,1.0,True,0.6837116897981984,True,agree: both flag,"Hereditary cancer-predisposing syndrome; Multiple endocrine neoplasia, type 2; Hirschsprung disease, susceptibility to, 1","('RET', 'NM_020975.6(RET):c.2420C>T (p.Ala807Val)')",0.7922,LPath,True
RET,NM_020975.6(RET):c.2420C>G (p.Ala807Gly),807,Protein kinase,93.69,3.912059545516968,76.0,1.0,True,0.6837116897981984,True,agree: both flag,Hereditary cancer-predisposing syndrome; Multiple endocrine neoplasia type 2A,"('RET', 'NM_020975.6(RET):c.2420C>G (p.Ala807Gly)')",0.7013,LPath,True
RET,NM_020975.6(RET):c.2419G>A (p.Ala807Thr),807,Protein kinase,93.69,3.912059545516968,76.0,1.0,True,0.6837116897981984,True,agree: both flag,"See cases; Multiple endocrine neoplasia, type 2; Hirschsprung disease, susceptibility to, 1","('RET', 'NM_020975.6(RET):c.2419G>A (p.Ala807Thr)')",0.6786,LPath,True
RET,NM_020975.6(RET):c.2419G>T (p.Ala807Ser),807,Protein kinase,93.69,3.912059545516968,76.0,1.0,True,0.6837116897981984,True,agree: both flag,"Multiple endocrine neoplasia, type 2","('RET', 'NM_020975.6(RET):c.2419G>T (p.Ala807Ser)')",0.3489,Amb,False
COL5A1,NM_000093.5(COL5A1):c.364G>C (p.Glu122Gln),122,Laminin G-like,88.19,3.9988412857055664,81.0,1.0,True,0.6836648224904583,True,agree: both flag,"Ehlers-Danlos syndrome, classic type, 1","('COL5A1', 'NM_000093.5(COL5A1):c.364G>C (p.Glu122Gln)')",0.1207,LBen,False
COL5A1,NM_000093.5(COL5A1):c.364G>A (p.Glu122Lys),122,Laminin G-like,88.19,3.9988412857055664,81.0,1.0,True,0.6836648224904583,True,agree: both flag,"Ehlers-Danlos syndrome, classic type, 1","('COL5A1', 'NM_000093.5(COL5A1):c.364G>A (p.Glu122Lys)')",0.142,LBen,False
COL5A1,NM_000093.5(COL5A1):c.365A>G (p.Glu122Gly),122,Laminin G-like,88.19,3.9988412857055664,81.0,1.0,True,0.6836648224904583,True,agree: both flag,"Ehlers-Danlos syndrome, classic type, 1","('COL5A1', 'NM_000093.5(COL5A1):c.365A>G (p.Glu122Gly)')",0.1965,LBen,False
MYO7A,NM_000260.4(MYO7A):c.1443C>A (p.Ser481Arg),481,Myosin motor,85.69,5.802511692047119,241.0,1.0,True,0.6791151807480552,True,agree: both flag,not provided,"('MYO7A', 'NM_000260.4(MYO7A):c.1443C>A (p.Ser481Arg)')",0.1851,LBen,False
MYO7A,NM_000260.4(MYO7A):c.1442G>T (p.Ser481Ile),481,Myosin motor,85.69,5.802511692047119,241.0,1.0,True,0.6791151807480552,True,agree: both flag,not provided,"('MYO7A', 'NM_000260.4(MYO7A):c.1442G>T (p.Ser481Ile)')",0.2829,LBen,False
ABCA4,NM_000350.3(ABCA4):c.4688G>C (p.Gly1563Ala),1563,Unannotated / linker,78.31,4.9543633460998535,143.0,1.0,True,0.6786350589298425,True,agree: both flag,not provided,"('ABCA4', 'NM_000350.3(ABCA4):c.4688G>C (p.Gly1563Ala)')",0.3535,Amb,False
ABCA4,NM_000350.3(ABCA4):c.4687G>A (p.Gly1563Arg),1563,Unannotated / linker,78.31,4.9543633460998535,143.0,1.0,True,0.6786350589298425,True,agree: both flag,Retinal dystrophy,"('ABCA4', 'NM_000350.3(ABCA4):c.4687G>A (p.Gly1563Arg)')",0.6928,LPath,True
PMS2,NM_000535.7(PMS2):c.2545A>T (p.Thr849Ser),849,Unannotated / linker,92.56,5.047046184539795,150.0,1.0,True,0.6782611878406226,True,agree: both flag,Hereditary nonpolyposis colorectal neoplasms,"('PMS2', 'NM_000535.7(PMS2):c.2545A>T (p.Thr849Ser)')",0.906,LPath,True
PMS2,NM_000535.7(PMS2):c.2546C>T (p.Thr849Ile),849,Unannotated / linker,92.56,5.047046184539795,150.0,1.0,True,0.6782611878406226,True,agree: both flag,Hereditary nonpolyposis colorectal neoplasms; Hereditary cancer-predisposing syndrome; not provided,"('PMS2', 'NM_000535.7(PMS2):c.2546C>T (p.Thr849Ile)')",0.9838,LPath,True
PMS2,NM_000535.7(PMS2):c.2546C>G (p.Thr849Ser),849,Unannotated / linker,92.56,5.047046184539795,150.0,1.0,True,0.6782611878406226,True,agree: both flag,Hereditary nonpolyposis colorectal neoplasms; Hereditary cancer-predisposing syndrome,"('PMS2', 'NM_000535.7(PMS2):c.2546C>G (p.Thr849Ser)')",0.906,LPath,True
ATP7A,NM_000052.7(ATP7A):c.3547G>A (p.Gly1183Ser),1183,Unannotated / linker,91.5,3.866796970367432,65.0,1.0,True,0.6764752162883634,True,agree: both flag,"Cutis laxa, X-linked","('ATP7A', 'NM_000052.7(ATP7A):c.3547G>A (p.Gly1183Ser)')",0.9637,LPath,True
MYBPC3,NM_000256.3(MYBPC3):c.1357C>G (p.Pro453Ala),453,Ig-like C2-type 3,72.44,4.114938259124756,78.0,1.0,True,0.6757177177246265,True,agree: both flag,Hypertrophic cardiomyopathy 4; Left ventricular noncompaction 10; Cardiomyopathy; Hypertrophic cardiomyopathy; Cardiovascular phenotype,"('MYBPC3', 'NM_000256.3(MYBPC3):c.1357C>G (p.Pro453Ala)')",0.1059,LBen,False
MYBPC3,NM_000256.3(MYBPC3):c.1358C>T (p.Pro453Leu),453,Ig-like C2-type 3,72.44,4.114938259124756,78.0,1.0,True,0.6757177177246265,True,agree: both flag,Hypertrophic cardiomyopathy,"('MYBPC3', 'NM_000256.3(MYBPC3):c.1358C>T (p.Pro453Leu)')",0.2146,LBen,False
MYBPC3,NM_000256.3(MYBPC3):c.1357C>A (p.Pro453Thr),453,Ig-like C2-type 3,72.44,4.114938259124756,78.0,1.0,True,0.6757177177246265,True,agree: both flag,Hypertrophic cardiomyopathy,"('MYBPC3', 'NM_000256.3(MYBPC3):c.1357C>A (p.Pro453Thr)')",0.1732,LBen,False
RET,NM_020975.6(RET):c.1303G>A (p.Gly435Ser),435,Cadherin-like region 4 (CLD4),87.75,5.12591552734375,148.0,1.0,True,0.6731906197682722,True,agree: both flag,"Multiple endocrine neoplasia, type 2; Hirschsprung disease, susceptibility to, 1","('RET', 'NM_020975.6(RET):c.1303G>A (p.Gly435Ser)')",0.2092,LBen,False
MSH2,NM_000251.3(MSH2):c.877A>C (p.Thr293Pro),293,Unannotated / linker,88.38,4.823130130767822,118.0,1.0,True,0.6711901732363678,True,agree: both flag,Hereditary nonpolyposis colorectal neoplasms,"('MSH2', 'NM_000251.3(MSH2):c.877A>C (p.Thr293Pro)')",0.0884,LBen,False
MSH2,NM_000251.3(MSH2):c.878C>A (p.Thr293Asn),293,Unannotated / linker,88.38,4.823130130767822,118.0,1.0,True,0.6711901732363678,True,agree: both flag,Hereditary nonpolyposis colorectal neoplasms,"('MSH2', 'NM_000251.3(MSH2):c.878C>A (p.Thr293Asn)')",0.0967,LBen,False
MSH2,NM_000251.3(MSH2):c.878C>T (p.Thr293Ile),293,Unannotated / linker,88.38,4.823130130767822,118.0,1.0,True,0.6711901732363678,True,agree: both flag,Hereditary cancer-predisposing syndrome,"('MSH2', 'NM_000251.3(MSH2):c.878C>T (p.Thr293Ile)')",0.1343,LBen,False
COL2A1,NM_001844.5(COL2A1):c.4459T>A (p.Leu1487Met),1487,Fibrillar collagen NC1,94.25,4.671621799468994,105.0,1.0,True,0.6704801534178225,True,agree: both flag,not provided,"('COL2A1', 'NM_001844.5(COL2A1):c.4459T>A (p.Leu1487Met)')",0.1705,LBen,False
MLH1,NM_000249.4(MLH1):c.2184T>G (p.Ile728Met),728,Unannotated / linker,88.5,5.433468341827393,169.0,1.0,True,0.668301733171959,True,agree: both flag,Hereditary nonpolyposis colorectal neoplasms,"('MLH1', 'NM_000249.4(MLH1):c.2184T>G (p.Ile728Met)')",0.089,LBen,False
MLH1,NM_000249.4(MLH1):c.2182A>T (p.Ile728Phe),728,Unannotated / linker,88.5,5.433468341827393,169.0,1.0,True,0.668301733171959,True,agree: both flag,Hereditary nonpolyposis colorectal neoplasms,"('MLH1', 'NM_000249.4(MLH1):c.2182A>T (p.Ile728Phe)')",0.1013,LBen,False
TP53,NM_000546.6(TP53):c.482C>T (p.Ala161Val),161,DNA-binding domain,98.31,4.558974266052246,92.0,1.0,True,0.6673402517811746,True,agree: both flag,"Hereditary cancer-predisposing syndrome, Li-Fraumeni syndrome","('TP53', 'NM_000546.6(TP53):c.482C>T (p.Ala161Val)')",0.8937,LPath,True
TP53,NM_000546.6(TP53):c.482_483delinsGA (p.Ala161Gly),161,DNA-binding domain,98.31,4.558974266052246,92.0,1.0,True,0.6673402517811746,True,agree: both flag,Hereditary cancer-predisposing syndrome,"('TP53', 'NM_000546.6(TP53):c.482_483delinsGA (p.Ala161Gly)')",0.7679,LPath,True
MSH6,NM_000179.3(MSH6):c.3383A>C (p.Tyr1128Ser),1128,Unannotated / linker,89.81,4.866586208343506,114.0,1.0,True,0.6669647427258703,True,agree: both flag,Breast and/or ovarian cancer; Hereditary cancer-predisposing syndrome; Hereditary nonpolyposis colorectal neoplasms,"('MSH6', 'NM_000179.3(MSH6):c.3383A>C (p.Tyr1128Ser)')",0.0736,LBen,False
MSH6,NM_000179.3(MSH6):c.3382T>C (p.Tyr1128His),1128,Unannotated / linker,89.81,4.866586208343506,114.0,1.0,True,0.6669647427258703,True,agree: both flag,Hereditary cancer-predisposing syndrome; Hereditary nonpolyposis colorectal neoplasms,"('MSH6', 'NM_000179.3(MSH6):c.3382T>C (p.Tyr1128His)')",0.1094,LBen,False
TP53,NM_000546.6(TP53):c.304A>G (p.Thr102Ala),102,DNA-binding domain,97.5,5.436145305633545,165.0,1.0,True,0.6666357649259291,True,agree: both flag,Hereditary cancer-predisposing syndrome,"('TP53', 'NM_000546.6(TP53):c.304A>G (p.Thr102Ala)')",0.081,LBen,False
COL5A1,NM_000093.5(COL5A1):c.5065G>A (p.Gly1689Arg),1689,Fibrillar collagen NC1,90.12,5.197854518890381,140.0,1.0,True,0.6657658519286535,True,agree: both flag,"Ehlers-Danlos syndrome, classic type, 1","('COL5A1', 'NM_000093.5(COL5A1):c.5065G>A (p.Gly1689Arg)')",0.7379,LPath,True
COL5A1,NM_000093.5(COL5A1):c.5066G>T (p.Gly1689Val),1689,Fibrillar collagen NC1,90.12,5.197854518890381,140.0,1.0,True,0.6657658519286535,True,agree: both flag,"Ehlers-Danlos syndrome, classic type, 1","('COL5A1', 'NM_000093.5(COL5A1):c.5066G>T (p.Gly1689Val)')",0.3327,LBen,False
MLH1,NM_000249.4(MLH1):c.160_161delinsAA (p.Gly54Lys),54,Unannotated / linker,90.25,4.952489376068115,118.0,1.0,True,0.6653837032368042,True,agree: both flag,Hereditary nonpolyposis colorectal neoplasms,"('MLH1', 'NM_000249.4(MLH1):c.160_161delinsAA (p.Gly54Lys)')",0.9981,LPath,True
MLH1,NM_000249.4(MLH1):c.160G>A (p.Gly54Arg),54,Unannotated / linker,90.25,4.952489376068115,118.0,1.0,True,0.6653837032368042,True,agree: both flag,"Hereditary nonpolyposis colorectal neoplasms; Hereditary cancer-predisposing syndrome; Colorectal cancer, hereditary nonpolyposis, type 2","('MLH1', 'NM_000249.4(MLH1):c.160G>A (p.Gly54Arg)')",0.9948,LPath,True
RET,NM_020975.6(RET):c.113A>T (p.Glu38Val),38,Cadherin-like region 1 (CLD1),94.5,4.882510185241699,109.0,1.0,True,0.663554757048201,True,agree: both flag,"Multiple endocrine neoplasia, type 2; Hereditary cancer-predisposing syndrome","('RET', 'NM_020975.6(RET):c.113A>T (p.Glu38Val)')",0.6197,LPath,True
ABCA4,NM_000350.3(ABCA4):c.742G>A (p.Val248Met),248,Unannotated / linker,72.38,4.616988658905029,91.0,1.0,True,0.6633685394383468,True,agree: both flag,Inborn genetic diseases; not provided,"('ABCA4', 'NM_000350.3(ABCA4):c.742G>A (p.Val248Met)')",0.1267,LBen,False
RET,NM_020975.6(RET):c.523C>T (p.Arg175Cys),175,Cadherin,94.31,5.30385160446167,143.0,1.0,True,0.6624454201160732,True,agree: both flag,"Hereditary cancer-predisposing syndrome; not provided; Multiple endocrine neoplasia, type 2","('RET', 'NM_020975.6(RET):c.523C>T (p.Arg175Cys)')",0.2008,LBen,False
RET,NM_020975.6(RET):c.524G>A (p.Arg175His),175,Cadherin,94.31,5.30385160446167,143.0,1.0,True,0.6624454201160732,True,agree: both flag,"Hereditary cancer-predisposing syndrome; Multiple endocrine neoplasia, type 2","('RET', 'NM_020975.6(RET):c.524G>A (p.Arg175His)')",0.0997,LBen,False
RET,NM_020975.6(RET):c.524G>C (p.Arg175Pro),175,Cadherin,94.31,5.30385160446167,143.0,1.0,True,0.6624454201160732,True,agree: both flag,not provided,"('RET', 'NM_020975.6(RET):c.524G>C (p.Arg175Pro)')",0.6659,LPath,True
RET,NM_020975.6(RET):c.523C>A (p.Arg175Ser),175,Cadherin,94.31,5.30385160446167,143.0,1.0,True,0.6624454201160732,True,agree: both flag,Hereditary cancer-predisposing syndrome,"('RET', 'NM_020975.6(RET):c.523C>A (p.Arg175Ser)')",0.467,Amb,False
RET,NM_020975.6(RET):c.524G>T (p.Arg175Leu),175,Cadherin,94.31,5.30385160446167,143.0,1.0,True,0.6624454201160732,True,agree: both flag,"Multiple endocrine neoplasia, type 2","('RET', 'NM_020975.6(RET):c.524G>T (p.Arg175Leu)')",0.2312,LBen,False
ABCA4,NM_000350.3(ABCA4):c.6494A>G (p.Tyr2165Cys),2165,ABC transporter 2,82.69,4.367427349090576,73.0,1.0,True,0.6619387993476827,True,agree: both flag,Retinal dystrophy; not provided,"('ABCA4', 'NM_000350.3(ABCA4):c.6494A>G (p.Tyr2165Cys)')",0.6475,LPath,True
TSC2,NM_000548.5(TSC2):c.3125C>G (p.Pro1042Arg),1042,Unannotated / linker,78.94,5.562305450439453,164.0,1.0,True,0.6594560607132236,True,agree: both flag,Tuberous sclerosis 2,"('TSC2', 'NM_000548.5(TSC2):c.3125C>G (p.Pro1042Arg)')",0.989,LPath,True
TSC2,NM_000548.5(TSC2):c.3124C>A (p.Pro1042Thr),1042,Unannotated / linker,78.94,5.562305450439453,164.0,1.0,True,0.6594560607132236,True,agree: both flag,not provided,"('TSC2', 'NM_000548.5(TSC2):c.3124C>A (p.Pro1042Thr)')",0.9698,LPath,True
TSC2,NM_000548.5(TSC2):c.3124C>T (p.Pro1042Ser),1042,Unannotated / linker,78.94,5.562305450439453,164.0,1.0,True,0.6594560607132236,True,agree: both flag,Hereditary cancer-predisposing syndrome,"('TSC2', 'NM_000548.5(TSC2):c.3124C>T (p.Pro1042Ser)')",0.9647,LPath,True
PTEN,NM_000314.8(PTEN):c.1022T>G (p.Phe341Cys),341,C2 (tensin-type) domain,98.0,5.332069396972656,139.0,1.0,True,0.6593293575130929,True,agree: both flag,PTEN hamartoma tumor syndrome,"('PTEN', 'NM_000314.8(PTEN):c.1022T>G (p.Phe341Cys)')",0.9953,LPath,True
PTEN,NM_000314.8(PTEN):c.1021T>A (p.Phe341Ile),341,C2 (tensin-type) domain,98.0,5.332069396972656,139.0,1.0,True,0.6593293575130929,True,agree: both flag,PTEN hamartoma tumor syndrome,"('PTEN', 'NM_000314.8(PTEN):c.1021T>A (p.Phe341Ile)')",0.9961,LPath,True
ABCA4,NM_000350.3(ABCA4):c.3017G>T (p.Gly1006Val),1006,ABC transporter 1,85.25,4.392241477966309,69.0,1.0,True,0.6582475236035937,True,agree: both flag,not provided,"('ABCA4', 'NM_000350.3(ABCA4):c.3017G>T (p.Gly1006Val)')",0.6777,LPath,True
MSH2,NM_000251.3(MSH2):c.2000T>C (p.Ile667Thr),667,Interaction with EXO1,94.06,5.301371097564697,134.0,1.0,True,0.6581570555425721,True,agree: both flag,not provided,"('MSH2', 'NM_000251.3(MSH2):c.2000T>C (p.Ile667Thr)')",0.9683,LPath,True
MSH6,NM_000179.3(MSH6):c.1881T>G (p.Phe627Leu),627,Unannotated / linker,97.5,4.215640068054199,59.0,1.0,True,0.6581441703097469,True,agree: both flag,Endometrial carcinoma,"('MSH6', 'NM_000179.3(MSH6):c.1881T>G (p.Phe627Leu)')",0.9489,LPath,True
ABCA4,NM_000350.3(ABCA4):c.1198T>C (p.Tyr400His),400,Unannotated / linker,93.81,5.496091365814209,150.0,1.0,True,0.6568023709423221,True,agree: both flag,not provided,"('ABCA4', 'NM_000350.3(ABCA4):c.1198T>C (p.Tyr400His)')",0.416,Amb,False
RET,NM_020975.6(RET):c.555C>A (p.Phe185Leu),185,Cadherin,94.94,5.582608699798584,153.0,1.0,True,0.6541878817054146,True,agree: both flag,"Multiple endocrine neoplasia, type 2","('RET', 'NM_020975.6(RET):c.555C>A (p.Phe185Leu)')",0.9383,LPath,True
RET,NM_020975.6(RET):c.553T>G (p.Phe185Val),185,Cadherin,94.94,5.582608699798584,153.0,1.0,True,0.6541878817054146,True,agree: both flag,Hereditary cancer-predisposing syndrome,"('RET', 'NM_020975.6(RET):c.553T>G (p.Phe185Val)')",0.55,Amb,False
PMS2,NM_000535.7(PMS2):c.378C>G (p.His126Gln),126,Unannotated / linker,95.81,4.181015491485596,52.0,1.0,True,0.6540487675709764,True,agree: both flag,Hereditary nonpolyposis colorectal neoplasms; Hereditary cancer-predisposing syndrome; not provided; Lynch syndrome; Lynch syndrome 4,"('PMS2', 'NM_000535.7(PMS2):c.378C>G (p.His126Gln)')",0.6079,LPath,True
PMS2,NM_000535.7(PMS2):c.376C>T (p.His126Tyr),126,Unannotated / linker,95.81,4.181015491485596,52.0,1.0,True,0.6540487675709764,True,agree: both flag,not provided; Hereditary nonpolyposis colorectal neoplasms; Hereditary cancer-predisposing syndrome; Lynch syndrome 4,"('PMS2', 'NM_000535.7(PMS2):c.376C>T (p.His126Tyr)')",0.3023,LBen,False
PMS2,NM_000535.7(PMS2):c.376C>G (p.His126Asp),126,Unannotated / linker,95.81,4.181015491485596,52.0,1.0,True,0.6540487675709764,True,agree: both flag,Hereditary cancer-predisposing syndrome; not provided; Lynch syndrome 4; Hereditary nonpolyposis colorectal neoplasms,"('PMS2', 'NM_000535.7(PMS2):c.376C>G (p.His126Asp)')",0.4254,Amb,False
PMS2,NM_000535.7(PMS2):c.378C>A (p.His126Gln),126,Unannotated / linker,95.81,4.181015491485596,52.0,1.0,True,0.6540487675709764,True,agree: both flag,Hereditary nonpolyposis colorectal neoplasms,"('PMS2', 'NM_000535.7(PMS2):c.378C>A (p.His126Gln)')",0.6079,LPath,True
MLH1,NM_000249.4(MLH1):c.2216A>C (p.Asn739Thr),739,Unannotated / linker,89.69,5.904433727264404,189.0,1.0,True,0.653622052000371,True,agree: both flag,Hereditary cancer-predisposing syndrome; Hereditary nonpolyposis colorectal neoplasms,"('MLH1', 'NM_000249.4(MLH1):c.2216A>C (p.Asn739Thr)')",0.0744,LBen,False
MLH1,NM_000249.4(MLH1):c.2216A>G (p.Asn739Ser),739,Unannotated / linker,89.69,5.904433727264404,189.0,1.0,True,0.653622052000371,True,agree: both flag,Hereditary cancer-predisposing syndrome,"('MLH1', 'NM_000249.4(MLH1):c.2216A>G (p.Asn739Ser)')",0.0564,LBen,False
MLH1,NM_000249.4(MLH1):c.2215A>C (p.Asn739His),739,Unannotated / linker,89.69,5.904433727264404,189.0,1.0,True,0.653622052000371,True,agree: both flag,Hereditary cancer-predisposing syndrome,"('MLH1', 'NM_000249.4(MLH1):c.2215A>C (p.Asn739His)')",0.0779,LBen,False
MLH1,NM_000249.4(MLH1):c.166C>A (p.Leu56Met),56,Unannotated / linker,91.69,4.981406211853027,99.0,1.0,True,0.6536067581480156,True,agree: both flag,Hereditary cancer-predisposing syndrome,"('MLH1', 'NM_000249.4(MLH1):c.166C>A (p.Leu56Met)')",0.0903,LBen,False
MLH1,NM_000249.4(MLH1):c.166C>G (p.Leu56Val),56,Unannotated / linker,91.69,4.981406211853027,99.0,1.0,True,0.6536067581480156,True,agree: both flag,Hereditary nonpolyposis colorectal neoplasms,"('MLH1', 'NM_000249.4(MLH1):c.166C>G (p.Leu56Val)')",0.1595,LBen,False
RB1,NM_000321.3(RB1):c.1220G>A (p.Cys407Tyr),407,Pocket; binds T and E1A,98.12,4.489761829376221,67.0,1.0,True,0.6535866678211993,True,agree: both flag,Hereditary cancer-predisposing syndrome,"('RB1', 'NM_000321.3(RB1):c.1220G>A (p.Cys407Tyr)')",0.9971,LPath,True
RB1,NM_000321.3(RB1):c.1219T>C (p.Cys407Arg),407,Pocket; binds T and E1A,98.12,4.489761829376221,67.0,1.0,True,0.6535866678211993,True,agree: both flag,Retinoblastoma,"('RB1', 'NM_000321.3(RB1):c.1219T>C (p.Cys407Arg)')",0.9975,LPath,True
ENG,NM_001114753.3(ENG):c.137C>T (p.Thr46Ile),46,Required for interaction with GDF2,93.94,5.594384670257568,150.0,1.0,True,0.6522906062678241,True,agree: both flag,not provided; Hereditary hemorrhagic telangiectasia,"('ENG', 'NM_001114753.3(ENG):c.137C>T (p.Thr46Ile)')",0.4549,Amb,False
PTEN,NM_000314.8(PTEN):c.1031A>G (p.Lys344Arg),344,C2 (tensin-type) domain,96.94,5.564513683319092,146.0,1.0,True,0.6519773251777913,True,agree: both flag,Hereditary cancer-predisposing syndrome,"('PTEN', 'NM_000314.8(PTEN):c.1031A>G (p.Lys344Arg)')",0.1203,LBen,False
MYBPC3,NM_000256.3(MYBPC3):c.2035C>T (p.Pro679Ser),679,Ig-like C2-type 5,84.44,4.687800407409668,76.0,1.0,True,0.651451265065489,True,agree: both flag,Cardiovascular phenotype; Left ventricular noncompaction 10; Hypertrophic cardiomyopathy 4; Cardiomyopathy; Hypertrophic cardiomyopathy,"('MYBPC3', 'NM_000256.3(MYBPC3):c.2035C>T (p.Pro679Ser)')",0.6967,LPath,True
MYBPC3,NM_000256.3(MYBPC3):c.2035C>A (p.Pro679Thr),679,Ig-like C2-type 5,84.44,4.687800407409668,76.0,1.0,True,0.651451265065489,True,agree: both flag,not provided; Hypertrophic cardiomyopathy,"('MYBPC3', 'NM_000256.3(MYBPC3):c.2035C>A (p.Pro679Thr)')",0.6187,LPath,True
VHL,NM_000551.4(VHL):c.439A>G (p.Ile147Val),147,Involved in binding to CCT complex,97.5,4.651643753051758,73.0,1.0,True,0.6513832205678104,True,agree: both flag,not specified; not provided; Chuvash polycythemia; Von Hippel-Lindau syndrome; Hereditary cancer-predisposing syndrome; Pheochromocytoma; Nonpapillary renal cell carcinoma; Chuvash polycythemia; Von Hippel-Lindau syndrome; Von Hippel-Lindau syndrome; Chuvash polycythemia,"('VHL', 'NM_000551.4(VHL):c.439A>G (p.Ile147Val)')",0.092,LBen,False
VHL,NM_000551.4(VHL):c.440T>G (p.Ile147Ser),147,Involved in binding to CCT complex,97.5,4.651643753051758,73.0,1.0,True,0.6513832205678104,True,agree: both flag,not provided,"('VHL', 'NM_000551.4(VHL):c.440T>G (p.Ile147Ser)')",0.7766,LPath,True
VHL,NM_000551.4(VHL):c.439A>C (p.Ile147Leu),147,Involved in binding to CCT complex,97.5,4.651643753051758,73.0,1.0,True,0.6513832205678104,True,agree: both flag,Chuvash polycythemia; Von Hippel-Lindau syndrome,"('VHL', 'NM_000551.4(VHL):c.439A>C (p.Ile147Leu)')",0.3215,LBen,False
VHL,NM_000551.4(VHL):c.440T>C (p.Ile147Thr),147,Involved in binding to CCT complex,97.5,4.651643753051758,73.0,1.0,True,0.6513832205678104,True,agree: both flag,Chuvash polycythemia; Von Hippel-Lindau syndrome; Hereditary cancer-predisposing syndrome; not provided; Von Hippel-Lindau syndrome,"('VHL', 'NM_000551.4(VHL):c.440T>C (p.Ile147Thr)')",0.7372,LPath,True
RET,NM_020975.6(RET):c.520T>G (p.Phe174Val),174,Cadherin,94.81,5.544073104858398,142.0,1.0,True,0.6510324141433536,True,agree: both flag,"Multiple endocrine neoplasia, type 2","('RET', 'NM_020975.6(RET):c.520T>G (p.Phe174Val)')",0.5416,Amb,False
MSH6,NM_000179.3(MSH6):c.3475T>G (p.Tyr1159Asp),1159,Unannotated / linker,96.75,4.825599670410156,83.0,1.0,True,0.6508111060186632,True,agree: both flag,not provided,"('MSH6', 'NM_000179.3(MSH6):c.3475T>G (p.Tyr1159Asp)')",0.625,LPath,True
MSH6,NM_000179.3(MSH6):c.3475T>A (p.Tyr1159Asn),1159,Unannotated / linker,96.75,4.825599670410156,83.0,1.0,True,0.6508111060186632,True,agree: both flag,Hereditary cancer-predisposing syndrome,"('MSH6', 'NM_000179.3(MSH6):c.3475T>A (p.Tyr1159Asn)')",0.3565,Amb,False
ENG,NM_001114753.3(ENG):c.712G>T (p.Val238Leu),238,Required for interaction with GDF2,93.38,4.923595905303955,87.0,1.0,True,0.6491960703679471,True,agree: both flag,Hereditary hemorrhagic telangiectasia,"('ENG', 'NM_001114753.3(ENG):c.712G>T (p.Val238Leu)')",0.3702,Amb,False
MYBPC3,NM_000256.3(MYBPC3):c.3538G>A (p.Ala1180Thr),1180,Unannotated / linker,84.81,4.816386699676514,80.0,1.0,True,0.6489672649543936,True,agree: both flag,Cardiomyopathy,"('MYBPC3', 'NM_000256.3(MYBPC3):c.3538G>A (p.Ala1180Thr)')",0.1919,LBen,False
PMS2,NM_000535.7(PMS2):c.2431G>A (p.Ala811Thr),811,Unannotated / linker,90.81,5.189861297607422,106.0,1.0,True,0.6487541039361635,True,agree: both flag,Hereditary nonpolyposis colorectal neoplasms; Hereditary cancer-predisposing syndrome; not provided,"('PMS2', 'NM_000535.7(PMS2):c.2431G>A (p.Ala811Thr)')",0.9795,LPath,True
PMS2,NM_000535.7(PMS2):c.2432C>T (p.Ala811Val),811,Unannotated / linker,90.81,5.189861297607422,106.0,1.0,True,0.6487541039361635,True,agree: both flag,not specified; Hereditary nonpolyposis colorectal neoplasms; Hereditary cancer-predisposing syndrome,"('PMS2', 'NM_000535.7(PMS2):c.2432C>T (p.Ala811Val)')",0.9851,LPath,True
PMS2,NM_000535.7(PMS2):c.2431G>C (p.Ala811Pro),811,Unannotated / linker,90.81,5.189861297607422,106.0,1.0,True,0.6487541039361635,True,agree: both flag,Hereditary nonpolyposis colorectal neoplasms,"('PMS2', 'NM_000535.7(PMS2):c.2431G>C (p.Ala811Pro)')",0.9945,LPath,True
RET,NM_020975.6(RET):c.1300A>G (p.Ser434Gly),434,Cadherin-like region 4 (CLD4),91.12,5.64761209487915,147.0,1.0,True,0.6484748855378959,True,agree: both flag,"not provided; Pheochromocytoma; Multiple endocrine neoplasia type 2B; Hirschsprung disease, susceptibility to, 1; Familial medullary thyroid carcinoma; Multiple endocrine neoplasia type 2A; Hereditary cancer-predisposing syndrome; Multiple endocrine neoplasia, type 2","('RET', 'NM_020975.6(RET):c.1300A>G (p.Ser434Gly)')",0.1197,LBen,False
ENG,NM_001114753.3(ENG):c.943G>C (p.Val315Leu),315,Required for interaction with GDF2,96.0,5.053783416748047,94.0,1.0,True,0.6480586077491619,True,agree: both flag,Cardiovascular phenotype,"('ENG', 'NM_001114753.3(ENG):c.943G>C (p.Val315Leu)')",0.3368,LBen,False
ENG,NM_001114753.3(ENG):c.943G>T (p.Val315Leu),315,Required for interaction with GDF2,96.0,5.053783416748047,94.0,1.0,True,0.6480586077491619,True,agree: both flag,Hereditary hemorrhagic telangiectasia,"('ENG', 'NM_001114753.3(ENG):c.943G>T (p.Val315Leu)')",0.3368,LBen,False
MLH1,NM_000249.4(MLH1):c.590A>C (p.Gln197Pro),197,Unannotated / linker,92.25,5.652232646942139,146.0,1.0,True,0.6478735019392647,True,agree: both flag,Hereditary cancer-predisposing syndrome,"('MLH1', 'NM_000249.4(MLH1):c.590A>C (p.Gln197Pro)')",0.1639,LBen,False
MLH1,NM_000249.4(MLH1):c.589C>G (p.Gln197Glu),197,Unannotated / linker,92.25,5.652232646942139,146.0,1.0,True,0.6478735019392647,True,agree: both flag,Hereditary cancer-predisposing syndrome,"('MLH1', 'NM_000249.4(MLH1):c.589C>G (p.Gln197Glu)')",0.182,LBen,False
MLH1,NM_000249.4(MLH1):c.591A>T (p.Gln197His),197,Unannotated / linker,92.25,5.652232646942139,146.0,1.0,True,0.6478735019392647,True,agree: both flag,Hereditary nonpolyposis colorectal neoplasms,"('MLH1', 'NM_000249.4(MLH1):c.591A>T (p.Gln197His)')",0.1482,LBen,False
MYBPC3,NM_000256.3(MYBPC3):c.1122G>C (p.Gln374His),374,Ig-like C2-type 2,86.0,4.7670183181762695,74.0,1.0,True,0.6472534437545526,True,agree: both flag,Cardiomyopathy,"('MYBPC3', 'NM_000256.3(MYBPC3):c.1122G>C (p.Gln374His)')",0.5048,Amb,False
MYBPC3,NM_000256.3(MYBPC3):c.1360G>C (p.Val454Leu),454,Ig-like C2-type 3,81.88,4.81671667098999,77.0,1.0,True,0.6470545037598592,True,agree: both flag,Cardiovascular phenotype,"('MYBPC3', 'NM_000256.3(MYBPC3):c.1360G>C (p.Val454Leu)')",0.2759,LBen,False
MSH2,NM_000251.3(MSH2):c.2444A>G (p.Tyr815Cys),815,Unannotated / linker,85.75,5.641564846038818,141.0,1.0,True,0.6459500319919408,True,agree: both flag,"Hereditary nonpolyposis colorectal neoplasms; not provided; Lynch syndrome 1; Colorectal cancer, hereditary nonpolyposis, type 2","('MSH2', 'NM_000251.3(MSH2):c.2444A>G (p.Tyr815Cys)')",0.9262,LPath,True
MSH2,NM_000251.3(MSH2):c.2443T>C (p.Tyr815His),815,Unannotated / linker,85.75,5.641564846038818,141.0,1.0,True,0.6459500319919408,True,agree: both flag,Hereditary nonpolyposis colorectal neoplasms; Hereditary cancer-predisposing syndrome,"('MSH2', 'NM_000251.3(MSH2):c.2443T>C (p.Tyr815His)')",0.9291,LPath,True
MSH2,NM_000251.3(MSH2):c.2444A>T (p.Tyr815Phe),815,Unannotated / linker,85.75,5.641564846038818,141.0,1.0,True,0.6459500319919408,True,agree: both flag,Hereditary cancer-predisposing syndrome,"('MSH2', 'NM_000251.3(MSH2):c.2444A>T (p.Tyr815Phe)')",0.4126,Amb,False
PMS2,NM_000535.7(PMS2):c.968T>G (p.Leu323Arg),323,Unannotated / linker,96.69,4.420628070831299,52.0,1.0,True,0.6456819828114724,True,agree: both flag,Hereditary cancer-predisposing syndrome,"('PMS2', 'NM_000535.7(PMS2):c.968T>G (p.Leu323Arg)')",0.9864,LPath,True
PMS2,NM_000535.7(PMS2):c.967C>T (p.Leu323Phe),323,Unannotated / linker,96.69,4.420628070831299,52.0,1.0,True,0.6456819828114724,True,agree: both flag,not provided,"('PMS2', 'NM_000535.7(PMS2):c.967C>T (p.Leu323Phe)')",0.4258,Amb,False
PMS2,NM_000535.7(PMS2):c.967C>G (p.Leu323Val),323,Unannotated / linker,96.69,4.420628070831299,52.0,1.0,True,0.6456819828114724,True,agree: both flag,Lynch syndrome; Hereditary nonpolyposis colorectal neoplasms; Hereditary cancer-predisposing syndrome,"('PMS2', 'NM_000535.7(PMS2):c.967C>G (p.Leu323Val)')",0.2083,LBen,False
MSH2,NM_000251.3(MSH2):c.377G>T (p.Gly126Val),126,Unannotated / linker,80.19,4.772129535675049,72.0,1.0,True,0.6456381036785127,True,agree: both flag,Hereditary nonpolyposis colorectal neoplasms,"('MSH2', 'NM_000251.3(MSH2):c.377G>T (p.Gly126Val)')",0.9909,LPath,True
MSH2,NM_000251.3(MSH2):c.377G>A (p.Gly126Asp),126,Unannotated / linker,80.19,4.772129535675049,72.0,1.0,True,0.6456381036785127,True,agree: both flag,Hereditary nonpolyposis colorectal neoplasms; Hereditary cancer-predisposing syndrome,"('MSH2', 'NM_000251.3(MSH2):c.377G>A (p.Gly126Asp)')",0.998,LPath,True
MSH2,NM_000251.3(MSH2):c.376G>C (p.Gly126Arg),126,Unannotated / linker,80.19,4.772129535675049,72.0,1.0,True,0.6456381036785127,True,agree: both flag,Hereditary nonpolyposis colorectal neoplasms; Hereditary cancer-predisposing syndrome; Lynch syndrome,"('MSH2', 'NM_000251.3(MSH2):c.376G>C (p.Gly126Arg)')",0.9966,LPath,True
MYO7A,NM_000260.4(MYO7A):c.5236A>G (p.Ser1746Gly),1746,Unannotated / linker,86.62,4.855583667755127,76.0,1.0,True,0.6451555134276566,True,agree: both flag,not provided,"('MYO7A', 'NM_000260.4(MYO7A):c.5236A>G (p.Ser1746Gly)')",0.1,LBen,False
MYO7A,NM_000260.4(MYO7A):c.5237G>A (p.Ser1746Asn),1746,Unannotated / linker,86.62,4.855583667755127,76.0,1.0,True,0.6451555134276566,True,agree: both flag,not provided,"('MYO7A', 'NM_000260.4(MYO7A):c.5237G>A (p.Ser1746Asn)')",0.2334,LBen,False
ABCA4,NM_000350.3(ABCA4):c.5986G>A (p.Ala1996Thr),1996,ABC transporter 2,88.38,4.513343334197998,56.0,1.0,True,0.6449433705464722,True,agree: both flag,ABCA4-related retinopathy,"('ABCA4', 'NM_000350.3(ABCA4):c.5986G>A (p.Ala1996Thr)')",0.6157,LPath,True
MYBPC3,NM_000256.3(MYBPC3):c.53C>T (p.Ser18Leu),18,Unannotated / linker,92.56,4.808986186981201,72.0,1.0,True,0.6447002249454723,True,agree: both flag,Cardiomyopathy,"('MYBPC3', 'NM_000256.3(MYBPC3):c.53C>T (p.Ser18Leu)')",0.2647,LBen,False
ABCA4,NM_000350.3(ABCA4):c.6370G>A (p.Val2124Ile),2124,ABC transporter 2,92.19,5.836248397827148,157.0,1.0,True,0.6442161529559226,True,agree: both flag,not provided,"('ABCA4', 'NM_000350.3(ABCA4):c.6370G>A (p.Val2124Ile)')",0.0924,LBen,False
PTEN,NM_000314.8(PTEN):c.1025A>C (p.Lys342Thr),342,C2 (tensin-type) domain,97.75,5.705380916595459,142.0,1.0,True,0.6439938211927172,True,agree: both flag,"Hereditary cancer-predisposing syndrome, not provided","('PTEN', 'NM_000314.8(PTEN):c.1025A>C (p.Lys342Thr)')",0.7821,LPath,True
MSH6,NM_000179.3(MSH6):c.1783T>G (p.Leu595Val),595,Unannotated / linker,98.0,4.523026466369629,54.0,1.0,True,0.6435850437477165,True,agree: both flag,Hereditary cancer-predisposing syndrome,"('MSH6', 'NM_000179.3(MSH6):c.1783T>G (p.Leu595Val)')",0.1009,LBen,False
MSH6,NM_000179.3(MSH6):c.1784T>C (p.Leu595Ser),595,Unannotated / linker,98.0,4.523026466369629,54.0,1.0,True,0.6435850437477165,True,agree: both flag,Hereditary nonpolyposis colorectal neoplasms; Hereditary cancer-predisposing syndrome,"('MSH6', 'NM_000179.3(MSH6):c.1784T>C (p.Leu595Ser)')",0.9377,LPath,True
MSH6,NM_000179.3(MSH6):c.1783T>A (p.Leu595Ile),595,Unannotated / linker,98.0,4.523026466369629,54.0,1.0,True,0.6435850437477165,True,agree: both flag,Endometrial carcinoma,"('MSH6', 'NM_000179.3(MSH6):c.1783T>A (p.Leu595Ile)')",0.0844,LBen,False
ENG,NM_001114753.3(ENG):c.1427A>G (p.Gln476Arg),476,ZP,93.0,4.529726982116699,53.0,1.0,True,0.6425062437074633,True,agree: both flag,Hereditary hemorrhagic telangiectasia,"('ENG', 'NM_001114753.3(ENG):c.1427A>G (p.Gln476Arg)')",0.4509,Amb,False
RET,NM_020975.6(RET):c.1558G>T (p.Ala520Ser),520,Unannotated / linker,96.62,5.2058210372924805,91.0,1.0,True,0.6405296205797439,True,agree: both flag,Hereditary cancer-predisposing syndrome,"('RET', 'NM_020975.6(RET):c.1558G>T (p.Ala520Ser)')",0.1209,LBen,False
MYBPC3,NM_000256.3(MYBPC3):c.1364T>G (p.Leu455Arg),455,Ig-like C2-type 3,83.81,5.011616230010986,76.0,1.0,True,0.63927195871311,True,agree: both flag,Cardiovascular phenotype,"('MYBPC3', 'NM_000256.3(MYBPC3):c.1364T>G (p.Leu455Arg)')",0.1565,LBen,False
MYBPC3,NM_000256.3(MYBPC3):c.1363C>T (p.Leu455Phe),455,Ig-like C2-type 3,83.81,5.011616230010986,76.0,1.0,True,0.63927195871311,True,agree: both flag,Hypertrophic cardiomyopathy 4; Hypertrophic cardiomyopathy; Hypertrophic cardiomyopathy 4; Left ventricular noncompaction 10; Cardiovascular phenotype; Cardiomyopathy,"('MYBPC3', 'NM_000256.3(MYBPC3):c.1363C>T (p.Leu455Phe)')",0.1577,LBen,False
COL2A1,NM_001844.5(COL2A1):c.3976C>G (p.Pro1326Ala),1326,Fibrillar collagen NC1,93.44,4.2321295738220215,35.0,1.0,True,0.6392681392247289,True,agree: both flag,not provided,"('COL2A1', 'NM_001844.5(COL2A1):c.3976C>G (p.Pro1326Ala)')",0.0784,LBen,False
TSC2,NM_000548.5(TSC2):c.4985T>C (p.Ile1662Thr),1662,Rap-GAP,81.38,5.3960113525390625,104.0,1.0,True,0.6390924969876499,True,agree: both flag,Tuberous sclerosis 2,"('TSC2', 'NM_000548.5(TSC2):c.4985T>C (p.Ile1662Thr)')",0.9772,LPath,True
TSC2,NM_000548.5(TSC2):c.4984A>G (p.Ile1662Val),1662,Rap-GAP,81.38,5.3960113525390625,104.0,1.0,True,0.6390924969876499,True,agree: both flag,Hereditary cancer-predisposing syndrome; Tuberous sclerosis 2,"('TSC2', 'NM_000548.5(TSC2):c.4984A>G (p.Ile1662Val)')",0.1466,LBen,False
MYO7A,NM_000260.4(MYO7A):c.5018T>A (p.Val1673Asp),1673,Unannotated / linker,83.0,4.892727375030518,68.0,1.0,True,0.6389437612474264,True,agree: both flag,Autosomal dominant nonsyndromic hearing loss 11; not provided; Usher syndrome type 1; Autosomal recessive nonsyndromic hearing loss 2,"('MYO7A', 'NM_000260.4(MYO7A):c.5018T>A (p.Val1673Asp)')",0.7323,LPath,True
ABCA4,NM_000350.3(ABCA4):c.3172G>C (p.Glu1058Gln),1058,ABC transporter 1,85.88,4.3593854904174805,39.0,1.0,True,0.6380292144065278,True,agree: both flag,not provided,"('ABCA4', 'NM_000350.3(ABCA4):c.3172G>C (p.Glu1058Gln)')",0.1099,LBen,False
COL5A1,NM_000093.5(COL5A1):c.5497C>T (p.Pro1833Ser),1833,Fibrillar collagen NC1,95.12,5.947785377502441,153.0,1.0,True,0.6377648417793172,True,agree: both flag,"Familial thoracic aortic aneurysm and aortic dissection; Ehlers-Danlos syndrome, classic type, 1","('COL5A1', 'NM_000093.5(COL5A1):c.5497C>T (p.Pro1833Ser)')",0.2178,LBen,False
COL5A1,NM_000093.5(COL5A1):c.5498C>T (p.Pro1833Leu),1833,Fibrillar collagen NC1,95.12,5.947785377502441,153.0,1.0,True,0.6377648417793172,True,agree: both flag,Familial thoracic aortic aneurysm and aortic dissection,"('COL5A1', 'NM_000093.5(COL5A1):c.5498C>T (p.Pro1833Leu)')",0.2639,LBen,False
MLH1,NM_000249.4(MLH1):c.397G>C (p.Gly133Arg),133,Unannotated / linker,87.06,4.722307205200195,56.0,1.0,True,0.6377075124068211,True,agree: both flag,Hereditary nonpolyposis colorectal neoplasms,"('MLH1', 'NM_000249.4(MLH1):c.397G>C (p.Gly133Arg)')",0.9566,LPath,True
RB1,NM_000321.3(RB1):c.1471C>T (p.Leu491Phe),491,Pocket; binds T and E1A,98.69,4.452255725860596,42.0,1.0,True,0.6376845890892239,True,agree: both flag,Hereditary cancer-predisposing syndrome,"('RB1', 'NM_000321.3(RB1):c.1471C>T (p.Leu491Phe)')",0.4482,Amb,False
RB1,NM_000321.3(RB1):c.1472T>C (p.Leu491Pro),491,Pocket; binds T and E1A,98.69,4.452255725860596,42.0,1.0,True,0.6376845890892239,True,agree: both flag,not provided; Retinoblastoma,"('RB1', 'NM_000321.3(RB1):c.1472T>C (p.Leu491Pro)')",0.9873,LPath,True
RB1,NM_000321.3(RB1):c.1472T>A (p.Leu491His),491,Pocket; binds T and E1A,98.69,4.452255725860596,42.0,1.0,True,0.6376845890892239,True,agree: both flag,Hereditary cancer-predisposing syndrome; Retinoblastoma,"('RB1', 'NM_000321.3(RB1):c.1472T>A (p.Leu491His)')",0.9146,LPath,True
RET,NM_020975.6(RET):c.2437C>G (p.Arg813Gly),813,Protein kinase,94.38,4.879866123199463,64.0,1.0,True,0.6374299945900994,True,agree: both flag,Hereditary cancer-predisposing syndrome; not provided,"('RET', 'NM_020975.6(RET):c.2437C>G (p.Arg813Gly)')",0.7189,LPath,True
RET,NM_020975.6(RET):c.2438G>A (p.Arg813Gln),813,Protein kinase,94.38,4.879866123199463,64.0,1.0,True,0.6374299945900994,True,agree: both flag,"Hereditary cancer-predisposing syndrome; Multiple endocrine neoplasia, type 2","('RET', 'NM_020975.6(RET):c.2438G>A (p.Arg813Gln)')",0.3167,LBen,False
RET,NM_020975.6(RET):c.2437C>T (p.Arg813Trp),813,Protein kinase,94.38,4.879866123199463,64.0,1.0,True,0.6374299945900994,True,agree: both flag,"Hereditary cancer-predisposing syndrome; Multiple endocrine neoplasia, type 2","('RET', 'NM_020975.6(RET):c.2437C>T (p.Arg813Trp)')",0.4755,Amb,False
ENG,NM_001114753.3(ENG):c.473C>G (p.Ser158Cys),158,Required for interaction with GDF2,94.56,5.481652736663818,105.0,1.0,True,0.6366422688485808,True,agree: both flag,Cardiovascular phenotype,"('ENG', 'NM_001114753.3(ENG):c.473C>G (p.Ser158Cys)')",0.5332,Amb,False
MSH6,NM_000179.3(MSH6):c.1384C>G (p.Pro462Ala),462,Unannotated / linker,97.12,4.195789337158203,30.0,1.0,True,0.636638832721326,True,agree: both flag,Hereditary nonpolyposis colorectal neoplasms; Hereditary cancer-predisposing syndrome,"('MSH6', 'NM_000179.3(MSH6):c.1384C>G (p.Pro462Ala)')",0.9785,LPath,True
MSH6,NM_000179.3(MSH6):c.1385C>G (p.Pro462Arg),462,Unannotated / linker,97.12,4.195789337158203,30.0,1.0,True,0.636638832721326,True,agree: both flag,Hereditary nonpolyposis colorectal neoplasms; Hereditary cancer-predisposing syndrome,"('MSH6', 'NM_000179.3(MSH6):c.1385C>G (p.Pro462Arg)')",0.9933,LPath,True
MSH6,NM_000179.3(MSH6):c.1384C>T (p.Pro462Ser),462,Unannotated / linker,97.12,4.195789337158203,30.0,1.0,True,0.636638832721326,True,agree: both flag,Hereditary cancer-predisposing syndrome; Hereditary nonpolyposis colorectal neoplasms,"('MSH6', 'NM_000179.3(MSH6):c.1384C>T (p.Pro462Ser)')",0.9933,LPath,True
ABCA4,NM_000350.3(ABCA4):c.3679C>G (p.Gln1227Glu),1227,Unannotated / linker,72.94,4.91855525970459,66.0,1.0,True,0.6365050634507871,True,agree: both flag,Inborn genetic diseases,"('ABCA4', 'NM_000350.3(ABCA4):c.3679C>G (p.Gln1227Glu)')",0.1277,LBen,False
MSH2,NM_000251.3(MSH2):c.2386A>T (p.Thr796Ser),796,Unannotated / linker,93.38,5.830138206481934,136.0,1.0,True,0.6359717519982218,True,agree: both flag,Hereditary nonpolyposis colorectal neoplasms; Hereditary cancer-predisposing syndrome; Lynch syndrome 1,"('MSH2', 'NM_000251.3(MSH2):c.2386A>T (p.Thr796Ser)')",0.09,LBen,False
MSH2,NM_000251.3(MSH2):c.2386A>C (p.Thr796Pro),796,Unannotated / linker,93.38,5.830138206481934,136.0,1.0,True,0.6359717519982218,True,agree: both flag,Hereditary cancer-predisposing syndrome,"('MSH2', 'NM_000251.3(MSH2):c.2386A>C (p.Thr796Pro)')",0.3422,Amb,False
MSH2,NM_000251.3(MSH2):c.2387C>A (p.Thr796Asn),796,Unannotated / linker,93.38,5.830138206481934,136.0,1.0,True,0.6359717519982218,True,agree: both flag,Hereditary nonpolyposis colorectal neoplasms; Hereditary cancer-predisposing syndrome,"('MSH2', 'NM_000251.3(MSH2):c.2387C>A (p.Thr796Asn)')",0.1392,LBen,False
MYBPC3,NM_000256.3(MYBPC3):c.1985_1986delinsCG (p.Val662Ala),662,Ig-like C2-type 5,84.5,5.528563499450684,108.0,1.0,True,0.635834538317587,True,agree: both flag,not provided; Cardiomyopathy; Hypertrophic cardiomyopathy; Cardiovascular phenotype,"('MYBPC3', 'NM_000256.3(MYBPC3):c.1985_1986delinsCG (p.Val662Ala)')",0.3254,LBen,False
MYBPC3,NM_000256.3(MYBPC3):c.1985T>C (p.Val662Ala),662,Ig-like C2-type 5,84.5,5.528563499450684,108.0,1.0,True,0.635834538317587,True,agree: both flag,not provided,"('MYBPC3', 'NM_000256.3(MYBPC3):c.1985T>C (p.Val662Ala)')",0.3254,LBen,False
MYBPC3,NM_000256.3(MYBPC3):c.131G>A (p.Arg44His),44,Unannotated / linker,93.38,4.362310886383057,35.0,1.0,True,0.6352890550659062,True,agree: both flag,Cardiovascular phenotype; not provided; Cardiomyopathy; Hypertrophic cardiomyopathy,"('MYBPC3', 'NM_000256.3(MYBPC3):c.131G>A (p.Arg44His)')",0.3475,Amb,False
MYBPC3,NM_000256.3(MYBPC3):c.130C>T (p.Arg44Cys),44,Unannotated / linker,93.38,4.362310886383057,35.0,1.0,True,0.6352890550659062,True,agree: both flag,Hypertrophic cardiomyopathy; Cardiomyopathy; not provided,"('MYBPC3', 'NM_000256.3(MYBPC3):c.130C>T (p.Arg44Cys)')",0.7003,LPath,True
MYBPC3,NM_000256.3(MYBPC3):c.716G>A (p.Cys239Tyr),239,Ig-like C2-type 1,91.94,4.658025741577148,48.0,1.0,True,0.634893969323383,True,agree: both flag,Cardiovascular phenotype; Hypertrophic cardiomyopathy,"('MYBPC3', 'NM_000256.3(MYBPC3):c.716G>A (p.Cys239Tyr)')",0.944,LPath,True
MYBPC3,NM_000256.3(MYBPC3):c.716G>C (p.Cys239Ser),239,Ig-like C2-type 1,91.94,4.658025741577148,48.0,1.0,True,0.634893969323383,True,agree: both flag,Hypertrophic cardiomyopathy,"('MYBPC3', 'NM_000256.3(MYBPC3):c.716G>C (p.Cys239Ser)')",0.9577,LPath,True
MYBPC3,NM_000256.3(MYBPC3):c.2396G>A (p.Gly799Asp),799,Fibronectin type-III 1,87.31,4.2312822341918945,29.0,1.0,True,0.6344827468812697,True,agree: both flag,Cardiomyopathy,"('MYBPC3', 'NM_000256.3(MYBPC3):c.2396G>A (p.Gly799Asp)')",0.9867,LPath,True
ABCA4,NM_000350.3(ABCA4):c.4684A>G (p.Ile1562Val),1562,Unannotated / linker,87.69,5.9387640953063965,142.0,1.0,True,0.6335840608211853,True,agree: both flag,not provided,"('ABCA4', 'NM_000350.3(ABCA4):c.4684A>G (p.Ile1562Val)')",0.0633,LBen,False
TSC2,NM_000548.5(TSC2):c.4624A>G (p.Thr1542Ala),1542,Rap-GAP,87.88,5.148829936981201,74.0,1.0,True,0.6333542166109166,True,agree: both flag,Tuberous sclerosis 2; Tuberous sclerosis 2; Isolated focal cortical dysplasia type II; Lymphangiomyomatosis,"('TSC2', 'NM_000548.5(TSC2):c.4624A>G (p.Thr1542Ala)')",0.7072,LPath,True
TSC2,NM_000548.5(TSC2):c.4625C>G (p.Thr1542Ser),1542,Rap-GAP,87.88,5.148829936981201,74.0,1.0,True,0.6333542166109166,True,agree: both flag,Hereditary cancer-predisposing syndrome; Tuberous sclerosis 2,"('TSC2', 'NM_000548.5(TSC2):c.4625C>G (p.Thr1542Ser)')",0.6789,LPath,True
TSC2,NM_000548.5(TSC2):c.4625C>T (p.Thr1542Ile),1542,Rap-GAP,87.88,5.148829936981201,74.0,1.0,True,0.6333542166109166,True,agree: both flag,Tuberous sclerosis 2; not provided; Hereditary cancer-predisposing syndrome,"('TSC2', 'NM_000548.5(TSC2):c.4625C>T (p.Thr1542Ile)')",0.9051,LPath,True
TSC2,NM_000548.5(TSC2):c.4625C>A (p.Thr1542Asn),1542,Rap-GAP,87.88,5.148829936981201,74.0,1.0,True,0.6333542166109166,True,agree: both flag,Hereditary cancer-predisposing syndrome; Tuberous sclerosis 2,"('TSC2', 'NM_000548.5(TSC2):c.4625C>A (p.Thr1542Asn)')",0.8576,LPath,True
PMS2,NM_000535.7(PMS2):c.179A>C (p.Asp60Ala),60,Unannotated / linker,94.62,5.981323719024658,145.0,1.0,True,0.6331868557205919,True,agree: both flag,Hereditary nonpolyposis colorectal neoplasms,"('PMS2', 'NM_000535.7(PMS2):c.179A>C (p.Asp60Ala)')",0.3441,Amb,False
PMS2,NM_000535.7(PMS2):c.178G>T (p.Asp60Tyr),60,Unannotated / linker,94.62,5.981323719024658,145.0,1.0,True,0.6331868557205919,True,agree: both flag,Hereditary nonpolyposis colorectal neoplasms; Hereditary cancer-predisposing syndrome,"('PMS2', 'NM_000535.7(PMS2):c.178G>T (p.Asp60Tyr)')",0.3866,Amb,False
PMS2,NM_000535.7(PMS2):c.178G>A (p.Asp60Asn),60,Unannotated / linker,94.62,5.981323719024658,145.0,1.0,True,0.6331868557205919,True,agree: both flag,Mismatch repair cancer syndrome 4; Lynch syndrome 4; Hereditary nonpolyposis colorectal neoplasms; Lynch syndrome; not specified; Hereditary cancer-predisposing syndrome; not provided; Lynch syndrome 4,"('PMS2', 'NM_000535.7(PMS2):c.178G>A (p.Asp60Asn)')",0.1264,LBen,False
PMS2,NM_000535.7(PMS2):c.179A>G (p.Asp60Gly),60,Unannotated / linker,94.62,5.981323719024658,145.0,1.0,True,0.6331868557205919,True,agree: both flag,Hereditary nonpolyposis colorectal neoplasms; Hereditary cancer-predisposing syndrome; not provided,"('PMS2', 'NM_000535.7(PMS2):c.179A>G (p.Asp60Gly)')",0.2544,LBen,False
VHL,NM_000551.4(VHL):c.437C>G (p.Pro146Arg),146,Involved in binding to CCT complex,96.25,5.137591361999512,72.0,1.0,True,0.6329701694201689,True,agree: both flag,Hereditary cancer-predisposing syndrome; Chuvash polycythemia; Von Hippel-Lindau syndrome,"('VHL', 'NM_000551.4(VHL):c.437C>G (p.Pro146Arg)')",0.942,LPath,True
VHL,NM_000551.4(VHL):c.437C>T (p.Pro146Leu),146,Involved in binding to CCT complex,96.25,5.137591361999512,72.0,1.0,True,0.6329701694201689,True,agree: both flag,Chuvash polycythemia; Von Hippel-Lindau syndrome,"('VHL', 'NM_000551.4(VHL):c.437C>T (p.Pro146Leu)')",0.8367,LPath,True
RET,NM_020975.6(RET):c.2363T>A (p.Ile788Asn),788,Protein kinase,96.0,5.556802749633789,103.0,1.0,True,0.6328322601933337,True,agree: both flag,Hereditary cancer-predisposing syndrome,"('RET', 'NM_020975.6(RET):c.2363T>A (p.Ile788Asn)')",0.9641,LPath,True
RET,NM_020975.6(RET):c.2362A>G (p.Ile788Val),788,Protein kinase,96.0,5.556802749633789,103.0,1.0,True,0.6328322601933337,True,agree: both flag,"Multiple endocrine neoplasia, type 2","('RET', 'NM_020975.6(RET):c.2362A>G (p.Ile788Val)')",0.3215,LBen,False
SCN1A,NM_001165963.4(SCN1A):c.4339G>C (p.Val1447Leu),1447,III,90.0,5.196306228637695,76.0,1.0,True,0.6327961963366399,True,agree: both flag,Early-infantile DEE,"('SCN1A', 'NM_001165963.4(SCN1A):c.4339G>C (p.Val1447Leu)')",0.3275,LBen,False
SCN1A,NM_001165963.4(SCN1A):c.4339G>T (p.Val1447Leu),1447,III,90.0,5.196306228637695,76.0,1.0,True,0.6327961963366399,True,agree: both flag,Early-infantile DEE,"('SCN1A', 'NM_001165963.4(SCN1A):c.4339G>T (p.Val1447Leu)')",0.3275,LBen,False
ENG,NM_001114753.3(ENG):c.592C>A (p.Pro198Thr),198,Required for interaction with GDF2,95.31,4.4180121421813965,33.0,1.0,True,0.6322446568621223,True,agree: both flag,Hereditary hemorrhagic telangiectasia; ENG-related disorder; Cardiovascular phenotype,"('ENG', 'NM_001114753.3(ENG):c.592C>A (p.Pro198Thr)')",0.2235,LBen,False
ENG,NM_001114753.3(ENG):c.593C>G (p.Pro198Arg),198,Required for interaction with GDF2,95.31,4.4180121421813965,33.0,1.0,True,0.6322446568621223,True,agree: both flag,Hereditary hemorrhagic telangiectasia,"('ENG', 'NM_001114753.3(ENG):c.593C>G (p.Pro198Arg)')",0.3448,Amb,False
TSC2,NM_000548.5(TSC2):c.4991_4992delinsCT (p.Gly1664Ala),1664,Rap-GAP,74.75,4.10603666305542,22.0,1.0,True,0.6320643802700573,True,agree: both flag,Hereditary cancer-predisposing syndrome; Tuberous sclerosis 2,"('TSC2', 'NM_000548.5(TSC2):c.4991_4992delinsCT (p.Gly1664Ala)')",0.8811,LPath,True
TSC2,NM_000548.5(TSC2):c.4990G>A (p.Gly1664Ser),1664,Rap-GAP,74.75,4.10603666305542,22.0,1.0,True,0.6320643802700573,True,agree: both flag,not provided,"('TSC2', 'NM_000548.5(TSC2):c.4990G>A (p.Gly1664Ser)')",0.868,LPath,True
TSC2,NM_000548.5(TSC2):c.4991G>A (p.Gly1664Asp),1664,Rap-GAP,74.75,4.10603666305542,22.0,1.0,True,0.6320643802700573,True,agree: both flag,Tuberous sclerosis 2,"('TSC2', 'NM_000548.5(TSC2):c.4991G>A (p.Gly1664Asp)')",0.9941,LPath,True
TSC2,NM_000548.5(TSC2):c.4990G>T (p.Gly1664Cys),1664,Rap-GAP,74.75,4.10603666305542,22.0,1.0,True,0.6320643802700573,True,agree: both flag,Tuberous sclerosis 2; Hereditary cancer-predisposing syndrome,"('TSC2', 'NM_000548.5(TSC2):c.4990G>T (p.Gly1664Cys)')",0.9353,LPath,True
TSC2,NM_000548.5(TSC2):c.4991G>C (p.Gly1664Ala),1664,Rap-GAP,74.75,4.10603666305542,22.0,1.0,True,0.6320643802700573,True,agree: both flag,Hereditary cancer-predisposing syndrome,"('TSC2', 'NM_000548.5(TSC2):c.4991G>C (p.Gly1664Ala)')",0.8811,LPath,True
MSH6,NM_000179.3(MSH6):c.1700A>G (p.Lys567Arg),567,Unannotated / linker,95.81,5.954545021057129,139.0,1.0,True,0.6320242593742648,True,agree: both flag,not specified; Hereditary cancer-predisposing syndrome; Lynch syndrome; Hereditary nonpolyposis colorectal neoplasms,"('MSH6', 'NM_000179.3(MSH6):c.1700A>G (p.Lys567Arg)')",0.0696,LBen,False
MSH6,NM_000179.3(MSH6):c.1699A>G (p.Lys567Glu),567,Unannotated / linker,95.81,5.954545021057129,139.0,1.0,True,0.6320242593742648,True,agree: both flag,Hereditary cancer-predisposing syndrome; Hereditary nonpolyposis colorectal neoplasms,"('MSH6', 'NM_000179.3(MSH6):c.1699A>G (p.Lys567Glu)')",0.2834,LBen,False
MSH6,NM_000179.3(MSH6):c.1699A>C (p.Lys567Gln),567,Unannotated / linker,95.81,5.954545021057129,139.0,1.0,True,0.6320242593742648,True,agree: both flag,Hereditary cancer-predisposing syndrome,"('MSH6', 'NM_000179.3(MSH6):c.1699A>C (p.Lys567Gln)')",0.1422,LBen,False
ATP7A,NM_000052.7(ATP7A):c.3086G>T (p.Gly1029Val),1029,Unannotated / linker,73.31,5.548597812652588,102.0,1.0,True,0.6318954210573753,True,agree: both flag,not provided,"('ATP7A', 'NM_000052.7(ATP7A):c.3086G>T (p.Gly1029Val)')",0.9721,LPath,True
RET,NM_020975.6(RET):c.734T>G (p.Val245Gly),245,Cadherin,90.31,4.6565656661987305,43.0,1.0,True,0.6316334335484807,True,agree: both flag,"Multiple endocrine neoplasia, type 2","('RET', 'NM_020975.6(RET):c.734T>G (p.Val245Gly)')",0.2539,LBen,False
RET,NM_020975.6(RET):c.733G>T (p.Val245Leu),245,Cadherin,90.31,4.6565656661987305,43.0,1.0,True,0.6316334335484807,True,agree: both flag,"Multiple endocrine neoplasia, type 2","('RET', 'NM_020975.6(RET):c.733G>T (p.Val245Leu)')",0.1754,LBen,False
RET,NM_020975.6(RET):c.734T>C (p.Val245Ala),245,Cadherin,90.31,4.6565656661987305,43.0,1.0,True,0.6316334335484807,True,agree: both flag,Hereditary cancer-predisposing syndrome,"('RET', 'NM_020975.6(RET):c.734T>C (p.Val245Ala)')",0.2239,LBen,False
MSH6,NM_000179.3(MSH6):c.3286C>T (p.His1096Tyr),1096,Unannotated / linker,90.56,4.802490711212158,50.0,1.0,True,0.6314396494117329,True,agree: both flag,Hereditary cancer-predisposing syndrome; Hereditary nonpolyposis colorectal neoplasms; not provided,"('MSH6', 'NM_000179.3(MSH6):c.3286C>T (p.His1096Tyr)')",0.9211,LPath,True
MSH6,NM_000179.3(MSH6):c.3287A>G (p.His1096Arg),1096,Unannotated / linker,90.56,4.802490711212158,50.0,1.0,True,0.6314396494117329,True,agree: both flag,Hereditary nonpolyposis colorectal neoplasms; Hereditary cancer-predisposing syndrome,"('MSH6', 'NM_000179.3(MSH6):c.3287A>G (p.His1096Arg)')",0.9982,LPath,True
RET,NM_020975.6(RET):c.1562T>C (p.Val521Ala),521,Unannotated / linker,96.19,5.457865238189697,90.0,1.0,True,0.6305072900937423,True,agree: both flag,"Multiple endocrine neoplasia, type 2","('RET', 'NM_020975.6(RET):c.1562T>C (p.Val521Ala)')",0.1513,LBen,False
MSH6,NM_000179.3(MSH6):c.1707C>A (p.Phe569Leu),569,Unannotated / linker,98.19,5.9743571281433105,137.0,1.0,True,0.6304992095404416,True,agree: both flag,Hereditary nonpolyposis colorectal neoplasms; Hereditary cancer-predisposing syndrome,"('MSH6', 'NM_000179.3(MSH6):c.1707C>A (p.Phe569Leu)')",0.6148,LPath,True
MSH6,NM_000179.3(MSH6):c.1705T>C (p.Phe569Leu),569,Unannotated / linker,98.19,5.9743571281433105,137.0,1.0,True,0.6304992095404416,True,agree: both flag,Hereditary nonpolyposis colorectal neoplasms; Hereditary cancer-predisposing syndrome,"('MSH6', 'NM_000179.3(MSH6):c.1705T>C (p.Phe569Leu)')",0.6148,LPath,True
MSH6,NM_000179.3(MSH6):c.1705T>G (p.Phe569Val),569,Unannotated / linker,98.19,5.9743571281433105,137.0,1.0,True,0.6304992095404416,True,agree: both flag,Hereditary cancer-predisposing syndrome; Hereditary nonpolyposis colorectal neoplasms,"('MSH6', 'NM_000179.3(MSH6):c.1705T>G (p.Phe569Val)')",0.1885,LBen,False
MSH6,NM_000179.3(MSH6):c.1706T>C (p.Phe569Ser),569,Unannotated / linker,98.19,5.9743571281433105,137.0,1.0,True,0.6304992095404416,True,agree: both flag,Inherited ovarian cancer (without breast cancer); Hereditary cancer-predisposing syndrome; Hereditary nonpolyposis colorectal neoplasms,"('MSH6', 'NM_000179.3(MSH6):c.1706T>C (p.Phe569Ser)')",0.1851,LBen,False
TSC2,NM_000548.5(TSC2):c.3589A>G (p.Ile1197Val),1197,Unannotated / linker,90.56,5.8998188972473145,129.0,1.0,True,0.6301407321952951,True,agree: both flag,Hereditary cancer-predisposing syndrome; Isolated focal cortical dysplasia type II; Lymphangiomyomatosis; Tuberous sclerosis 2; Tuberous sclerosis 2,"('TSC2', 'NM_000548.5(TSC2):c.3589A>G (p.Ile1197Val)')",0.1253,LBen,False
TSC2,NM_000548.5(TSC2):c.3591C>G (p.Ile1197Met),1197,Unannotated / linker,90.56,5.8998188972473145,129.0,1.0,True,0.6301407321952951,True,agree: both flag,Tuberous sclerosis 2,"('TSC2', 'NM_000548.5(TSC2):c.3591C>G (p.Ile1197Met)')",0.6931,LPath,True
TSC2,NM_000548.5(TSC2):c.3589A>C (p.Ile1197Leu),1197,Unannotated / linker,90.56,5.8998188972473145,129.0,1.0,True,0.6301407321952951,True,agree: both flag,Hereditary cancer-predisposing syndrome; Tuberous sclerosis 2,"('TSC2', 'NM_000548.5(TSC2):c.3589A>C (p.Ile1197Leu)')",0.5766,LPath,True
TSC2,NM_000548.5(TSC2):c.3590T>A (p.Ile1197Asn),1197,Unannotated / linker,90.56,5.8998188972473145,129.0,1.0,True,0.6301407321952951,True,agree: both flag,Tuberous sclerosis 2,"('TSC2', 'NM_000548.5(TSC2):c.3590T>A (p.Ile1197Asn)')",0.9961,LPath,True
TSC2,NM_000548.5(TSC2):c.3590T>G (p.Ile1197Ser),1197,Unannotated / linker,90.56,5.8998188972473145,129.0,1.0,True,0.6301407321952951,True,agree: both flag,Hereditary cancer-predisposing syndrome,"('TSC2', 'NM_000548.5(TSC2):c.3590T>G (p.Ile1197Ser)')",0.9944,LPath,True
MYBPC3,NM_000256.3(MYBPC3):c.502G>C (p.Val168Leu),168,Ig-like C2-type 1,79.88,5.453040599822998,90.0,1.0,True,0.630113371891322,True,agree: both flag,Hypertrophic cardiomyopathy; Cardiovascular phenotype,"('MYBPC3', 'NM_000256.3(MYBPC3):c.502G>C (p.Val168Leu)')",0.2774,LBen,False
TP53,NM_000546.6(TP53):c.590T>C (p.Val197Ala),197,DNA-binding domain,96.75,4.6129841804504395,37.0,1.0,True,0.6292460118274639,True,agree: both flag,Hereditary cancer-predisposing syndrome,"('TP53', 'NM_000546.6(TP53):c.590T>C (p.Val197Ala)')",0.7733,LPath,True
TP53,NM_000546.6(TP53):c.589G>C (p.Val197Leu),197,DNA-binding domain,96.75,4.6129841804504395,37.0,1.0,True,0.6292460118274639,True,agree: both flag,"Hereditary cancer-predisposing syndrome, Li-Fraumeni syndrome","('TP53', 'NM_000546.6(TP53):c.589G>C (p.Val197Leu)')",0.9179,LPath,True
TP53,NM_000546.6(TP53):c.589G>T (p.Val197Leu),197,DNA-binding domain,96.75,4.6129841804504395,37.0,1.0,True,0.6292460118274639,True,agree: both flag,"Hereditary cancer-predisposing syndrome, Li-Fraumeni syndrome","('TP53', 'NM_000546.6(TP53):c.589G>T (p.Val197Leu)')",0.9179,LPath,True
MSH2,NM_000251.3(MSH2):c.881T>C (p.Phe294Ser),294,Unannotated / linker,83.06,5.816204071044922,119.0,1.0,True,0.6291691325742501,True,agree: both flag,Hereditary nonpolyposis colorectal neoplasms; Hereditary cancer-predisposing syndrome,"('MSH2', 'NM_000251.3(MSH2):c.881T>C (p.Phe294Ser)')",0.6118,LPath,True
MSH2,NM_000251.3(MSH2):c.881T>G (p.Phe294Cys),294,Unannotated / linker,83.06,5.816204071044922,119.0,1.0,True,0.6291691325742501,True,agree: both flag,Hereditary cancer-predisposing syndrome,"('MSH2', 'NM_000251.3(MSH2):c.881T>G (p.Phe294Cys)')",0.4296,Amb,False
ABCA4,NM_000350.3(ABCA4):c.2011G>A (p.Val671Met),671,Unannotated / linker,91.0,5.392306327819824,81.0,1.0,True,0.6283571120166102,True,agree: both flag,not provided,"('ABCA4', 'NM_000350.3(ABCA4):c.2011G>A (p.Val671Met)')",0.3375,LBen,False
COL5A1,NM_000093.5(COL5A1):c.298T>G (p.Phe100Val),100,Laminin G-like,95.31,5.270344257354736,72.0,1.0,True,0.6282882279248474,True,agree: both flag,"Ehlers-Danlos syndrome, classic type, 1; not provided","('COL5A1', 'NM_000093.5(COL5A1):c.298T>G (p.Phe100Val)')",0.8068,LPath,True
RB1,NM_000321.3(RB1):c.1688G>C (p.Trp563Ser),563,Pocket; binds T and E1A,98.5,5.982241630554199,132.0,1.0,True,0.6282388980207578,True,agree: both flag,Retinoblastoma,"('RB1', 'NM_000321.3(RB1):c.1688G>C (p.Trp563Ser)')",0.9984,LPath,True
ENG,NM_001114753.3(ENG):c.1160T>C (p.Leu387Pro),387,ZP,90.0,4.711715221405029,40.0,1.0,True,0.627987310184588,True,agree: both flag,"Telangiectasia, hereditary hemorrhagic, type 1","('ENG', 'NM_001114753.3(ENG):c.1160T>C (p.Leu387Pro)')",0.9749,LPath,True
COL5A1,NM_000093.5(COL5A1):c.5213C>T (p.Ala1738Val),1738,Fibrillar collagen NC1,95.56,5.614169597625732,97.0,1.0,True,0.6279085160875382,True,agree: both flag,Familial thoracic aortic aneurysm and aortic dissection,"('COL5A1', 'NM_000093.5(COL5A1):c.5213C>T (p.Ala1738Val)')",0.267,LBen,False
MYBPC3,NM_000256.3(MYBPC3):c.3547T>C (p.Phe1183Leu),1183,Ig-like C2-type 7,89.44,4.266852378845215,21.0,1.0,True,0.6274348746876746,True,agree: both flag,Cardiomyopathy,"('MYBPC3', 'NM_000256.3(MYBPC3):c.3547T>C (p.Phe1183Leu)')",0.9897,LPath,True
MYBPC3,NM_000256.3(MYBPC3):c.3548T>G (p.Phe1183Cys),1183,Ig-like C2-type 7,89.44,4.266852378845215,21.0,1.0,True,0.6274348746876746,True,agree: both flag,not provided; Cardiomyopathy; Hypertrophic cardiomyopathy 4; Hypertrophic cardiomyopathy,"('MYBPC3', 'NM_000256.3(MYBPC3):c.3548T>G (p.Phe1183Cys)')",0.9793,LPath,True
COL2A1,NM_001844.5(COL2A1):c.4457T>G (p.Phe1486Cys),1486,Fibrillar collagen NC1,97.31,5.714518070220947,104.0,1.0,True,0.6272716574313987,True,agree: both flag,not provided,"('COL2A1', 'NM_001844.5(COL2A1):c.4457T>G (p.Phe1486Cys)')",0.9976,LPath,True
MYBPC3,NM_000256.3(MYBPC3):c.2330C>T (p.Ala777Val),777,Fibronectin type-III 1,95.56,5.43684720993042,81.0,1.0,True,0.626926989612416,True,agree: both flag,Cardiovascular phenotype; Cardiomyopathy; not provided; Hypertrophic cardiomyopathy,"('MYBPC3', 'NM_000256.3(MYBPC3):c.2330C>T (p.Ala777Val)')",0.239,LBen,False
MYBPC3,NM_000256.3(MYBPC3):c.2329G>A (p.Ala777Thr),777,Fibronectin type-III 1,95.56,5.43684720993042,81.0,1.0,True,0.626926989612416,True,agree: both flag,not specified,"('MYBPC3', 'NM_000256.3(MYBPC3):c.2329G>A (p.Ala777Thr)')",0.2085,LBen,False
ABCA4,NM_000350.3(ABCA4):c.2779C>T (p.Pro927Ser),927,Unannotated / linker,81.19,4.437880516052246,27.0,1.0,True,0.6268895556492277,True,agree: both flag,Inborn genetic diseases; not provided; Stargardt disease 3,"('ABCA4', 'NM_000350.3(ABCA4):c.2779C>T (p.Pro927Ser)')",0.1966,LBen,False
PMS2,NM_000535.7(PMS2):c.484T>A (p.Leu162Ile),162,Unannotated / linker,92.38,4.832131862640381,44.0,1.0,True,0.6268880635293977,True,agree: both flag,Hereditary nonpolyposis colorectal neoplasms,"('PMS2', 'NM_000535.7(PMS2):c.484T>A (p.Leu162Ile)')",0.132,LBen,False
PMS2,NM_000535.7(PMS2):c.486A>C (p.Leu162Phe),162,Unannotated / linker,92.38,4.832131862640381,44.0,1.0,True,0.6268880635293977,True,agree: both flag,Hereditary nonpolyposis colorectal neoplasms; Hereditary cancer-predisposing syndrome; Lynch syndrome 4,"('PMS2', 'NM_000535.7(PMS2):c.486A>C (p.Leu162Phe)')",0.6273,LPath,True
COL5A1,NM_000093.5(COL5A1):c.259A>C (p.Thr87Pro),87,Laminin G-like,90.0,5.8514838218688965,116.0,1.0,True,0.6267798156008503,True,agree: both flag,"Ehlers-Danlos syndrome, classic type, 1","('COL5A1', 'NM_000093.5(COL5A1):c.259A>C (p.Thr87Pro)')",0.8615,LPath,True
MLH1,NM_000249.4(MLH1):c.1738G>C (p.Ala580Pro),580,Interaction with EXO1,93.06,5.058651447296143,56.0,1.0,True,0.6267473323022498,True,agree: both flag,Hereditary nonpolyposis colorectal neoplasms; Lynch syndrome,"('MLH1', 'NM_000249.4(MLH1):c.1738G>C (p.Ala580Pro)')",0.6403,LPath,True
MLH1,NM_000249.4(MLH1):c.1738G>T (p.Ala580Ser),580,Interaction with EXO1,93.06,5.058651447296143,56.0,1.0,True,0.6267473323022498,True,agree: both flag,Hereditary cancer-predisposing syndrome,"('MLH1', 'NM_000249.4(MLH1):c.1738G>T (p.Ala580Ser)')",0.2816,LBen,False
COL5A1,NM_000093.5(COL5A1):c.5234A>T (p.His1745Leu),1745,Fibrillar collagen NC1,96.25,5.5074262619018555,84.0,1.0,True,0.6258607376213907,True,agree: both flag,"Ehlers-Danlos syndrome, classic type, 1","('COL5A1', 'NM_000093.5(COL5A1):c.5234A>T (p.His1745Leu)')",0.0996,LBen,False
BRCA1,NM_007294.4(BRCA1):c.5414A>G (p.His1805Arg),1805,BRCT domain 2,89.12,4.80294132232666,41.0,1.0,True,0.6258198266626646,True,agree: both flag,Hereditary breast ovarian cancer syndrome,"('BRCA1', 'NM_007294.4(BRCA1):c.5414A>G (p.His1805Arg)')",0.0748,LBen,False
COL5A1,NM_000093.5(COL5A1):c.256C>T (p.Pro86Ser),86,Laminin G-like,91.06,5.899282455444336,117.0,1.0,True,0.6253511506940579,True,agree: both flag,"Ehlers-Danlos syndrome, classic type, 1","('COL5A1', 'NM_000093.5(COL5A1):c.256C>T (p.Pro86Ser)')",0.4094,Amb,False
MSH2,NM_000251.3(MSH2):c.868G>C (p.Glu290Gln),290,Unannotated / linker,88.25,5.89894437789917,117.0,1.0,True,0.6252651742061718,True,agree: both flag,Hereditary nonpolyposis colorectal neoplasms,"('MSH2', 'NM_000251.3(MSH2):c.868G>C (p.Glu290Gln)')",0.0818,LBen,False
MSH2,NM_000251.3(MSH2):c.869A>G (p.Glu290Gly),290,Unannotated / linker,88.25,5.89894437789917,117.0,1.0,True,0.6252651742061718,True,agree: both flag,Hereditary nonpolyposis colorectal neoplasms,"('MSH2', 'NM_000251.3(MSH2):c.869A>G (p.Glu290Gly)')",0.1563,LBen,False
MSH2,NM_000251.3(MSH2):c.870A>T (p.Glu290Asp),290,Unannotated / linker,88.25,5.89894437789917,117.0,1.0,True,0.6252651742061718,True,agree: both flag,Hereditary cancer-predisposing syndrome,"('MSH2', 'NM_000251.3(MSH2):c.870A>T (p.Glu290Asp)')",0.1184,LBen,False
MSH2,NM_000251.3(MSH2):c.870A>C (p.Glu290Asp),290,Unannotated / linker,88.25,5.89894437789917,117.0,1.0,True,0.6252651742061718,True,agree: both flag,Lynch syndrome 1,"('MSH2', 'NM_000251.3(MSH2):c.870A>C (p.Glu290Asp)')",0.1184,LBen,False
RB1,NM_000321.3(RB1):c.1672A>C (p.Met558Leu),558,Pocket; binds T and E1A,98.12,5.6768879890441895,96.0,1.0,True,0.6252182180111479,True,agree: both flag,Hereditary cancer-predisposing syndrome; Malignant tumor of urinary bladder; Retinoblastoma,"('RB1', 'NM_000321.3(RB1):c.1672A>C (p.Met558Leu)')",0.4733,Amb,False
RB1,NM_000321.3(RB1):c.1672A>G (p.Met558Val),558,Pocket; binds T and E1A,98.12,5.6768879890441895,96.0,1.0,True,0.6252182180111479,True,agree: both flag,Hereditary cancer-predisposing syndrome; Retinoblastoma,"('RB1', 'NM_000321.3(RB1):c.1672A>G (p.Met558Val)')",0.5572,Amb,False
RB1,NM_000321.3(RB1):c.1673T>C (p.Met558Thr),558,Pocket; binds T and E1A,98.12,5.6768879890441895,96.0,1.0,True,0.6252182180111479,True,agree: both flag,Hereditary cancer-predisposing syndrome,"('RB1', 'NM_000321.3(RB1):c.1673T>C (p.Met558Thr)')",0.9352,LPath,True
SCN1A,NM_001165963.4(SCN1A):c.5099G>C (p.Gly1700Ala),1700,IV,82.44,4.52580451965332,28.0,1.0,True,0.6251735785379517,True,agree: both flag,Early-infantile DEE,"('SCN1A', 'NM_001165963.4(SCN1A):c.5099G>C (p.Gly1700Ala)')",0.8032,LPath,True
SCN1A,NM_001165963.4(SCN1A):c.5099G>A (p.Gly1700Glu),1700,IV,82.44,4.52580451965332,28.0,1.0,True,0.6251735785379517,True,agree: both flag,Early-infantile DEE,"('SCN1A', 'NM_001165963.4(SCN1A):c.5099G>A (p.Gly1700Glu)')",0.9696,LPath,True
PMS2,NM_000535.7(PMS2):c.373T>C (p.Cys125Arg),125,Unannotated / linker,96.44,5.0245537757873535,51.0,1.0,True,0.6251412478740739,True,agree: both flag,Hereditary cancer-predisposing syndrome,"('PMS2', 'NM_000535.7(PMS2):c.373T>C (p.Cys125Arg)')",0.2931,LBen,False
PMS2,NM_000535.7(PMS2):c.375C>G (p.Cys125Trp),125,Unannotated / linker,96.44,5.0245537757873535,51.0,1.0,True,0.6251412478740739,True,agree: both flag,Hereditary cancer-predisposing syndrome,"('PMS2', 'NM_000535.7(PMS2):c.375C>G (p.Cys125Trp)')",0.729,LPath,True
PMS2,NM_000535.7(PMS2):c.374G>A (p.Cys125Tyr),125,Unannotated / linker,96.44,5.0245537757873535,51.0,1.0,True,0.6251412478740739,True,agree: both flag,Hereditary cancer-predisposing syndrome,"('PMS2', 'NM_000535.7(PMS2):c.374G>A (p.Cys125Tyr)')",0.4702,Amb,False
COL5A1,NM_000093.5(COL5A1):c.5228C>G (p.Thr1743Ser),1743,Fibrillar collagen NC1,96.69,5.556229114532471,86.0,1.0,True,0.6250577294789071,True,agree: both flag,"Ehlers-Danlos syndrome, classic type, 1","('COL5A1', 'NM_000093.5(COL5A1):c.5228C>G (p.Thr1743Ser)')",0.2062,LBen,False
COL5A1,NM_000093.5(COL5A1):c.5228C>T (p.Thr1743Ile),1743,Fibrillar collagen NC1,96.69,5.556229114532471,86.0,1.0,True,0.6250577294789071,True,agree: both flag,not provided,"('COL5A1', 'NM_000093.5(COL5A1):c.5228C>T (p.Thr1743Ile)')",0.5176,Amb,False
ABCA4,NM_000350.3(ABCA4):c.449G>A (p.Gly150Glu),150,Unannotated / linker,71.19,4.730371475219727,37.0,1.0,True,0.6248480703719165,True,agree: both flag,not provided,"('ABCA4', 'NM_000350.3(ABCA4):c.449G>A (p.Gly150Glu)')",0.5638,Amb,False
MSH6,NM_000179.3(MSH6):c.3524C>G (p.Thr1175Ser),1175,Unannotated / linker,94.88,4.7399373054504395,36.0,1.0,True,0.6247664829396481,True,agree: both flag,Hereditary nonpolyposis colorectal neoplasms; Hereditary cancer-predisposing syndrome; not provided; Lynch syndrome,"('MSH6', 'NM_000179.3(MSH6):c.3524C>G (p.Thr1175Ser)')",0.5988,LPath,True
MSH6,NM_000179.3(MSH6):c.3524C>A (p.Thr1175Asn),1175,Unannotated / linker,94.88,4.7399373054504395,36.0,1.0,True,0.6247664829396481,True,agree: both flag,Hereditary nonpolyposis colorectal neoplasms,"('MSH6', 'NM_000179.3(MSH6):c.3524C>A (p.Thr1175Asn)')",0.9813,LPath,True
MSH6,NM_000179.3(MSH6):c.3523A>G (p.Thr1175Ala),1175,Unannotated / linker,94.88,4.7399373054504395,36.0,1.0,True,0.6247664829396481,True,agree: both flag,Hereditary nonpolyposis colorectal neoplasms; Lynch syndrome; Hereditary cancer-predisposing syndrome,"('MSH6', 'NM_000179.3(MSH6):c.3523A>G (p.Thr1175Ala)')",0.8857,LPath,True
RET,NM_020975.6(RET):c.2424A>C (p.Lys808Asn),808,Protein kinase,90.38,5.4275407791137695,75.0,1.0,True,0.6241628162427169,True,agree: both flag,"Hereditary cancer-predisposing syndrome; Multiple endocrine neoplasia, type 2","('RET', 'NM_020975.6(RET):c.2424A>C (p.Lys808Asn)')",0.8197,LPath,True
RET,NM_020975.6(RET):c.2422A>G (p.Lys808Glu),808,Protein kinase,90.38,5.4275407791137695,75.0,1.0,True,0.6241628162427169,True,agree: both flag,"Multiple endocrine neoplasia, type 2; Hereditary cancer-predisposing syndrome","('RET', 'NM_020975.6(RET):c.2422A>G (p.Lys808Glu)')",0.4014,Amb,False
RET,NM_020975.6(RET):c.2423A>C (p.Lys808Thr),808,Protein kinase,90.38,5.4275407791137695,75.0,1.0,True,0.6241628162427169,True,agree: both flag,"Pheochromocytoma; Multiple endocrine neoplasia type 2A; Hirschsprung disease, susceptibility to, 1; Multiple endocrine neoplasia type 2B; Familial medullary thyroid carcinoma; Hereditary cancer-predisposing syndrome; Multiple endocrine neoplasia, type 2","('RET', 'NM_020975.6(RET):c.2423A>C (p.Lys808Thr)')",0.4887,Amb,False
COL5A1,NM_000093.5(COL5A1):c.296A>G (p.Asp99Gly),99,Laminin G-like,94.31,5.413705825805664,73.0,1.0,True,0.6238034878955988,True,agree: both flag,"Ehlers-Danlos syndrome, classic type, 1","('COL5A1', 'NM_000093.5(COL5A1):c.296A>G (p.Asp99Gly)')",0.7085,LPath,True
MLH1,NM_000249.4(MLH1):c.774C>A (p.Phe258Leu),258,Unannotated / linker,94.75,4.732215404510498,34.0,1.0,True,0.6237137189076333,True,agree: both flag,Hereditary nonpolyposis colorectal neoplasms,"('MLH1', 'NM_000249.4(MLH1):c.774C>A (p.Phe258Leu)')",0.525,Amb,False
MLH1,NM_000249.4(MLH1):c.772T>G (p.Phe258Val),258,Unannotated / linker,94.75,4.732215404510498,34.0,1.0,True,0.6237137189076333,True,agree: both flag,Hereditary cancer-predisposing syndrome,"('MLH1', 'NM_000249.4(MLH1):c.772T>G (p.Phe258Val)')",0.184,LBen,False
MLH1,NM_000249.4(MLH1):c.774C>G (p.Phe258Leu),258,Unannotated / linker,94.75,4.732215404510498,34.0,1.0,True,0.6237137189076333,True,agree: both flag,Hereditary cancer-predisposing syndrome; Hereditary nonpolyposis colorectal neoplasms,"('MLH1', 'NM_000249.4(MLH1):c.774C>G (p.Phe258Leu)')",0.525,Amb,False
MLH1,NM_000249.4(MLH1):c.772T>C (p.Phe258Leu),258,Unannotated / linker,94.75,4.732215404510498,34.0,1.0,True,0.6237137189076333,True,agree: both flag,Malignant tumor of breast,"('MLH1', 'NM_000249.4(MLH1):c.772T>C (p.Phe258Leu)')",0.525,Amb,False
BRCA1,NM_007294.4(BRCA1):c.5303G>C (p.Cys1768Ser),1768,BRCT domain 2,94.56,4.9113078117370605,41.0,1.0,True,0.6227483090537915,True,agree: both flag,Hereditary breast ovarian cancer syndrome,"('BRCA1', 'NM_007294.4(BRCA1):c.5303G>C (p.Cys1768Ser)')",0.8124,LPath,True
BRCA1,NM_007294.4(BRCA1):c.5303G>A (p.Cys1768Tyr),1768,BRCT domain 2,94.56,4.9113078117370605,41.0,1.0,True,0.6227483090537915,True,agree: both flag,"Hereditary breast ovarian cancer syndrome, not provided","('BRCA1', 'NM_007294.4(BRCA1):c.5303G>A (p.Cys1768Tyr)')",0.9208,LPath,True
RET,NM_020975.6(RET):c.1769T>C (p.Ile590Thr),590,Unannotated / linker,94.69,4.6313252449035645,28.0,1.0,True,0.6226646217659507,True,agree: both flag,"Hereditary cancer-predisposing syndrome; Multiple endocrine neoplasia, type 2","('RET', 'NM_020975.6(RET):c.1769T>C (p.Ile590Thr)')",0.3102,LBen,False
RET,NM_020975.6(RET):c.1768A>G (p.Ile590Val),590,Unannotated / linker,94.69,4.6313252449035645,28.0,1.0,True,0.6226646217659507,True,agree: both flag,"Hereditary cancer-predisposing syndrome; Multiple endocrine neoplasia, type 2","('RET', 'NM_020975.6(RET):c.1768A>G (p.Ile590Val)')",0.0869,LBen,False
RET,NM_020975.6(RET):c.1769T>G (p.Ile590Ser),590,Unannotated / linker,94.69,4.6313252449035645,28.0,1.0,True,0.6226646217659507,True,agree: both flag,Hereditary cancer-predisposing syndrome,"('RET', 'NM_020975.6(RET):c.1769T>G (p.Ile590Ser)')",0.5876,LPath,True
MSH2,NM_000251.3(MSH2):c.2231T>C (p.Leu744Ser),744,Unannotated / linker,97.81,4.821418285369873,36.0,1.0,True,0.6224885305767057,True,agree: both flag,Hereditary cancer-predisposing syndrome,"('MSH2', 'NM_000251.3(MSH2):c.2231T>C (p.Leu744Ser)')",0.9942,LPath,True
RB1,NM_000321.3(RB1):c.1468G>T (p.Ala490Ser),490,Pocket; binds T and E1A,98.75,4.9269022941589355,41.0,1.0,True,0.6224299693272636,True,agree: both flag,Hereditary cancer-predisposing syndrome; Retinoblastoma,"('RB1', 'NM_000321.3(RB1):c.1468G>T (p.Ala490Ser)')",0.1015,LBen,False
RB1,NM_000321.3(RB1):c.1469C>A (p.Ala490Asp),490,Pocket; binds T and E1A,98.75,4.9269022941589355,41.0,1.0,True,0.6224299693272636,True,agree: both flag,not provided,"('RB1', 'NM_000321.3(RB1):c.1469C>A (p.Ala490Asp)')",0.9929,LPath,True
SCN1A,NM_001165963.4(SCN1A):c.4343A>T (p.Glu1448Val),1448,III,90.94,5.1805830001831055,55.0,1.0,True,0.6221940798551402,True,agree: both flag,"Generalized epilepsy with febrile seizures plus, type 2; Developmental and epileptic encephalopathy 6B; Severe myoclonic epilepsy in infancy; Early-infantile DEE","('SCN1A', 'NM_001165963.4(SCN1A):c.4343A>T (p.Glu1448Val)')",0.3527,Amb,False
SCN1A,NM_001165963.4(SCN1A):c.4342G>C (p.Glu1448Gln),1448,III,90.94,5.1805830001831055,55.0,1.0,True,0.6221940798551402,True,agree: both flag,Early-infantile DEE; not provided,"('SCN1A', 'NM_001165963.4(SCN1A):c.4342G>C (p.Glu1448Gln)')",0.1331,LBen,False
SCN1A,NM_001165963.4(SCN1A):c.4343A>G (p.Glu1448Gly),1448,III,90.94,5.1805830001831055,55.0,1.0,True,0.6221940798551402,True,agree: both flag,not provided,"('SCN1A', 'NM_001165963.4(SCN1A):c.4343A>G (p.Glu1448Gly)')",0.1215,LBen,False
SCN1A,NM_001165963.4(SCN1A):c.4342G>A (p.Glu1448Lys),1448,III,90.94,5.1805830001831055,55.0,1.0,True,0.6221940798551402,True,agree: both flag,Early-infantile DEE,"('SCN1A', 'NM_001165963.4(SCN1A):c.4342G>A (p.Glu1448Lys)')",0.1395,LBen,False
MSH6,NM_000179.3(MSH6):c.1187T>A (p.Leu396His),396,Unannotated / linker,96.81,4.512269973754883,22.0,1.0,True,0.6218886915378538,True,agree: both flag,Hereditary nonpolyposis colorectal neoplasms; Hereditary cancer-predisposing syndrome,"('MSH6', 'NM_000179.3(MSH6):c.1187T>A (p.Leu396His)')",0.9735,LPath,True
MSH6,NM_000179.3(MSH6):c.1187T>G (p.Leu396Arg),396,Unannotated / linker,96.81,4.512269973754883,22.0,1.0,True,0.6218886915378538,True,agree: both flag,Hereditary nonpolyposis colorectal neoplasms,"('MSH6', 'NM_000179.3(MSH6):c.1187T>G (p.Leu396Arg)')",0.9332,LPath,True
MSH6,NM_000179.3(MSH6):c.1186C>T (p.Leu396Phe),396,Unannotated / linker,96.81,4.512269973754883,22.0,1.0,True,0.6218886915378538,True,agree: both flag,Hereditary cancer-predisposing syndrome; Inherited MMR deficiency (Lynch syndrome); Hereditary nonpolyposis colorectal neoplasms,"('MSH6', 'NM_000179.3(MSH6):c.1186C>T (p.Leu396Phe)')",0.7506,LPath,True
MSH6,NM_000179.3(MSH6):c.1187T>C (p.Leu396Pro),396,Unannotated / linker,96.81,4.512269973754883,22.0,1.0,True,0.6218886915378538,True,agree: both flag,Hereditary cancer-predisposing syndrome,"('MSH6', 'NM_000179.3(MSH6):c.1187T>C (p.Leu396Pro)')",0.9843,LPath,True
COL2A1,NM_001844.5(COL2A1):c.179G>C (p.Gly60Ala),60,VWFC,80.0,4.601902961730957,26.0,1.0,True,0.6216176478941019,True,agree: both flag,not provided,"('COL2A1', 'NM_001844.5(COL2A1):c.179G>C (p.Gly60Ala)')",0.4744,Amb,False
ABCA4,NM_000350.3(ABCA4):c.6484G>A (p.Gly2162Arg),2162,ABC transporter 2,73.19,5.579773902893066,82.0,1.0,True,0.6215454878464114,True,agree: both flag,Inborn genetic diseases; not provided,"('ABCA4', 'NM_000350.3(ABCA4):c.6484G>A (p.Gly2162Arg)')",0.9089,LPath,True
PTEN,NM_000314.8(PTEN):c.569C>T (p.Pro190Leu),190,C2 (tensin-type) domain,94.94,5.302945137023926,61.0,1.0,True,0.6215306073462078,True,agree: both flag,PTEN hamartoma tumor syndrome,"('PTEN', 'NM_000314.8(PTEN):c.569C>T (p.Pro190Leu)')",0.9455,LPath,True
PTEN,NM_000314.8(PTEN):c.569C>G (p.Pro190Arg),190,C2 (tensin-type) domain,94.94,5.302945137023926,61.0,1.0,True,0.6215306073462078,True,agree: both flag,"Hereditary cancer-predisposing syndrome, PTEN hamartoma tumor syndrome","('PTEN', 'NM_000314.8(PTEN):c.569C>G (p.Pro190Arg)')",0.9262,LPath,True
PTEN,NM_000314.8(PTEN):c.568C>T (p.Pro190Ser),190,C2 (tensin-type) domain,94.94,5.302945137023926,61.0,1.0,True,0.6215306073462078,True,agree: both flag,Hereditary cancer-predisposing syndrome,"('PTEN', 'NM_000314.8(PTEN):c.568C>T (p.Pro190Ser)')",0.8426,LPath,True
PTEN,NM_000314.8(PTEN):c.568C>A (p.Pro190Thr),190,C2 (tensin-type) domain,94.94,5.302945137023926,61.0,1.0,True,0.6215306073462078,True,agree: both flag,"not provided, PTEN hamartoma tumor syndrome","('PTEN', 'NM_000314.8(PTEN):c.568C>A (p.Pro190Thr)')",0.8494,LPath,True
PTEN,NM_000314.8(PTEN):c.721T>G (p.Phe241Val),241,C2 (tensin-type) domain,98.44,4.995771884918213,43.0,1.0,True,0.6215208216742563,True,agree: both flag,not provided,"('PTEN', 'NM_000314.8(PTEN):c.721T>G (p.Phe241Val)')",0.7925,LPath,True
PTEN,NM_000314.8(PTEN):c.721T>A (p.Phe241Ile),241,C2 (tensin-type) domain,98.44,4.995771884918213,43.0,1.0,True,0.6215208216742563,True,agree: both flag,"Hereditary cancer-predisposing syndrome, PTEN hamartoma tumor syndrome","('PTEN', 'NM_000314.8(PTEN):c.721T>A (p.Phe241Ile)')",0.8042,LPath,True
COL2A1,NM_001844.5(COL2A1):c.4343C>T (p.Thr1448Ile),1448,Fibrillar collagen NC1,97.5,5.244415283203125,57.0,1.0,True,0.6214437860791333,True,agree: both flag,not provided,"('COL2A1', 'NM_001844.5(COL2A1):c.4343C>T (p.Thr1448Ile)')",0.9844,LPath,True
MSH6,NM_000179.3(MSH6):c.3387T>G (p.Cys1129Trp),1129,Unannotated / linker,94.19,5.965052127838135,113.0,1.0,True,0.6213199479127172,True,agree: both flag,Hereditary nonpolyposis colorectal neoplasms; Hereditary cancer-predisposing syndrome,"('MSH6', 'NM_000179.3(MSH6):c.3387T>G (p.Cys1129Trp)')",0.9792,LPath,True
MSH6,NM_000179.3(MSH6):c.3386G>C (p.Cys1129Ser),1129,Unannotated / linker,94.19,5.965052127838135,113.0,1.0,True,0.6213199479127172,True,agree: both flag,Hereditary cancer-predisposing syndrome; Hereditary nonpolyposis colorectal neoplasms,"('MSH6', 'NM_000179.3(MSH6):c.3386G>C (p.Cys1129Ser)')",0.6791,LPath,True
MSH6,NM_000179.3(MSH6):c.3386G>A (p.Cys1129Tyr),1129,Unannotated / linker,94.19,5.965052127838135,113.0,1.0,True,0.6213199479127172,True,agree: both flag,Hereditary nonpolyposis colorectal neoplasms; Hereditary cancer-predisposing syndrome,"('MSH6', 'NM_000179.3(MSH6):c.3386G>A (p.Cys1129Tyr)')",0.9428,LPath,True
MYBPC3,NM_000256.3(MYBPC3):c.2425G>A (p.Glu809Lys),809,Fibronectin type-III 1,93.88,4.214182376861572,11.0,1.0,True,0.6211847825333963,True,agree: both flag,Hypertrophic cardiomyopathy,"('MYBPC3', 'NM_000256.3(MYBPC3):c.2425G>A (p.Glu809Lys)')",0.9848,LPath,True
MYBPC3,NM_000256.3(MYBPC3):c.2427G>C (p.Glu809Asp),809,Fibronectin type-III 1,93.88,4.214182376861572,11.0,1.0,True,0.6211847825333963,True,agree: both flag,Hypertrophic cardiomyopathy,"('MYBPC3', 'NM_000256.3(MYBPC3):c.2427G>C (p.Glu809Asp)')",0.9398,LPath,True
MYBPC3,NM_000256.3(MYBPC3):c.2425G>C (p.Glu809Gln),809,Fibronectin type-III 1,93.88,4.214182376861572,11.0,1.0,True,0.6211847825333963,True,agree: both flag,Hypertrophic cardiomyopathy,"('MYBPC3', 'NM_000256.3(MYBPC3):c.2425G>C (p.Glu809Gln)')",0.8309,LPath,True
ATP7A,NM_000052.7(ATP7A):c.2669T>C (p.Ile890Thr),890,Unannotated / linker,87.75,4.747378826141357,31.0,1.0,True,0.6211224644016924,True,agree: both flag,not provided,"('ATP7A', 'NM_000052.7(ATP7A):c.2669T>C (p.Ile890Thr)')",0.7355,LPath,True
MYBPC3,NM_000256.3(MYBPC3):c.535_536delinsAA (p.Ala179Asn),179,Ig-like C2-type 1,78.38,4.926948070526123,40.0,1.0,True,0.6211143512011805,True,agree: both flag,Hypertrophic cardiomyopathy,"('MYBPC3', 'NM_000256.3(MYBPC3):c.535_536delinsAA (p.Ala179Asn)')",0.3944,Amb,False
SCN1A,NM_001165963.4(SCN1A):c.2737G>C (p.Gly913Arg),913,II,88.94,4.506915092468262,21.0,1.0,True,0.6210532319976021,True,agree: both flag,Early-infantile DEE,"('SCN1A', 'NM_001165963.4(SCN1A):c.2737G>C (p.Gly913Arg)')",0.9967,LPath,True
SCN1A,NM_001165963.4(SCN1A):c.2738G>T (p.Gly913Val),913,II,88.94,4.506915092468262,21.0,1.0,True,0.6210532319976021,True,agree: both flag,Early-infantile DEE,"('SCN1A', 'NM_001165963.4(SCN1A):c.2738G>T (p.Gly913Val)')",0.9985,LPath,True
RET,NM_020975.6(RET):c.1082A>G (p.Asn361Ser),361,Cadherin-like region 3 (CLD3),93.75,5.514462947845459,74.0,1.0,True,0.6208148854765327,True,agree: both flag,"Multiple endocrine neoplasia, type 2","('RET', 'NM_020975.6(RET):c.1082A>G (p.Asn361Ser)')",0.0639,LBen,False
RET,NM_020975.6(RET):c.1082A>T (p.Asn361Ile),361,Cadherin-like region 3 (CLD3),93.75,5.514462947845459,74.0,1.0,True,0.6208148854765327,True,agree: both flag,"Multiple endocrine neoplasia, type 2","('RET', 'NM_020975.6(RET):c.1082A>T (p.Asn361Ile)')",0.2876,LBen,False
SCN8A,NM_001330260.2(SCN8A):c.1014G>T (p.Gln338His),338,I,90.12,5.267068862915039,57.0,1.0,True,0.6204560432922137,True,agree: both flag,Early-infantile DEE; Inborn genetic diseases; not provided,"('SCN8A', 'NM_001330260.2(SCN8A):c.1014G>T (p.Gln338His)')",0.1912,LBen,False
MSH6,NM_000179.3(MSH6):c.3625C>G (p.Leu1209Val),1209,Unannotated / linker,97.25,4.84825325012207,33.0,1.0,True,0.6198539976901968,True,agree: both flag,Hereditary nonpolyposis colorectal neoplasms; Hereditary cancer-predisposing syndrome,"('MSH6', 'NM_000179.3(MSH6):c.3625C>G (p.Leu1209Val)')",0.3883,Amb,False
MYO7A,NM_000260.4(MYO7A):c.5015C>G (p.Thr1672Ser),1672,SH3,86.62,5.436006546020508,67.0,1.0,True,0.6198495607666815,True,agree: both flag,Inborn genetic diseases,"('MYO7A', 'NM_000260.4(MYO7A):c.5015C>G (p.Thr1672Ser)')",0.1927,LBen,False
RET,NM_020975.6(RET):c.157G>A (p.Val53Ile),53,Cadherin-like region 1 (CLD1),94.88,4.996810436248779,40.0,1.0,True,0.6196316313669696,True,agree: both flag,"Multiple endocrine neoplasia, type 2; Multiple endocrine neoplasia type 2B; Pheochromocytoma; Familial medullary thyroid carcinoma; Multiple endocrine neoplasia type 2A; Hirschsprung disease, susceptibility to, 1; Hereditary cancer-predisposing syndrome","('RET', 'NM_020975.6(RET):c.157G>A (p.Val53Ile)')",0.0948,LBen,False
RET,NM_020975.6(RET):c.158T>C (p.Val53Ala),53,Cadherin-like region 1 (CLD1),94.88,4.996810436248779,40.0,1.0,True,0.6196316313669696,True,agree: both flag,"Hirschsprung disease, susceptibility to, 1","('RET', 'NM_020975.6(RET):c.158T>C (p.Val53Ala)')",0.6153,LPath,True
LDLR,NM_000527.5(LDLR):c.1790C>A (p.Thr597Asn),597,LDL-receptor class B 5,93.12,4.2888641357421875,11.0,1.0,True,0.6193723263426189,True,agree: both flag,not specified,"('LDLR', 'NM_000527.5(LDLR):c.1790C>A (p.Thr597Asn)')",0.1183,LBen,False
MSH6,NM_000179.3(MSH6):c.2199G>C (p.Met733Ile),733,Unannotated / linker,94.06,5.175332546234131,48.0,1.0,True,0.6187029845639012,True,agree: both flag,Lynch syndrome; Hereditary nonpolyposis colorectal neoplasms; Hereditary cancer-predisposing syndrome,"('MSH6', 'NM_000179.3(MSH6):c.2199G>C (p.Met733Ile)')",0.8506,LPath,True
MSH6,NM_000179.3(MSH6):c.2199G>A (p.Met733Ile),733,Unannotated / linker,94.06,5.175332546234131,48.0,1.0,True,0.6187029845639012,True,agree: both flag,Hereditary nonpolyposis colorectal neoplasms,"('MSH6', 'NM_000179.3(MSH6):c.2199G>A (p.Met733Ile)')",0.8506,LPath,True
MSH6,NM_000179.3(MSH6):c.2198T>C (p.Met733Thr),733,Unannotated / linker,94.06,5.175332546234131,48.0,1.0,True,0.6187029845639012,True,agree: both flag,Hereditary cancer-predisposing syndrome,"('MSH6', 'NM_000179.3(MSH6):c.2198T>C (p.Met733Thr)')",0.8729,LPath,True
PTEN,NM_000314.8(PTEN):c.571G>T (p.Val191Leu),191,C2 (tensin-type) domain,95.44,5.736394882202148,86.0,1.0,True,0.61860451213407,True,agree: both flag,"Hereditary cancer-predisposing syndrome, PTEN hamartoma tumor syndrome","('PTEN', 'NM_000314.8(PTEN):c.571G>T (p.Val191Leu)')",0.6091,LPath,True
PTEN,NM_000314.8(PTEN):c.571G>C (p.Val191Leu),191,C2 (tensin-type) domain,95.44,5.736394882202148,86.0,1.0,True,0.61860451213407,True,agree: both flag,not provided,"('PTEN', 'NM_000314.8(PTEN):c.571G>C (p.Val191Leu)')",0.6091,LPath,True
MSH6,NM_000179.3(MSH6):c.1267C>T (p.Leu423Phe),423,Unannotated / linker,97.94,5.334298133850098,57.0,1.0,True,0.618589273707612,True,agree: both flag,Hereditary nonpolyposis colorectal neoplasms,"('MSH6', 'NM_000179.3(MSH6):c.1267C>T (p.Leu423Phe)')",0.3773,Amb,False
ABCA4,NM_000350.3(ABCA4):c.1706A>G (p.Tyr569Cys),569,Unannotated / linker,93.94,4.499845027923584,16.0,1.0,True,0.6179073657433394,True,agree: both flag,not provided,"('ABCA4', 'NM_000350.3(ABCA4):c.1706A>G (p.Tyr569Cys)')",0.6297,LPath,True
MYO7A,NM_000260.4(MYO7A):c.4919G>A (p.Gly1640Asp),1640,SH3,82.81,4.954015254974365,35.0,1.0,True,0.6175292635606724,True,agree: both flag,not provided,"('MYO7A', 'NM_000260.4(MYO7A):c.4919G>A (p.Gly1640Asp)')",0.9942,LPath,True
PTEN,NM_000314.8(PTEN):c.716T>A (p.Met239Lys),239,C2 (tensin-type) domain,98.0,5.058765888214111,39.0,1.0,True,0.6173549740730404,True,agree: both flag,Cowden syndrome 1,"('PTEN', 'NM_000314.8(PTEN):c.716T>A (p.Met239Lys)')",0.8143,LPath,True
PTEN,NM_000314.8(PTEN):c.716T>G (p.Met239Arg),239,C2 (tensin-type) domain,98.0,5.058765888214111,39.0,1.0,True,0.6173549740730404,True,agree: both flag,"Inborn genetic diseases, PTEN hamartoma tumor syndrome","('PTEN', 'NM_000314.8(PTEN):c.716T>G (p.Met239Arg)')",0.8123,LPath,True
MLH1,NM_000249.4(MLH1):c.614G>T (p.Arg205Met),205,Unannotated / linker,93.62,4.406192302703857,12.0,1.0,True,0.6173263166495103,True,agree: both flag,Hereditary nonpolyposis colorectal neoplasms,"('MLH1', 'NM_000249.4(MLH1):c.614G>T (p.Arg205Met)')",0.7708,LPath,True
MLH1,NM_000249.4(MLH1):c.614G>C (p.Arg205Thr),205,Unannotated / linker,93.62,4.406192302703857,12.0,1.0,True,0.6173263166495103,True,agree: both flag,Hereditary nonpolyposis colorectal neoplasms,"('MLH1', 'NM_000249.4(MLH1):c.614G>C (p.Arg205Thr)')",0.7837,LPath,True
MLH1,NM_000249.4(MLH1):c.615G>C (p.Arg205Ser),205,Unannotated / linker,93.62,4.406192302703857,12.0,1.0,True,0.6173263166495103,True,agree: both flag,Hereditary cancer-predisposing syndrome,"('MLH1', 'NM_000249.4(MLH1):c.615G>C (p.Arg205Ser)')",0.8841,LPath,True
MLH1,NM_000249.4(MLH1):c.614G>A (p.Arg205Lys),205,Unannotated / linker,93.62,4.406192302703857,12.0,1.0,True,0.6173263166495103,True,agree: both flag,Hereditary nonpolyposis colorectal neoplasms; Hereditary cancer-predisposing syndrome,"('MLH1', 'NM_000249.4(MLH1):c.614G>A (p.Arg205Lys)')",0.1652,LBen,False
ENG,NM_001114753.3(ENG):c.194A>G (p.His65Arg),65,Required for interaction with GDF2,95.56,4.934412479400635,32.0,1.0,True,0.6167638828760373,True,agree: both flag,Hereditary hemorrhagic telangiectasia,"('ENG', 'NM_001114753.3(ENG):c.194A>G (p.His65Arg)')",0.2358,LBen,False
ENG,NM_001114753.3(ENG):c.728C>A (p.Ala243Glu),243,Required for interaction with GDF2,66.38,5.761796474456787,86.0,1.0,True,0.6166766355421656,True,agree: both flag,Cardiovascular phenotype,"('ENG', 'NM_001114753.3(ENG):c.728C>A (p.Ala243Glu)')",0.1049,LBen,False
ENG,NM_001114753.3(ENG):c.728C>T (p.Ala243Val),243,Required for interaction with GDF2,66.38,5.761796474456787,86.0,1.0,True,0.6166766355421656,True,agree: both flag,Hereditary hemorrhagic telangiectasia,"('ENG', 'NM_001114753.3(ENG):c.728C>T (p.Ala243Val)')",0.0834,LBen,False
MSH2,NM_000251.3(MSH2):c.2345C>T (p.Thr782Ile),782,Unannotated / linker,88.69,4.951628684997559,33.0,1.0,True,0.6166278575389376,True,agree: both flag,Hereditary cancer-predisposing syndrome; Hereditary nonpolyposis colorectal neoplasms,"('MSH2', 'NM_000251.3(MSH2):c.2345C>T (p.Thr782Ile)')",0.9985,LPath,True
MSH2,NM_000251.3(MSH2):c.2344A>G (p.Thr782Ala),782,Unannotated / linker,88.69,4.951628684997559,33.0,1.0,True,0.6166278575389376,True,agree: both flag,not specified; Hereditary cancer-predisposing syndrome; Hereditary nonpolyposis colorectal neoplasms; not provided; Lynch syndrome,"('MSH2', 'NM_000251.3(MSH2):c.2344A>G (p.Thr782Ala)')",0.948,LPath,True
RET,NM_020975.6(RET):c.1553C>A (p.Ser518Tyr),518,Unannotated / linker,95.81,4.535912990570068,15.0,1.0,True,0.6163797141401479,True,agree: both flag,"Hereditary cancer-predisposing syndrome; Multiple endocrine neoplasia, type 2","('RET', 'NM_020975.6(RET):c.1553C>A (p.Ser518Tyr)')",0.5048,Amb,False
RET,NM_020975.6(RET):c.1553C>T (p.Ser518Phe),518,Unannotated / linker,95.81,4.535912990570068,15.0,1.0,True,0.6163797141401479,True,agree: both flag,"Multiple endocrine neoplasia, type 2","('RET', 'NM_020975.6(RET):c.1553C>T (p.Ser518Phe)')",0.5242,Amb,False
RET,NM_020975.6(RET):c.1552T>A (p.Ser518Thr),518,Unannotated / linker,95.81,4.535912990570068,15.0,1.0,True,0.6163797141401479,True,agree: both flag,Hereditary cancer-predisposing syndrome,"('RET', 'NM_020975.6(RET):c.1552T>A (p.Ser518Thr)')",0.2221,LBen,False
RET,NM_020975.6(RET):c.2267C>G (p.Ala756Gly),756,Protein kinase,96.25,5.258381366729736,48.0,1.0,True,0.6162501038539532,True,agree: both flag,"Hereditary cancer-predisposing syndrome; Multiple endocrine neoplasia, type 2","('RET', 'NM_020975.6(RET):c.2267C>G (p.Ala756Gly)')",0.8494,LPath,True
RET,NM_020975.6(RET):c.2267C>A (p.Ala756Asp),756,Protein kinase,96.25,5.258381366729736,48.0,1.0,True,0.6162501038539532,True,agree: both flag,"Multiple endocrine neoplasia, type 2","('RET', 'NM_020975.6(RET):c.2267C>A (p.Ala756Asp)')",0.9921,LPath,True
PTEN,NM_000314.8(PTEN):c.653G>A (p.Cys218Tyr),218,C2 (tensin-type) domain,98.5,5.040785789489746,36.0,1.0,True,0.6161886445171563,True,agree: both flag,"PTEN hamartoma tumor syndrome, Hereditary cancer-predisposing syndrome","('PTEN', 'NM_000314.8(PTEN):c.653G>A (p.Cys218Tyr)')",0.2191,LBen,False
PTEN,NM_000314.8(PTEN):c.653G>T (p.Cys218Phe),218,C2 (tensin-type) domain,98.5,5.040785789489746,36.0,1.0,True,0.6161886445171563,True,agree: both flag,"not provided, Hereditary cancer-predisposing syndrome, PTEN hamartoma tumor syndrome","('PTEN', 'NM_000314.8(PTEN):c.653G>T (p.Cys218Phe)')",0.2079,LBen,False
PTEN,NM_000314.8(PTEN):c.652T>C (p.Cys218Arg),218,C2 (tensin-type) domain,98.5,5.040785789489746,36.0,1.0,True,0.6161886445171563,True,agree: both flag,PTEN hamartoma tumor syndrome,"('PTEN', 'NM_000314.8(PTEN):c.652T>C (p.Cys218Arg)')",0.9357,LPath,True
PTEN,NM_000314.8(PTEN):c.653G>C (p.Cys218Ser),218,C2 (tensin-type) domain,98.5,5.040785789489746,36.0,1.0,True,0.6161886445171563,True,agree: both flag,"PTEN hamartoma tumor syndrome, Hereditary cancer-predisposing syndrome","('PTEN', 'NM_000314.8(PTEN):c.653G>C (p.Cys218Ser)')",0.3867,Amb,False
MLH1,NM_000249.4(MLH1):c.1913G>A (p.Gly638Glu),638,Interaction with EXO1,92.88,5.517608165740967,64.0,1.0,True,0.6159533635144346,True,agree: both flag,Hereditary cancer-predisposing syndrome,"('MLH1', 'NM_000249.4(MLH1):c.1913G>A (p.Gly638Glu)')",0.8904,LPath,True
MLH1,NM_000249.4(MLH1):c.1912_1913delinsTT (p.Gly638Leu),638,Interaction with EXO1,92.88,5.517608165740967,64.0,1.0,True,0.6159533635144346,True,agree: both flag,not specified,"('MLH1', 'NM_000249.4(MLH1):c.1912_1913delinsTT (p.Gly638Leu)')",0.8884,LPath,True
MLH1,NM_000249.4(MLH1):c.1912G>C (p.Gly638Arg),638,Interaction with EXO1,92.88,5.517608165740967,64.0,1.0,True,0.6159533635144346,True,agree: both flag,Hereditary cancer-predisposing syndrome; Hereditary nonpolyposis colorectal neoplasms,"('MLH1', 'NM_000249.4(MLH1):c.1912G>C (p.Gly638Arg)')",0.8363,LPath,True
TSC2,NM_000548.5(TSC2):c.1022C>T (p.Ser341Phe),341,Required for interaction with TSC1,90.0,5.148503303527832,41.0,1.0,True,0.6155598967354758,True,agree: both flag,Hereditary cancer-predisposing syndrome; not provided; Tuberous sclerosis 2,"('TSC2', 'NM_000548.5(TSC2):c.1022C>T (p.Ser341Phe)')",0.9727,LPath,True
ABCA4,NM_000350.3(ABCA4):c.4537C>A (p.Gln1513Lys),1513,Unannotated / linker,90.69,5.343747615814209,52.0,1.0,True,0.6154998823936242,True,agree: both flag,not provided,"('ABCA4', 'NM_000350.3(ABCA4):c.4537C>A (p.Gln1513Lys)')",0.2216,LBen,False
ABCA4,NM_000350.3(ABCA4):c.4537C>G (p.Gln1513Glu),1513,Unannotated / linker,90.69,5.343747615814209,52.0,1.0,True,0.6154998823936242,True,agree: both flag,ABCA4-related retinopathy; not provided,"('ABCA4', 'NM_000350.3(ABCA4):c.4537C>G (p.Gln1513Glu)')",0.094,LBen,False
ABCA4,NM_000350.3(ABCA4):c.4539G>C (p.Gln1513His),1513,Unannotated / linker,90.69,5.343747615814209,52.0,1.0,True,0.6154998823936242,True,agree: both flag,not provided,"('ABCA4', 'NM_000350.3(ABCA4):c.4539G>C (p.Gln1513His)')",0.6287,LPath,True
MSH6,NM_000179.3(MSH6):c.1549A>C (p.Ile517Leu),517,Unannotated / linker,97.38,5.084598064422607,37.0,1.0,True,0.6154605521160151,True,agree: both flag,Hereditary cancer-predisposing syndrome,"('MSH6', 'NM_000179.3(MSH6):c.1549A>C (p.Ile517Leu)')",0.1402,LBen,False
MSH6,NM_000179.3(MSH6):c.1550T>C (p.Ile517Thr),517,Unannotated / linker,97.38,5.084598064422607,37.0,1.0,True,0.6154605521160151,True,agree: both flag,Hereditary nonpolyposis colorectal neoplasms; Hereditary cancer-predisposing syndrome; not provided,"('MSH6', 'NM_000179.3(MSH6):c.1550T>C (p.Ile517Thr)')",0.3942,Amb,False
MSH6,NM_000179.3(MSH6):c.1549A>G (p.Ile517Val),517,Unannotated / linker,97.38,5.084598064422607,37.0,1.0,True,0.6154605521160151,True,agree: both flag,Hereditary nonpolyposis colorectal neoplasms; Hereditary cancer-predisposing syndrome,"('MSH6', 'NM_000179.3(MSH6):c.1549A>G (p.Ile517Val)')",0.1024,LBen,False
MSH6,NM_000179.3(MSH6):c.3730T>G (p.Leu1244Val),1244,Unannotated / linker,96.44,5.003627777099609,33.0,1.0,True,0.6154437289987875,True,agree: both flag,not specified; Endometrial carcinoma; Hereditary nonpolyposis colorectal neoplasms; not provided; Hereditary cancer-predisposing syndrome,"('MSH6', 'NM_000179.3(MSH6):c.3730T>G (p.Leu1244Val)')",0.3042,LBen,False
MSH6,NM_000179.3(MSH6):c.3731T>C (p.Leu1244Ser),1244,Unannotated / linker,96.44,5.003627777099609,33.0,1.0,True,0.6154437289987875,True,agree: both flag,Hereditary cancer-predisposing syndrome; Hereditary nonpolyposis colorectal neoplasms,"('MSH6', 'NM_000179.3(MSH6):c.3731T>C (p.Leu1244Ser)')",0.9882,LPath,True
ATP7A,NM_000052.7(ATP7A):c.2687A>G (p.Gln896Arg),896,Unannotated / linker,81.38,5.206201076507568,44.0,1.0,True,0.6151711598565577,True,agree: both flag,"Menkes kinky-hair syndrome; X-linked distal spinal muscular atrophy type 3; Cutis laxa, X-linked; not provided","('ATP7A', 'NM_000052.7(ATP7A):c.2687A>G (p.Gln896Arg)')",0.3692,Amb,False
MSH2,NM_000251.3(MSH2):c.1897A>C (p.Ile633Leu),633,Interaction with EXO1,98.56,5.595280647277832,67.0,1.0,True,0.6150273516858402,True,agree: both flag,Hereditary nonpolyposis colorectal neoplasms,"('MSH2', 'NM_000251.3(MSH2):c.1897A>C (p.Ile633Leu)')",0.0986,LBen,False
MSH2,NM_000251.3(MSH2):c.1899A>G (p.Ile633Met),633,Interaction with EXO1,98.56,5.595280647277832,67.0,1.0,True,0.6150273516858402,True,agree: both flag,Hereditary nonpolyposis colorectal neoplasms,"('MSH2', 'NM_000251.3(MSH2):c.1899A>G (p.Ile633Met)')",0.0947,LBen,False
PMS2,NM_000535.7(PMS2):c.965T>C (p.Val322Ala),322,Unannotated / linker,97.12,5.358798503875732,51.0,1.0,True,0.6147610218928506,True,agree: both flag,Hereditary cancer-predisposing syndrome,"('PMS2', 'NM_000535.7(PMS2):c.965T>C (p.Val322Ala)')",0.2754,LBen,False
PMS2,NM_000535.7(PMS2):c.964G>T (p.Val322Phe),322,Unannotated / linker,97.12,5.358798503875732,51.0,1.0,True,0.6147610218928506,True,agree: both flag,Mismatch repair cancer syndrome 1; Hereditary nonpolyposis colorectal neoplasms; Hereditary cancer-predisposing syndrome,"('PMS2', 'NM_000535.7(PMS2):c.964G>T (p.Val322Phe)')",0.3309,LBen,False
PMS2,NM_000535.7(PMS2):c.964G>A (p.Val322Ile),322,Unannotated / linker,97.12,5.358798503875732,51.0,1.0,True,0.6147610218928506,True,agree: both flag,Hereditary nonpolyposis colorectal neoplasms; Hereditary cancer-predisposing syndrome; not specified; not provided; Lynch syndrome; Lynch syndrome 4,"('PMS2', 'NM_000535.7(PMS2):c.964G>A (p.Val322Ile)')",0.1114,LBen,False
MSH2,NM_000251.3(MSH2):c.374C>T (p.Pro125Leu),125,Unannotated / linker,81.56,4.988340377807617,32.0,1.0,True,0.614759483321809,True,agree: both flag,Lynch syndrome 1; Hereditary cancer-predisposing syndrome; Hereditary nonpolyposis colorectal neoplasms; not specified,"('MSH2', 'NM_000251.3(MSH2):c.374C>T (p.Pro125Leu)')",0.9468,LPath,True
MSH2,NM_000251.3(MSH2):c.373C>A (p.Pro125Thr),125,Unannotated / linker,81.56,4.988340377807617,32.0,1.0,True,0.614759483321809,True,agree: both flag,Lynch syndrome 1; Muir-Torré syndrome; Mismatch repair cancer syndrome 2; Hereditary nonpolyposis colorectal neoplasms; Hereditary cancer-predisposing syndrome,"('MSH2', 'NM_000251.3(MSH2):c.373C>A (p.Pro125Thr)')",0.9616,LPath,True
MSH2,NM_000251.3(MSH2):c.374C>G (p.Pro125Arg),125,Unannotated / linker,81.56,4.988340377807617,32.0,1.0,True,0.614759483321809,True,agree: both flag,Hereditary nonpolyposis colorectal neoplasms,"('MSH2', 'NM_000251.3(MSH2):c.374C>G (p.Pro125Arg)')",0.9768,LPath,True
MSH2,NM_000251.3(MSH2):c.374C>A (p.Pro125His),125,Unannotated / linker,81.56,4.988340377807617,32.0,1.0,True,0.614759483321809,True,agree: both flag,Hereditary cancer-predisposing syndrome,"('MSH2', 'NM_000251.3(MSH2):c.374C>A (p.Pro125His)')",0.9929,LPath,True
MSH2,NM_000251.3(MSH2):c.373C>G (p.Pro125Ala),125,Unannotated / linker,81.56,4.988340377807617,32.0,1.0,True,0.614759483321809,True,agree: both flag,Hereditary cancer-predisposing syndrome,"('MSH2', 'NM_000251.3(MSH2):c.373C>G (p.Pro125Ala)')",0.8239,LPath,True
MYO7A,NM_000260.4(MYO7A):c.5241C>G (p.His1747Gln),1747,MyTH4 2,91.12,5.708133220672607,75.0,1.0,True,0.6146200144609264,True,agree: both flag,not provided,"('MYO7A', 'NM_000260.4(MYO7A):c.5241C>G (p.His1747Gln)')",0.4071,Amb,False
PMS2,NM_000535.7(PMS2):c.161T>C (p.Ile54Thr),54,Unannotated / linker,97.5,4.638208866119385,16.0,1.0,True,0.6145897402463151,True,agree: both flag,Hereditary cancer-predisposing syndrome; Lynch syndrome; not specified; Hereditary nonpolyposis colorectal neoplasms; not provided,"('PMS2', 'NM_000535.7(PMS2):c.161T>C (p.Ile54Thr)')",0.4359,Amb,False
PMS2,NM_000535.7(PMS2):c.160A>G (p.Ile54Val),54,Unannotated / linker,97.5,4.638208866119385,16.0,1.0,True,0.6145897402463151,True,agree: both flag,not provided; Hereditary nonpolyposis colorectal neoplasms; Hereditary cancer-predisposing syndrome,"('PMS2', 'NM_000535.7(PMS2):c.160A>G (p.Ile54Val)')",0.0631,LBen,False
PMS2,NM_000535.7(PMS2):c.162T>G (p.Ile54Met),54,Unannotated / linker,97.5,4.638208866119385,16.0,1.0,True,0.6145897402463151,True,agree: both flag,Hereditary cancer-predisposing syndrome,"('PMS2', 'NM_000535.7(PMS2):c.162T>G (p.Ile54Met)')",0.1981,LBen,False
MYBPC3,NM_000256.3(MYBPC3):c.2333C>T (p.Pro778Leu),778,Fibronectin type-III 1,97.12,4.5887250900268555,14.0,1.0,True,0.6144438017042085,True,agree: both flag,Hypertrophic cardiomyopathy; Cardiovascular phenotype,"('MYBPC3', 'NM_000256.3(MYBPC3):c.2333C>T (p.Pro778Leu)')",0.7851,LPath,True
ATP7A,NM_000052.7(ATP7A):c.3545T>C (p.Ile1182Thr),1182,Unannotated / linker,93.25,5.56850528717041,64.0,1.0,True,0.6143203446222972,True,agree: both flag,"Cutis laxa, X-linked; X-linked distal spinal muscular atrophy type 3; Menkes kinky-hair syndrome; Inborn genetic diseases","('ATP7A', 'NM_000052.7(ATP7A):c.3545T>C (p.Ile1182Thr)')",0.6307,LPath,True
RET,NM_020975.6(RET):c.1670C>T (p.Thr557Ile),557,Unannotated / linker,96.69,5.391651153564453,52.0,1.0,True,0.614239347165543,True,agree: both flag,Hereditary cancer-predisposing syndrome,"('RET', 'NM_020975.6(RET):c.1670C>T (p.Thr557Ile)')",0.8812,LPath,True
MYBPC3,NM_000256.3(MYBPC3):c.539G>A (p.Gly180Asp),180,Ig-like C2-type 1,65.25,5.145028114318848,39.0,1.0,True,0.6136822660832973,True,agree: both flag,Cardiovascular phenotype; Cardiomyopathy; Hypertrophic cardiomyopathy,"('MYBPC3', 'NM_000256.3(MYBPC3):c.539G>A (p.Gly180Asp)')",0.4001,Amb,False
MYBPC3,NM_000256.3(MYBPC3):c.538G>A (p.Gly180Ser),180,Ig-like C2-type 1,65.25,5.145028114318848,39.0,1.0,True,0.6136822660832973,True,agree: both flag,Cardiomyopathy; Hypertrophic cardiomyopathy,"('MYBPC3', 'NM_000256.3(MYBPC3):c.538G>A (p.Gly180Ser)')",0.1962,LBen,False
MSH2,NM_000251.3(MSH2):c.895T>C (p.Tyr299His),299,Unannotated / linker,93.94,5.375319004058838,50.0,1.0,True,0.6136404547388927,True,agree: both flag,Hereditary cancer-predisposing syndrome,"('MSH2', 'NM_000251.3(MSH2):c.895T>C (p.Tyr299His)')",0.6092,LPath,True
MYBPC3,NM_000256.3(MYBPC3):c.3701G>A (p.Gly1234Glu),1234,Ig-like C2-type 7,77.38,4.984326362609863,30.0,1.0,True,0.613554717388335,True,agree: both flag,Hypertrophic cardiomyopathy,"('MYBPC3', 'NM_000256.3(MYBPC3):c.3701G>A (p.Gly1234Glu)')",0.5971,LPath,True
MYBPC3,NM_000256.3(MYBPC3):c.3700G>A (p.Gly1234Arg),1234,Ig-like C2-type 7,77.38,4.984326362609863,30.0,1.0,True,0.613554717388335,True,agree: both flag,Hypertrophic cardiomyopathy 4; Hypertrophic cardiomyopathy,"('MYBPC3', 'NM_000256.3(MYBPC3):c.3700G>A (p.Gly1234Arg)')",0.8151,LPath,True
MYBPC3,NM_000256.3(MYBPC3):c.3701G>T (p.Gly1234Val),1234,Ig-like C2-type 7,77.38,4.984326362609863,30.0,1.0,True,0.613554717388335,True,agree: both flag,Cardiovascular phenotype; Hypertrophic cardiomyopathy,"('MYBPC3', 'NM_000256.3(MYBPC3):c.3701G>T (p.Gly1234Val)')",0.8354,LPath,True
SCN2A,NM_001040142.2(SCN2A):c.527C>T (p.Ala176Val),176,I,86.0,5.481382369995117,57.0,1.0,True,0.6135213933979057,True,agree: both flag,not provided,"('SCN2A', 'NM_001040142.2(SCN2A):c.527C>T (p.Ala176Val)')",0.9238,LPath,True
SCN2A,NM_001040142.2(SCN2A):c.526G>C (p.Ala176Pro),176,I,86.0,5.481382369995117,57.0,1.0,True,0.6135213933979057,True,agree: both flag,"Developmental and epileptic encephalopathy, 11","('SCN2A', 'NM_001040142.2(SCN2A):c.526G>C (p.Ala176Pro)')",0.9836,LPath,True
SCN2A,NM_001040142.2(SCN2A):c.526G>T (p.Ala176Ser),176,I,86.0,5.481382369995117,57.0,1.0,True,0.6135213933979057,True,agree: both flag,"Seizures, benign familial infantile, 3; Developmental and epileptic encephalopathy, 11; not provided","('SCN2A', 'NM_001040142.2(SCN2A):c.526G>T (p.Ala176Ser)')",0.3205,LBen,False
VHL,NM_000551.4(VHL):c.418C>G (p.Leu140Val),140,Involved in binding to CCT complex,96.0,5.655167579650879,68.0,1.0,True,0.6134349865914542,True,agree: both flag,Chuvash polycythemia; Von Hippel-Lindau syndrome; Hereditary cancer-predisposing syndrome,"('VHL', 'NM_000551.4(VHL):c.418C>G (p.Leu140Val)')",0.1379,LBen,False
VHL,NM_000551.4(VHL):c.418C>T (p.Leu140Phe),140,Involved in binding to CCT complex,96.0,5.655167579650879,68.0,1.0,True,0.6134349865914542,True,agree: both flag,Chuvash polycythemia; Von Hippel-Lindau syndrome,"('VHL', 'NM_000551.4(VHL):c.418C>T (p.Leu140Phe)')",0.2493,LBen,False
ABCA4,NM_000350.3(ABCA4):c.3163C>T (p.Arg1055Trp),1055,ABC transporter 1,86.38,5.112083911895752,35.0,1.0,True,0.6131697425310397,True,agree: both flag,Retinal dystrophy; not provided; Severe early-childhood-onset retinal dystrophy,"('ABCA4', 'NM_000350.3(ABCA4):c.3163C>T (p.Arg1055Trp)')",0.1777,LBen,False
ABCA4,NM_000350.3(ABCA4):c.3164G>A (p.Arg1055Gln),1055,ABC transporter 1,86.38,5.112083911895752,35.0,1.0,True,0.6131697425310397,True,agree: both flag,not provided; Retinal dystrophy,"('ABCA4', 'NM_000350.3(ABCA4):c.3164G>A (p.Arg1055Gln)')",0.0916,LBen,False
MYBPC3,NM_000256.3(MYBPC3):c.1128C>A (p.Ser376Arg),376,Ig-like C2-type 2,80.62,5.744743824005127,75.0,1.0,True,0.6130171076878012,True,agree: both flag,not provided; Hypertrophic cardiomyopathy,"('MYBPC3', 'NM_000256.3(MYBPC3):c.1128C>A (p.Ser376Arg)')",0.5134,Amb,False
RET,NM_020975.6(RET):c.1775G>A (p.Gly592Glu),592,Unannotated / linker,90.81,4.982464790344238,28.0,1.0,True,0.6129165298804004,True,agree: both flag,"Multiple endocrine neoplasia, type 2","('RET', 'NM_020975.6(RET):c.1775G>A (p.Gly592Glu)')",0.9285,LPath,True
MYO7A,NM_000260.4(MYO7A):c.6349G>T (p.Val2117Leu),2117,FERM 2,92.25,5.653576850891113,67.0,1.0,True,0.6129027940149444,True,agree: both flag,Autosomal recessive nonsyndromic hearing loss 2; Usher syndrome type 1,"('MYO7A', 'NM_000260.4(MYO7A):c.6349G>T (p.Val2117Leu)')",0.9601,LPath,True
MYO7A,NM_000260.4(MYO7A):c.6350T>C (p.Val2117Ala),2117,FERM 2,92.25,5.653576850891113,67.0,1.0,True,0.6129027940149444,True,agree: both flag,Autosomal recessive nonsyndromic hearing loss 2; Usher syndrome type 1,"('MYO7A', 'NM_000260.4(MYO7A):c.6350T>C (p.Val2117Ala)')",0.931,LPath,True
PMS2,NM_000535.7(PMS2):c.2058T>G (p.Phe686Leu),686,Unannotated / linker,95.38,4.623140335083008,13.0,1.0,True,0.6128709618288611,True,agree: both flag,Hereditary cancer-predisposing syndrome,"('PMS2', 'NM_000535.7(PMS2):c.2058T>G (p.Phe686Leu)')",0.9991,LPath,True
PMS2,NM_000535.7(PMS2):c.2057T>A (p.Phe686Tyr),686,Unannotated / linker,95.38,4.623140335083008,13.0,1.0,True,0.6128709618288611,True,agree: both flag,Hereditary nonpolyposis colorectal neoplasms; Hereditary cancer-predisposing syndrome,"('PMS2', 'NM_000535.7(PMS2):c.2057T>A (p.Phe686Tyr)')",0.8694,LPath,True
PMS2,NM_000535.7(PMS2):c.2057T>C (p.Phe686Ser),686,Unannotated / linker,95.38,4.623140335083008,13.0,1.0,True,0.6128709618288611,True,agree: both flag,Hereditary nonpolyposis colorectal neoplasms; not specified; Hereditary cancer-predisposing syndrome,"('PMS2', 'NM_000535.7(PMS2):c.2057T>C (p.Phe686Ser)')",0.9984,LPath,True
PMS2,NM_000535.7(PMS2):c.2057T>G (p.Phe686Cys),686,Unannotated / linker,95.38,4.623140335083008,13.0,1.0,True,0.6128709618288611,True,agree: both flag,Hereditary cancer-predisposing syndrome,"('PMS2', 'NM_000535.7(PMS2):c.2057T>G (p.Phe686Cys)')",0.9855,LPath,True
RET,NM_020975.6(RET):c.1678C>G (p.Pro560Ala),560,Unannotated / linker,96.38,4.801614284515381,19.0,1.0,True,0.6123969869465006,True,agree: both flag,"Hereditary cancer-predisposing syndrome; Multiple endocrine neoplasia, type 2","('RET', 'NM_020975.6(RET):c.1678C>G (p.Pro560Ala)')",0.3345,LBen,False
RET,NM_020975.6(RET):c.1679C>T (p.Pro560Leu),560,Unannotated / linker,96.38,4.801614284515381,19.0,1.0,True,0.6123969869465006,True,agree: both flag,Hereditary cancer-predisposing syndrome,"('RET', 'NM_020975.6(RET):c.1679C>T (p.Pro560Leu)')",0.6802,LPath,True
ENG,NM_001114753.3(ENG):c.199C>T (p.Leu67Phe),67,Required for interaction with GDF2,97.69,5.105880260467529,32.0,1.0,True,0.6120766019865894,True,agree: both flag,not provided,"('ENG', 'NM_001114753.3(ENG):c.199C>T (p.Leu67Phe)')",0.2589,LBen,False
RB1,NM_000321.3(RB1):c.1222A>T (p.Thr408Ser),408,Pocket; binds T and E1A,97.5,5.689953804016113,66.0,1.0,True,0.6114666269098674,True,agree: both flag,Retinoblastoma; Hereditary cancer-predisposing syndrome,"('RB1', 'NM_000321.3(RB1):c.1222A>T (p.Thr408Ser)')",0.3357,LBen,False
RB1,NM_000321.3(RB1):c.1223C>T (p.Thr408Ile),408,Pocket; binds T and E1A,97.5,5.689953804016113,66.0,1.0,True,0.6114666269098674,True,agree: both flag,Hereditary cancer-predisposing syndrome; Retinoblastoma,"('RB1', 'NM_000321.3(RB1):c.1223C>T (p.Thr408Ile)')",0.81,LPath,True
RB1,NM_000321.3(RB1):c.1223C>G (p.Thr408Arg),408,Pocket; binds T and E1A,97.5,5.689953804016113,66.0,1.0,True,0.6114666269098674,True,agree: both flag,Hereditary cancer-predisposing syndrome; Retinoblastoma,"('RB1', 'NM_000321.3(RB1):c.1223C>G (p.Thr408Arg)')",0.6815,LPath,True
MLH1,NM_000249.4(MLH1):c.1736C>T (p.Pro579Leu),579,Interaction with EXO1,90.31,5.553309917449951,57.0,1.0,True,0.6114287382246145,True,agree: both flag,Hereditary cancer-predisposing syndrome,"('MLH1', 'NM_000249.4(MLH1):c.1736C>T (p.Pro579Leu)')",0.2564,LBen,False
MLH1,NM_000249.4(MLH1):c.1736C>A (p.Pro579Gln),579,Interaction with EXO1,90.31,5.553309917449951,57.0,1.0,True,0.6114287382246145,True,agree: both flag,Hereditary nonpolyposis colorectal neoplasms,"('MLH1', 'NM_000249.4(MLH1):c.1736C>A (p.Pro579Gln)')",0.2146,LBen,False
TSC2,NM_000548.5(TSC2):c.4811G>A (p.Gly1604Asp),1604,Rap-GAP,80.81,4.872833728790283,21.0,1.0,True,0.6112628701036756,True,agree: both flag,Tuberous sclerosis syndrome,"('TSC2', 'NM_000548.5(TSC2):c.4811G>A (p.Gly1604Asp)')",0.9947,LPath,True
PMS2,NM_000535.7(PMS2):c.457A>G (p.Arg153Gly),153,Unannotated / linker,95.5,5.866768836975098,79.0,1.0,True,0.6111498208375883,True,agree: both flag,Hereditary nonpolyposis colorectal neoplasms; not provided,"('PMS2', 'NM_000535.7(PMS2):c.457A>G (p.Arg153Gly)')",0.1199,LBen,False
RET,NM_020975.6(RET):c.155A>C (p.Tyr52Ser),52,Cadherin-like region 1 (CLD1),95.56,5.314209461212158,41.0,1.0,True,0.6109363642950104,True,agree: both flag,Hereditary cancer-predisposing syndrome,"('RET', 'NM_020975.6(RET):c.155A>C (p.Tyr52Ser)')",0.2625,LBen,False
RET,NM_020975.6(RET):c.154T>C (p.Tyr52His),52,Cadherin-like region 1 (CLD1),95.56,5.314209461212158,41.0,1.0,True,0.6109363642950104,True,agree: both flag,Hereditary cancer-predisposing syndrome,"('RET', 'NM_020975.6(RET):c.154T>C (p.Tyr52His)')",0.2092,LBen,False
ABCA4,NM_000350.3(ABCA4):c.3682G>A (p.Glu1228Lys),1228,Unannotated / linker,75.25,5.7250542640686035,69.0,1.0,True,0.6108569096261172,True,agree: both flag,ABCA4-related retinopathy,"('ABCA4', 'NM_000350.3(ABCA4):c.3682G>A (p.Glu1228Lys)')",0.8673,LPath,True
ABCA4,NM_000350.3(ABCA4):c.3683A>C (p.Glu1228Ala),1228,Unannotated / linker,75.25,5.7250542640686035,69.0,1.0,True,0.6108569096261172,True,agree: both flag,not provided,"('ABCA4', 'NM_000350.3(ABCA4):c.3683A>C (p.Glu1228Ala)')",0.8584,LPath,True
MYBPC3,NM_000256.3(MYBPC3):c.49C>T (p.Arg17Trp),17,Unannotated / linker,88.0,5.7979736328125,73.0,1.0,True,0.6106518065386745,True,agree: both flag,not specified; Hypertrophic cardiomyopathy; Cardiomyopathy; Cardiovascular phenotype; not provided,"('MYBPC3', 'NM_000256.3(MYBPC3):c.49C>T (p.Arg17Trp)')",0.3675,Amb,False
MYBPC3,NM_000256.3(MYBPC3):c.50G>A (p.Arg17Gln),17,Unannotated / linker,88.0,5.7979736328125,73.0,1.0,True,0.6106518065386745,True,agree: both flag,Cardiovascular phenotype; not specified; not provided; Cardiomyopathy; Hypertrophic cardiomyopathy,"('MYBPC3', 'NM_000256.3(MYBPC3):c.50G>A (p.Arg17Gln)')",0.1344,LBen,False
PMS2,NM_000535.7(PMS2):c.726T>A (p.Phe242Leu),242,Unannotated / linker,95.94,5.0949530601501465,29.0,1.0,True,0.6106340642320119,True,agree: both flag,Hereditary cancer-predisposing syndrome; Hereditary nonpolyposis colorectal neoplasms,"('PMS2', 'NM_000535.7(PMS2):c.726T>A (p.Phe242Leu)')",0.8954,LPath,True
TSC2,NM_000548.5(TSC2):c.4826G>T (p.Cys1609Phe),1609,Rap-GAP,90.94,5.119985103607178,30.0,1.0,True,0.6103350069123781,True,agree: both flag,Hereditary cancer-predisposing syndrome; Tuberous sclerosis 2,"('TSC2', 'NM_000548.5(TSC2):c.4826G>T (p.Cys1609Phe)')",0.8318,LPath,True
TSC2,NM_000548.5(TSC2):c.4826G>A (p.Cys1609Tyr),1609,Rap-GAP,90.94,5.119985103607178,30.0,1.0,True,0.6103350069123781,True,agree: both flag,Hereditary cancer-predisposing syndrome,"('TSC2', 'NM_000548.5(TSC2):c.4826G>A (p.Cys1609Tyr)')",0.9429,LPath,True
TP53,NM_000546.6(TP53):c.607G>C (p.Val203Leu),203,DNA-binding domain,96.0,4.796338081359863,15.0,1.0,True,0.6099976775321849,True,agree: both flag,"Hereditary cancer-predisposing syndrome, Li-Fraumeni syndrome 1, Li-Fraumeni syndrome","('TP53', 'NM_000546.6(TP53):c.607G>C (p.Val203Leu)')",0.7401,LPath,True
TP53,NM_000546.6(TP53):c.608T>A (p.Val203Glu),203,DNA-binding domain,96.0,4.796338081359863,15.0,1.0,True,0.6099976775321849,True,agree: both flag,Li-Fraumeni syndrome,"('TP53', 'NM_000546.6(TP53):c.608T>A (p.Val203Glu)')",0.8955,LPath,True
MLH1,NM_000249.4(MLH1):c.1711T>G (p.Phe571Val),571,Interaction with EXO1,90.0,5.7686662673950195,69.0,1.0,True,0.6099669996507459,True,agree: both flag,Hereditary cancer-predisposing syndrome,"('MLH1', 'NM_000249.4(MLH1):c.1711T>G (p.Phe571Val)')",0.4769,Amb,False
MLH1,NM_000249.4(MLH1):c.1711T>C (p.Phe571Leu),571,Interaction with EXO1,90.0,5.7686662673950195,69.0,1.0,True,0.6099669996507459,True,agree: both flag,Hereditary nonpolyposis colorectal neoplasms; Hereditary cancer-predisposing syndrome,"('MLH1', 'NM_000249.4(MLH1):c.1711T>C (p.Phe571Leu)')",0.8523,LPath,True
ABCA4,NM_000350.3(ABCA4):c.3022T>C (p.Cys1008Arg),1008,ABC transporter 1,86.25,5.741861820220947,67.0,1.0,True,0.6098317101120954,True,agree: both flag,Retinal dystrophy,"('ABCA4', 'NM_000350.3(ABCA4):c.3022T>C (p.Cys1008Arg)')",0.9752,LPath,True
MSH6,NM_000179.3(MSH6):c.2273T>C (p.Leu758Pro),758,Unannotated / linker,90.56,4.752170562744141,13.0,1.0,True,0.6095984498043622,True,agree: both flag,Lynch syndrome 5,"('MSH6', 'NM_000179.3(MSH6):c.2273T>C (p.Leu758Pro)')",0.9877,LPath,True
MSH6,NM_000179.3(MSH6):c.2272C>A (p.Leu758Ile),758,Unannotated / linker,90.56,4.752170562744141,13.0,1.0,True,0.6095984498043622,True,agree: both flag,Hereditary nonpolyposis colorectal neoplasms,"('MSH6', 'NM_000179.3(MSH6):c.2272C>A (p.Leu758Ile)')",0.339,LBen,False
MSH6,NM_000179.3(MSH6):c.2272C>G (p.Leu758Val),758,Unannotated / linker,90.56,4.752170562744141,13.0,1.0,True,0.6095984498043622,True,agree: both flag,not specified; Hereditary cancer-predisposing syndrome; Hereditary nonpolyposis colorectal neoplasms,"('MSH6', 'NM_000179.3(MSH6):c.2272C>G (p.Leu758Val)')",0.3441,Amb,False
PTEN,NM_000314.8(PTEN):c.257C>T (p.Ala86Val),86,Phosphatase (tensin-type) domain,98.31,4.901323318481445,18.0,1.0,True,0.6093433389038746,True,agree: both flag,Hereditary cancer-predisposing syndrome,"('PTEN', 'NM_000314.8(PTEN):c.257C>T (p.Ala86Val)')",0.683,LPath,True
PTEN,NM_000314.8(PTEN):c.256G>A (p.Ala86Thr),86,Phosphatase (tensin-type) domain,98.31,4.901323318481445,18.0,1.0,True,0.6093433389038746,True,agree: both flag,PTEN hamartoma tumor syndrome,"('PTEN', 'NM_000314.8(PTEN):c.256G>A (p.Ala86Thr)')",0.6252,LPath,True
BRCA1,NM_007294.4(BRCA1):c.5372T>G (p.Val1791Gly),1791,BRCT domain 2,94.94,5.074275016784668,25.0,1.0,True,0.6088938649643619,True,agree: both flag,Hereditary cancer-predisposing syndrome,"('BRCA1', 'NM_007294.4(BRCA1):c.5372T>G (p.Val1791Gly)')",0.5062,Amb,False
BRCA1,NM_007294.4(BRCA1):c.5372T>A (p.Val1791Glu),1791,BRCT domain 2,94.94,5.074275016784668,25.0,1.0,True,0.6088938649643619,True,agree: both flag,Malignant tumor of breast,"('BRCA1', 'NM_007294.4(BRCA1):c.5372T>A (p.Val1791Glu)')",0.7035,LPath,True
BRCA1,NM_007294.4(BRCA1):c.5371G>A (p.Val1791Met),1791,BRCT domain 2,94.94,5.074275016784668,25.0,1.0,True,0.6088938649643619,True,agree: both flag,Hereditary cancer-predisposing syndrome,"('BRCA1', 'NM_007294.4(BRCA1):c.5371G>A (p.Val1791Met)')",0.251,LBen,False
MYBPC3,NM_000256.3(MYBPC3):c.1702G>A (p.Val568Ile),568,Ig-like C2-type 4,89.44,5.156773567199707,29.0,1.0,True,0.608734196969822,True,agree: both flag,Hypertrophic cardiomyopathy,"('MYBPC3', 'NM_000256.3(MYBPC3):c.1702G>A (p.Val568Ile)')",0.1314,LBen,False
MYBPC3,NM_000256.3(MYBPC3):c.1703T>A (p.Val568Asp),568,Ig-like C2-type 4,89.44,5.156773567199707,29.0,1.0,True,0.608734196969822,True,agree: both flag,Hypertrophic cardiomyopathy,"('MYBPC3', 'NM_000256.3(MYBPC3):c.1703T>A (p.Val568Asp)')",0.9521,LPath,True
PMS2,NM_000535.7(PMS2):c.370A>C (p.Thr124Pro),124,Unannotated / linker,97.12,5.541905403137207,50.0,1.0,True,0.6087273722075656,True,agree: both flag,Hereditary nonpolyposis colorectal neoplasms,"('PMS2', 'NM_000535.7(PMS2):c.370A>C (p.Thr124Pro)')",0.9372,LPath,True
PMS2,NM_000535.7(PMS2):c.370A>G (p.Thr124Ala),124,Unannotated / linker,97.12,5.541905403137207,50.0,1.0,True,0.6087273722075656,True,agree: both flag,Lynch syndrome; Mismatch repair cancer syndrome 4; Lynch syndrome 4; Hereditary cancer-predisposing syndrome; Hereditary nonpolyposis colorectal neoplasms,"('PMS2', 'NM_000535.7(PMS2):c.370A>G (p.Thr124Ala)')",0.7662,LPath,True
PMS2,NM_000535.7(PMS2):c.371C>A (p.Thr124Asn),124,Unannotated / linker,97.12,5.541905403137207,50.0,1.0,True,0.6087273722075656,True,agree: both flag,Hereditary nonpolyposis colorectal neoplasms; Hereditary cancer-predisposing syndrome,"('PMS2', 'NM_000535.7(PMS2):c.371C>A (p.Thr124Asn)')",0.9408,LPath,True
PMS2,NM_000535.7(PMS2):c.371C>T (p.Thr124Ile),124,Unannotated / linker,97.12,5.541905403137207,50.0,1.0,True,0.6087273722075656,True,agree: both flag,Hereditary nonpolyposis colorectal neoplasms; Lynch syndrome,"('PMS2', 'NM_000535.7(PMS2):c.371C>T (p.Thr124Ile)')",0.9711,LPath,True
ENG,NM_001114753.3(ENG):c.359A>G (p.Tyr120Cys),120,Required for interaction with GDF2,94.5,5.001716136932373,21.0,1.0,True,0.6084562541140772,True,agree: both flag,"Cardiovascular phenotype; Telangiectasia, hereditary hemorrhagic, type 1; Hereditary hemorrhagic telangiectasia","('ENG', 'NM_001114753.3(ENG):c.359A>G (p.Tyr120Cys)')",0.1296,LBen,False
MSH6,NM_000179.3(MSH6):c.1882T>C (p.Trp628Arg),628,Unannotated / linker,97.81,5.696272373199463,58.0,1.0,True,0.6077212256692431,True,agree: both flag,Hereditary nonpolyposis colorectal neoplasms; not provided; Hereditary cancer-predisposing syndrome,"('MSH6', 'NM_000179.3(MSH6):c.1882T>C (p.Trp628Arg)')",0.9458,LPath,True
MSH6,NM_000179.3(MSH6):c.1882T>G (p.Trp628Gly),628,Unannotated / linker,97.81,5.696272373199463,58.0,1.0,True,0.6077212256692431,True,agree: both flag,Hereditary cancer-predisposing syndrome,"('MSH6', 'NM_000179.3(MSH6):c.1882T>G (p.Trp628Gly)')",0.6079,LPath,True
MSH6,NM_000179.3(MSH6):c.1884G>T (p.Trp628Cys),628,Unannotated / linker,97.81,5.696272373199463,58.0,1.0,True,0.6077212256692431,True,agree: both flag,Hereditary cancer-predisposing syndrome,"('MSH6', 'NM_000179.3(MSH6):c.1884G>T (p.Trp628Cys)')",0.8093,LPath,True
MYBPC3,NM_000256.3(MYBPC3):c.1396A>G (p.Met466Val),466,Ig-like C2-type 3,81.56,5.919809818267822,76.0,1.0,True,0.6076475025114371,True,agree: both flag,Cardiomyopathy,"('MYBPC3', 'NM_000256.3(MYBPC3):c.1396A>G (p.Met466Val)')",0.1372,LBen,False
MYBPC3,NM_000256.3(MYBPC3):c.1397T>A (p.Met466Lys),466,Ig-like C2-type 3,81.56,5.919809818267822,76.0,1.0,True,0.6076475025114371,True,agree: both flag,Cardiovascular phenotype; Left ventricular noncompaction 10; not provided; Hypertrophic cardiomyopathy,"('MYBPC3', 'NM_000256.3(MYBPC3):c.1397T>A (p.Met466Lys)')",0.2804,LBen,False
TSC2,NM_000548.5(TSC2):c.194G>C (p.Cys65Ser),65,Required for interaction with TSC1,87.88,5.3883891105651855,39.0,1.0,True,0.6075198047841948,True,agree: both flag,Hereditary cancer-predisposing syndrome,"('TSC2', 'NM_000548.5(TSC2):c.194G>C (p.Cys65Ser)')",0.1865,LBen,False
TSC2,NM_000548.5(TSC2):c.194G>A (p.Cys65Tyr),65,Required for interaction with TSC1,87.88,5.3883891105651855,39.0,1.0,True,0.6075198047841948,True,agree: both flag,Tuberous sclerosis 2,"('TSC2', 'NM_000548.5(TSC2):c.194G>A (p.Cys65Tyr)')",0.5302,Amb,False
ENG,NM_001114753.3(ENG):c.821C>T (p.Thr274Ile),274,Required for interaction with GDF2,93.88,4.896555423736572,15.0,1.0,True,0.607481624190783,True,agree: both flag,Hereditary hemorrhagic telangiectasia,"('ENG', 'NM_001114753.3(ENG):c.821C>T (p.Thr274Ile)')",0.8093,LPath,True
MSH2,NM_000251.3(MSH2):c.1653T>A (p.Phe551Leu),551,Unannotated / linker,91.69,5.190683364868164,28.0,1.0,True,0.6073615068890214,True,agree: both flag,Hereditary nonpolyposis colorectal neoplasms; Hereditary cancer-predisposing syndrome,"('MSH2', 'NM_000251.3(MSH2):c.1653T>A (p.Phe551Leu)')",0.9989,LPath,True
MSH2,NM_000251.3(MSH2):c.1652T>A (p.Phe551Tyr),551,Unannotated / linker,91.69,5.190683364868164,28.0,1.0,True,0.6073615068890214,True,agree: both flag,Hereditary cancer-predisposing syndrome,"('MSH2', 'NM_000251.3(MSH2):c.1652T>A (p.Phe551Tyr)')",0.7171,LPath,True
MSH2,NM_000251.3(MSH2):c.1651T>C (p.Phe551Leu),551,Unannotated / linker,91.69,5.190683364868164,28.0,1.0,True,0.6073615068890214,True,agree: both flag,Hereditary cancer-predisposing syndrome,"('MSH2', 'NM_000251.3(MSH2):c.1651T>C (p.Phe551Leu)')",0.9989,LPath,True
MSH2,NM_000251.3(MSH2):c.1651T>A (p.Phe551Ile),551,Unannotated / linker,91.69,5.190683364868164,28.0,1.0,True,0.6073615068890214,True,agree: both flag,Hereditary nonpolyposis colorectal neoplasms,"('MSH2', 'NM_000251.3(MSH2):c.1651T>A (p.Phe551Ile)')",0.9874,LPath,True
MSH6,NM_000179.3(MSH6):c.2195G>T (p.Arg732Leu),732,Unannotated / linker,90.56,5.570977687835693,49.0,1.0,True,0.6071543808094266,True,agree: both flag,Hereditary cancer-predisposing syndrome,"('MSH6', 'NM_000179.3(MSH6):c.2195G>T (p.Arg732Leu)')",0.4392,Amb,False
PTEN,NM_000314.8(PTEN):c.263A>T (p.Tyr88Phe),88,Phosphatase (tensin-type) domain,98.62,4.991693496704102,18.0,1.0,True,0.6071034537580451,True,agree: both flag,Hereditary cancer-predisposing syndrome,"('PTEN', 'NM_000314.8(PTEN):c.263A>T (p.Tyr88Phe)')",0.1644,LBen,False
RB1,NM_000321.3(RB1):c.1373A>C (p.Glu458Ala),458,Pocket; binds T and E1A,98.19,5.72097635269165,58.0,1.0,True,0.6069725503267457,True,agree: both flag,Hereditary cancer-predisposing syndrome; Retinoblastoma,"('RB1', 'NM_000321.3(RB1):c.1373A>C (p.Glu458Ala)')",0.7251,LPath,True
RB1,NM_000321.3(RB1):c.1374A>C (p.Glu458Asp),458,Pocket; binds T and E1A,98.19,5.72097635269165,58.0,1.0,True,0.6069725503267457,True,agree: both flag,Hereditary cancer-predisposing syndrome,"('RB1', 'NM_000321.3(RB1):c.1374A>C (p.Glu458Asp)')",0.791,LPath,True
COL5A1,NM_000093.5(COL5A1):c.690C>A (p.His230Gln),230,Laminin G-like,94.44,5.727100849151611,58.0,1.0,True,0.6066489732606476,True,agree: both flag,not provided,"('COL5A1', 'NM_000093.5(COL5A1):c.690C>A (p.His230Gln)')",0.2669,LBen,False
MLH1,NM_000249.4(MLH1):c.1715G>C (p.Gly572Ala),572,Interaction with EXO1,87.19,5.857422351837158,68.0,1.0,True,0.606580196106057,True,agree: both flag,Hereditary cancer-predisposing syndrome; Hereditary nonpolyposis colorectal neoplasms,"('MLH1', 'NM_000249.4(MLH1):c.1715G>C (p.Gly572Ala)')",0.4805,Amb,False
MLH1,NM_000249.4(MLH1):c.1715G>A (p.Gly572Asp),572,Interaction with EXO1,87.19,5.857422351837158,68.0,1.0,True,0.606580196106057,True,agree: both flag,Hereditary nonpolyposis colorectal neoplasms; Lynch syndrome; Hereditary cancer-predisposing syndrome,"('MLH1', 'NM_000249.4(MLH1):c.1715G>A (p.Gly572Asp)')",0.8444,LPath,True
MLH1,NM_000249.4(MLH1):c.1715G>T (p.Gly572Val),572,Interaction with EXO1,87.19,5.857422351837158,68.0,1.0,True,0.606580196106057,True,agree: both flag,Hereditary nonpolyposis colorectal neoplasms,"('MLH1', 'NM_000249.4(MLH1):c.1715G>T (p.Gly572Val)')",0.856,LPath,True
MLH1,NM_000249.4(MLH1):c.644A>C (p.Asn215Thr),215,Unannotated / linker,94.88,5.265113353729248,30.0,1.0,True,0.6065516422666433,True,agree: both flag,Hereditary cancer-predisposing syndrome; Hereditary nonpolyposis colorectal neoplasms,"('MLH1', 'NM_000249.4(MLH1):c.644A>C (p.Asn215Thr)')",0.1705,LBen,False
MLH1,NM_000249.4(MLH1):c.643A>G (p.Asn215Asp),215,Unannotated / linker,94.88,5.265113353729248,30.0,1.0,True,0.6065516422666433,True,agree: both flag,Hereditary nonpolyposis colorectal neoplasms,"('MLH1', 'NM_000249.4(MLH1):c.643A>G (p.Asn215Asp)')",0.7374,LPath,True
BRCA1,NM_007294.4(BRCA1):c.4952C>T (p.Ser1651Phe),1651,BRCT domain 1,94.06,5.341402053833008,34.0,1.0,True,0.6065219496256207,True,agree: both flag,"Hereditary cancer-predisposing syndrome, Hereditary breast ovarian cancer syndrome","('BRCA1', 'NM_007294.4(BRCA1):c.4952C>T (p.Ser1651Phe)')",0.4079,Amb,False
ABCA4,NM_000350.3(ABCA4):c.5872C>G (p.Leu1958Val),1958,ABC transporter 2,89.94,4.931033134460449,15.0,1.0,True,0.6065026575772765,True,agree: both flag,not provided,"('ABCA4', 'NM_000350.3(ABCA4):c.5872C>G (p.Leu1958Val)')",0.1346,LBen,False
ATP7A,NM_000052.7(ATP7A):c.3989A>G (p.Asp1330Gly),1330,Unannotated / linker,85.94,4.9384765625,15.0,1.0,True,0.6061781280272671,True,agree: both flag,"Menkes kinky-hair syndrome; X-linked distal spinal muscular atrophy type 3; Cutis laxa, X-linked","('ATP7A', 'NM_000052.7(ATP7A):c.3989A>G (p.Asp1330Gly)')",0.8395,LPath,True
PTEN,NM_000314.8(PTEN):c.214G>A (p.Ala72Thr),72,Phosphatase (tensin-type) domain,94.94,5.031616687774658,18.0,1.0,True,0.6059794864109632,True,agree: both flag,PTEN hamartoma tumor syndrome,"('PTEN', 'NM_000314.8(PTEN):c.214G>A (p.Ala72Thr)')",0.5788,LPath,True
PTEN,NM_000314.8(PTEN):c.215C>G (p.Ala72Gly),72,Phosphatase (tensin-type) domain,94.94,5.031616687774658,18.0,1.0,True,0.6059794864109632,True,agree: both flag,PTEN hamartoma tumor syndrome,"('PTEN', 'NM_000314.8(PTEN):c.215C>G (p.Ala72Gly)')",0.6656,LPath,True
MLH1,NM_000249.4(MLH1):c.726G>A (p.Met242Ile),242,Unannotated / linker,94.56,5.6782941818237305,53.0,1.0,True,0.6059189178516363,True,agree: both flag,"Hereditary nonpolyposis colorectal neoplasms; not provided; Hereditary cancer-predisposing syndrome; Muir-Torré syndrome; Mismatch repair cancer syndrome 1; Colorectal cancer, hereditary nonpolyposis, type 2","('MLH1', 'NM_000249.4(MLH1):c.726G>A (p.Met242Ile)')",0.4318,Amb,False
MLH1,NM_000249.4(MLH1):c.725T>G (p.Met242Arg),242,Unannotated / linker,94.56,5.6782941818237305,53.0,1.0,True,0.6059189178516363,True,agree: both flag,"Colorectal cancer, hereditary nonpolyposis, type 2","('MLH1', 'NM_000249.4(MLH1):c.725T>G (p.Met242Arg)')",0.9612,LPath,True
MLH1,NM_000249.4(MLH1):c.724A>G (p.Met242Val),242,Unannotated / linker,94.56,5.6782941818237305,53.0,1.0,True,0.6059189178516363,True,agree: both flag,Hereditary nonpolyposis colorectal neoplasms,"('MLH1', 'NM_000249.4(MLH1):c.724A>G (p.Met242Val)')",0.1403,LBen,False
ABCA4,NM_000350.3(ABCA4):c.4679T>A (p.Ile1560Asn),1560,Unannotated / linker,91.44,5.756669521331787,58.0,1.0,True,0.6056310694978058,True,agree: both flag,Stargardt disease,"('ABCA4', 'NM_000350.3(ABCA4):c.4679T>A (p.Ile1560Asn)')",0.9497,LPath,True
BRCA1,NM_007294.4(BRCA1):c.5275_5276delinsTG (p.Lys1759Trp),1759,BRCT domain 2,92.88,5.277783393859863,29.0,1.0,True,0.605614049319291,True,agree: both flag,"Hereditary cancer-predisposing syndrome, Hereditary breast ovarian cancer syndrome, Breast-ovarian cancer, familial, susceptibility to, 1","('BRCA1', 'NM_007294.4(BRCA1):c.5275_5276delinsTG (p.Lys1759Trp)')",0.7846,LPath,True
ENG,NM_001114753.3(ENG):c.745G>T (p.Ala249Ser),249,Required for interaction with GDF2,90.75,5.091526985168457,20.0,1.0,True,0.6054728336171452,True,agree: both flag,Cardiovascular phenotype,"('ENG', 'NM_001114753.3(ENG):c.745G>T (p.Ala249Ser)')",0.1354,LBen,False
MYBPC3,NM_000256.3(MYBPC3):c.1291G>A (p.Asp431Asn),431,Ig-like C2-type 2,90.25,5.026021480560303,17.0,1.0,True,0.6053707833340477,True,agree: both flag,Cardiomyopathy; Hypertrophic cardiomyopathy 4; Cardiovascular phenotype; Hypertrophic cardiomyopathy; not provided,"('MYBPC3', 'NM_000256.3(MYBPC3):c.1291G>A (p.Asp431Asn)')",0.3169,LBen,False
MYBPC3,NM_000256.3(MYBPC3):c.1293C>A (p.Asp431Glu),431,Ig-like C2-type 2,90.25,5.026021480560303,17.0,1.0,True,0.6053707833340477,True,agree: both flag,Hypertrophic cardiomyopathy,"('MYBPC3', 'NM_000256.3(MYBPC3):c.1293C>A (p.Asp431Glu)')",0.5421,Amb,False
MYBPC3,NM_000256.3(MYBPC3):c.1292_1293delinsCA (p.Asp431Ala),431,Ig-like C2-type 2,90.25,5.026021480560303,17.0,1.0,True,0.6053707833340477,True,agree: both flag,Hypertrophic cardiomyopathy,"('MYBPC3', 'NM_000256.3(MYBPC3):c.1292_1293delinsCA (p.Asp431Ala)')",0.4866,Amb,False
MYBPC3,NM_000256.3(MYBPC3):c.1291G>C (p.Asp431His),431,Ig-like C2-type 2,90.25,5.026021480560303,17.0,1.0,True,0.6053707833340477,True,agree: both flag,Hypertrophic cardiomyopathy,"('MYBPC3', 'NM_000256.3(MYBPC3):c.1291G>C (p.Asp431His)')",0.7792,LPath,True
MYO7A,NM_000260.4(MYO7A):c.1612T>C (p.Tyr538His),538,Myosin motor,91.69,4.931001663208008,13.0,1.0,True,0.605365373476532,True,agree: both flag,not provided; Inborn genetic diseases,"('MYO7A', 'NM_000260.4(MYO7A):c.1612T>C (p.Tyr538His)')",0.9862,LPath,True
MLH1,NM_000249.4(MLH1):c.431G>A (p.Gly144Asp),144,Unannotated / linker,89.56,5.076116561889648,19.0,1.0,True,0.6052503516911353,True,agree: both flag,Hereditary cancer-predisposing syndrome; Hereditary nonpolyposis colorectal neoplasms,"('MLH1', 'NM_000249.4(MLH1):c.431G>A (p.Gly144Asp)')",0.9952,LPath,True
MLH1,NM_000249.4(MLH1):c.431G>T (p.Gly144Val),144,Unannotated / linker,89.56,5.076116561889648,19.0,1.0,True,0.6052503516911353,True,agree: both flag,Hereditary nonpolyposis colorectal neoplasms; Hereditary cancer-predisposing syndrome,"('MLH1', 'NM_000249.4(MLH1):c.431G>T (p.Gly144Val)')",0.9393,LPath,True
MLH1,NM_000249.4(MLH1):c.430G>A (p.Gly144Ser),144,Unannotated / linker,89.56,5.076116561889648,19.0,1.0,True,0.6052503516911353,True,agree: both flag,Hereditary nonpolyposis colorectal neoplasms,"('MLH1', 'NM_000249.4(MLH1):c.430G>A (p.Gly144Ser)')",0.5062,Amb,False
MLH1,NM_000249.4(MLH1):c.430G>T (p.Gly144Cys),144,Unannotated / linker,89.56,5.076116561889648,19.0,1.0,True,0.6052503516911353,True,agree: both flag,Hereditary nonpolyposis colorectal neoplasms,"('MLH1', 'NM_000249.4(MLH1):c.430G>T (p.Gly144Cys)')",0.7932,LPath,True
ENG,NM_001114753.3(ENG):c.826G>A (p.Glu276Lys),276,Required for interaction with GDF2,93.31,4.941848278045654,13.0,1.0,True,0.6051652871174946,True,agree: both flag,Cardiovascular phenotype,"('ENG', 'NM_001114753.3(ENG):c.826G>A (p.Glu276Lys)')",0.1153,LBen,False
MSH2,NM_000251.3(MSH2):c.2221A>G (p.Lys741Glu),741,Unannotated / linker,95.75,5.384698867797852,33.0,1.0,True,0.6048884832391911,True,agree: both flag,Hereditary nonpolyposis colorectal neoplasms,"('MSH2', 'NM_000251.3(MSH2):c.2221A>G (p.Lys741Glu)')",0.0889,LBen,False
MLH1,NM_000249.4(MLH1):c.1823C>A (p.Ala608Asp),608,Interaction with EXO1,93.19,5.168379783630371,22.0,1.0,True,0.6047262762876335,True,agree: both flag,Lynch syndrome 1,"('MLH1', 'NM_000249.4(MLH1):c.1823C>A (p.Ala608Asp)')",0.9954,LPath,True
ENG,NM_001114753.3(ENG):c.374T>C (p.Val125Ala),125,Required for interaction with GDF2,93.06,5.129855632781982,20.0,1.0,True,0.604592019600731,True,agree: both flag,"not specified; not provided; Telangiectasia, hereditary hemorrhagic, type 1; Hereditary hemorrhagic telangiectasia","('ENG', 'NM_001114753.3(ENG):c.374T>C (p.Val125Ala)')",0.4541,Amb,False
ENG,NM_001114753.3(ENG):c.373G>C (p.Val125Leu),125,Required for interaction with GDF2,93.06,5.129855632781982,20.0,1.0,True,0.604592019600731,True,agree: both flag,Hereditary hemorrhagic telangiectasia,"('ENG', 'NM_001114753.3(ENG):c.373G>C (p.Val125Leu)')",0.3079,LBen,False
SCN2A,NM_001040142.2(SCN2A):c.5287T>A (p.Ser1763Thr),1763,IV,87.56,5.702942371368408,52.0,1.0,True,0.6044802039146207,True,agree: both flag,not provided,"('SCN2A', 'NM_001040142.2(SCN2A):c.5287T>A (p.Ser1763Thr)')",0.4693,Amb,False
PMS2,NM_000535.7(PMS2):c.482A>G (p.Gln161Arg),161,Unannotated / linker,92.0,5.574987888336182,43.0,1.0,True,0.604282634341522,True,agree: both flag,Hereditary cancer-predisposing syndrome,"('PMS2', 'NM_000535.7(PMS2):c.482A>G (p.Gln161Arg)')",0.0832,LBen,False
PMS2,NM_000535.7(PMS2):c.481C>G (p.Gln161Glu),161,Unannotated / linker,92.0,5.574987888336182,43.0,1.0,True,0.604282634341522,True,agree: both flag,Hereditary cancer-predisposing syndrome,"('PMS2', 'NM_000535.7(PMS2):c.481C>G (p.Gln161Glu)')",0.1003,LBen,False
PMS2,NM_000535.7(PMS2):c.482A>C (p.Gln161Pro),161,Unannotated / linker,92.0,5.574987888336182,43.0,1.0,True,0.604282634341522,True,agree: both flag,Hereditary nonpolyposis colorectal neoplasms; Hereditary cancer-predisposing syndrome,"('PMS2', 'NM_000535.7(PMS2):c.482A>C (p.Gln161Pro)')",0.5328,Amb,False
PMS2,NM_000535.7(PMS2):c.483G>C (p.Gln161His),161,Unannotated / linker,92.0,5.574987888336182,43.0,1.0,True,0.604282634341522,True,agree: both flag,Hereditary cancer-predisposing syndrome,"('PMS2', 'NM_000535.7(PMS2):c.483G>C (p.Gln161His)')",0.1317,LBen,False
RB1,NM_000321.3(RB1):c.1225G>A (p.Val409Met),409,Pocket; binds T and E1A,97.81,5.908054351806641,65.0,1.0,True,0.6041139707973631,True,agree: both flag,Hereditary cancer-predisposing syndrome; Retinoblastoma,"('RB1', 'NM_000321.3(RB1):c.1225G>A (p.Val409Met)')",0.1745,LBen,False
RB1,NM_000321.3(RB1):c.1226T>G (p.Val409Gly),409,Pocket; binds T and E1A,97.81,5.908054351806641,65.0,1.0,True,0.6041139707973631,True,agree: both flag,Retinoblastoma,"('RB1', 'NM_000321.3(RB1):c.1226T>G (p.Val409Gly)')",0.3354,LBen,False
RB1,NM_000321.3(RB1):c.1226T>C (p.Val409Ala),409,Pocket; binds T and E1A,97.81,5.908054351806641,65.0,1.0,True,0.6041139707973631,True,agree: both flag,Retinal dystrophy,"('RB1', 'NM_000321.3(RB1):c.1226T>C (p.Val409Ala)')",0.2521,LBen,False
RB1,NM_000321.3(RB1):c.1225G>T (p.Val409Leu),409,Pocket; binds T and E1A,97.81,5.908054351806641,65.0,1.0,True,0.6041139707973631,True,agree: both flag,Hereditary cancer-predisposing syndrome,"('RB1', 'NM_000321.3(RB1):c.1225G>T (p.Val409Leu)')",0.2658,LBen,False
RET,NM_020975.6(RET):c.1549C>G (p.Leu517Val),517,Unannotated / linker,93.62,5.067898750305176,16.0,1.0,True,0.6038919945450045,True,agree: both flag,"Hereditary cancer-predisposing syndrome; Multiple endocrine neoplasia, type 2; Multiple endocrine neoplasia type 2A","('RET', 'NM_020975.6(RET):c.1549C>G (p.Leu517Val)')",0.0893,LBen,False
RET,NM_020975.6(RET):c.1550T>G (p.Leu517Arg),517,Unannotated / linker,93.62,5.067898750305176,16.0,1.0,True,0.6038919945450045,True,agree: both flag,"Multiple endocrine neoplasia type 2B; Pheochromocytoma; Familial medullary thyroid carcinoma; Hirschsprung disease, susceptibility to, 1; Multiple endocrine neoplasia type 2A; Hereditary cancer-predisposing syndrome; Multiple endocrine neoplasia, type 2","('RET', 'NM_020975.6(RET):c.1550T>G (p.Leu517Arg)')",0.0745,LBen,False
RET,NM_020975.6(RET):c.1549C>A (p.Leu517Met),517,Unannotated / linker,93.62,5.067898750305176,16.0,1.0,True,0.6038919945450045,True,agree: both flag,"Hereditary cancer-predisposing syndrome; Multiple endocrine neoplasia, type 2","('RET', 'NM_020975.6(RET):c.1549C>A (p.Leu517Met)')",0.1382,LBen,False
RET,NM_020975.6(RET):c.1550T>C (p.Leu517Pro),517,Unannotated / linker,93.62,5.067898750305176,16.0,1.0,True,0.6038919945450045,True,agree: both flag,Hereditary cancer-predisposing syndrome,"('RET', 'NM_020975.6(RET):c.1550T>C (p.Leu517Pro)')",0.0902,LBen,False
MSH6,NM_000179.3(MSH6):c.1675T>A (p.Cys559Ser),559,Unannotated / linker,98.5,5.127588748931885,18.0,1.0,True,0.6037307337363049,True,agree: both flag,Hereditary nonpolyposis colorectal neoplasms; Hereditary cancer-predisposing syndrome,"('MSH6', 'NM_000179.3(MSH6):c.1675T>A (p.Cys559Ser)')",0.3268,LBen,False
MSH6,NM_000179.3(MSH6):c.1676G>C (p.Cys559Ser),559,Unannotated / linker,98.5,5.127588748931885,18.0,1.0,True,0.6037307337363049,True,agree: both flag,Hereditary cancer-predisposing syndrome,"('MSH6', 'NM_000179.3(MSH6):c.1676G>C (p.Cys559Ser)')",0.3268,LBen,False
MSH6,NM_000179.3(MSH6):c.1677C>G (p.Cys559Trp),559,Unannotated / linker,98.5,5.127588748931885,18.0,1.0,True,0.6037307337363049,True,agree: both flag,Hereditary nonpolyposis colorectal neoplasms; Hereditary cancer-predisposing syndrome; Endometrial carcinoma,"('MSH6', 'NM_000179.3(MSH6):c.1677C>G (p.Cys559Trp)')",0.9947,LPath,True
MSH6,NM_000179.3(MSH6):c.1675T>C (p.Cys559Arg),559,Unannotated / linker,98.5,5.127588748931885,18.0,1.0,True,0.6037307337363049,True,agree: both flag,Hereditary nonpolyposis colorectal neoplasms; Lynch syndrome; Hereditary cancer-predisposing syndrome,"('MSH6', 'NM_000179.3(MSH6):c.1675T>C (p.Cys559Arg)')",0.9946,LPath,True
MSH6,NM_000179.3(MSH6):c.1676G>A (p.Cys559Tyr),559,Unannotated / linker,98.5,5.127588748931885,18.0,1.0,True,0.6037307337363049,True,agree: both flag,not provided; Hereditary cancer-predisposing syndrome,"('MSH6', 'NM_000179.3(MSH6):c.1676G>A (p.Cys559Tyr)')",0.9825,LPath,True
BRCA1,NM_007294.4(BRCA1):c.5030C>T (p.Thr1677Ile),1677,BRCT domain 1,94.5,5.2546067237854,24.0,1.0,True,0.6036420097101833,True,agree: both flag,"Hereditary cancer-predisposing syndrome, Hereditary breast ovarian cancer syndrome","('BRCA1', 'NM_007294.4(BRCA1):c.5030C>T (p.Thr1677Ile)')",0.4277,Amb,False
BRCA1,NM_007294.4(BRCA1):c.5029A>G (p.Thr1677Ala),1677,BRCT domain 1,94.5,5.2546067237854,24.0,1.0,True,0.6036420097101833,True,agree: both flag,Hereditary breast ovarian cancer syndrome,"('BRCA1', 'NM_007294.4(BRCA1):c.5029A>G (p.Thr1677Ala)')",0.1014,LBen,False
RET,NM_020975.6(RET):c.2819T>C (p.Leu940Pro),940,Protein kinase,98.06,5.897866725921631,63.0,1.0,True,0.6036189158617945,True,agree: both flag,"Multiple endocrine neoplasia type 2B; Pheochromocytoma; Familial medullary thyroid carcinoma; Hirschsprung disease, susceptibility to, 1; Multiple endocrine neoplasia type 2A","('RET', 'NM_020975.6(RET):c.2819T>C (p.Leu940Pro)')",0.9964,LPath,True
TSC2,NM_000548.5(TSC2):c.974A>C (p.Gln325Pro),325,Required for interaction with TSC1,89.62,5.615432262420654,44.0,1.0,True,0.6034993364603111,True,agree: both flag,Tuberous sclerosis 2,"('TSC2', 'NM_000548.5(TSC2):c.974A>C (p.Gln325Pro)')",0.6417,LPath,True
TSC2,NM_000548.5(TSC2):c.975G>C (p.Gln325His),325,Required for interaction with TSC1,89.62,5.615432262420654,44.0,1.0,True,0.6034993364603111,True,agree: both flag,Tuberous sclerosis syndrome; Tuberous sclerosis 2; Hereditary cancer-predisposing syndrome,"('TSC2', 'NM_000548.5(TSC2):c.975G>C (p.Gln325His)')",0.2068,LBen,False
MSH2,NM_000251.3(MSH2):c.1961A>G (p.Asp654Gly),654,Interaction with EXO1,98.06,5.139270305633545,18.0,1.0,True,0.6034261985777924,True,agree: both flag,Hereditary cancer-predisposing syndrome,"('MSH2', 'NM_000251.3(MSH2):c.1961A>G (p.Asp654Gly)')",0.5871,LPath,True
MSH2,NM_000251.3(MSH2):c.1961A>T (p.Asp654Val),654,Interaction with EXO1,98.06,5.139270305633545,18.0,1.0,True,0.6034261985777924,True,agree: both flag,Hereditary nonpolyposis colorectal neoplasms; Lynch syndrome 1; Muir-Torré syndrome; Mismatch repair cancer syndrome 2; Hereditary cancer-predisposing syndrome,"('MSH2', 'NM_000251.3(MSH2):c.1961A>T (p.Asp654Val)')",0.8858,LPath,True
MSH2,NM_000251.3(MSH2):c.1962C>G (p.Asp654Glu),654,Interaction with EXO1,98.06,5.139270305633545,18.0,1.0,True,0.6034261985777924,True,agree: both flag,not provided; Hereditary nonpolyposis colorectal neoplasms; Hereditary cancer-predisposing syndrome,"('MSH2', 'NM_000251.3(MSH2):c.1962C>G (p.Asp654Glu)')",0.7076,LPath,True
RET,NM_020975.6(RET):c.362T>A (p.Val121Asp),121,Cadherin-like region 1 (CLD1),91.69,5.305057525634766,26.0,1.0,True,0.6032833152581939,True,agree: both flag,"Multiple endocrine neoplasia, type 2","('RET', 'NM_020975.6(RET):c.362T>A (p.Val121Asp)')",0.5493,Amb,False
SCN8A,NM_001330260.2(SCN8A):c.1142G>A (p.Arg381Gln),381,I,93.62,5.822604656219482,57.0,1.0,True,0.6032637992554141,True,agree: both flag,not provided,"('SCN8A', 'NM_001330260.2(SCN8A):c.1142G>A (p.Arg381Gln)')",0.9573,LPath,True
TSC2,NM_000548.5(TSC2):c.1688C>T (p.Ala563Val),563,Unannotated / linker,92.12,5.783008098602295,54.0,1.0,True,0.6031215540703463,True,agree: both flag,Hereditary cancer-predisposing syndrome; Tuberous sclerosis 2,"('TSC2', 'NM_000548.5(TSC2):c.1688C>T (p.Ala563Val)')",0.675,LPath,True
TSC2,NM_000548.5(TSC2):c.1688C>A (p.Ala563Asp),563,Unannotated / linker,92.12,5.783008098602295,54.0,1.0,True,0.6031215540703463,True,agree: both flag,Hereditary cancer-predisposing syndrome,"('TSC2', 'NM_000548.5(TSC2):c.1688C>A (p.Ala563Asp)')",0.996,LPath,True
MYBPC3,NM_000256.3(MYBPC3):c.532G>A (p.Val178Met),178,Ig-like C2-type 1,87.0,5.578375339508057,41.0,1.0,True,0.6030699779848856,True,agree: both flag,Cardiovascular phenotype; not specified; Cardiomyopathy; Hypertrophic cardiomyopathy,"('MYBPC3', 'NM_000256.3(MYBPC3):c.532G>A (p.Val178Met)')",0.5276,Amb,False
MYBPC3,NM_000256.3(MYBPC3):c.533T>A (p.Val178Glu),178,Ig-like C2-type 1,87.0,5.578375339508057,41.0,1.0,True,0.6030699779848856,True,agree: both flag,Cardiovascular phenotype,"('MYBPC3', 'NM_000256.3(MYBPC3):c.533T>A (p.Val178Glu)')",0.8634,LPath,True
MSH6,NM_000179.3(MSH6):c.1387G>A (p.Glu463Lys),463,Unannotated / linker,95.38,5.416468143463135,31.0,1.0,True,0.6030131644410494,True,agree: both flag,Hereditary nonpolyposis colorectal neoplasms,"('MSH6', 'NM_000179.3(MSH6):c.1387G>A (p.Glu463Lys)')",0.9915,LPath,True
MSH6,NM_000179.3(MSH6):c.1387G>C (p.Glu463Gln),463,Unannotated / linker,95.38,5.416468143463135,31.0,1.0,True,0.6030131644410494,True,agree: both flag,Hereditary cancer-predisposing syndrome,"('MSH6', 'NM_000179.3(MSH6):c.1387G>C (p.Glu463Gln)')",0.9716,LPath,True
MSH6,NM_000179.3(MSH6):c.1389A>T (p.Glu463Asp),463,Unannotated / linker,95.38,5.416468143463135,31.0,1.0,True,0.6030131644410494,True,agree: both flag,Hereditary nonpolyposis colorectal neoplasms,"('MSH6', 'NM_000179.3(MSH6):c.1389A>T (p.Glu463Asp)')",0.9965,LPath,True
ENG,NM_001114753.3(ENG):c.824G>A (p.Gly275Glu),275,Required for interaction with GDF2,90.38,5.061717510223389,14.0,1.0,True,0.6027817905157101,True,agree: both flag,Cardiovascular phenotype; Hereditary hemorrhagic telangiectasia,"('ENG', 'NM_001114753.3(ENG):c.824G>A (p.Gly275Glu)')",0.7211,LPath,True
MSH2,NM_000251.3(MSH2):c.665T>C (p.Ile222Thr),222,Unannotated / linker,87.88,5.279319763183594,24.0,1.0,True,0.6027666915944756,True,agree: both flag,not provided,"('MSH2', 'NM_000251.3(MSH2):c.665T>C (p.Ile222Thr)')",0.6431,LPath,True
MSH2,NM_000251.3(MSH2):c.664A>G (p.Ile222Val),222,Unannotated / linker,87.88,5.279319763183594,24.0,1.0,True,0.6027666915944756,True,agree: both flag,Hereditary cancer-predisposing syndrome,"('MSH2', 'NM_000251.3(MSH2):c.664A>G (p.Ile222Val)')",0.099,LBen,False
ENG,NM_001114753.3(ENG):c.595C>G (p.Arg199Gly),199,Required for interaction with GDF2,92.69,5.477550506591797,34.0,1.0,True,0.6027399321925461,True,agree: both flag,Cardiovascular phenotype,"('ENG', 'NM_001114753.3(ENG):c.595C>G (p.Arg199Gly)')",0.1206,LBen,False
ENG,NM_001114753.3(ENG):c.596G>T (p.Arg199Leu),199,Required for interaction with GDF2,92.69,5.477550506591797,34.0,1.0,True,0.6027399321925461,True,agree: both flag,Cardiovascular phenotype,"('ENG', 'NM_001114753.3(ENG):c.596G>T (p.Arg199Leu)')",0.1311,LBen,False
ATP7A,NM_000052.7(ATP7A):c.2695T>A (p.Ser899Thr),899,Unannotated / linker,82.69,5.680556774139404,47.0,1.0,True,0.6027291821597053,True,agree: both flag,"Menkes kinky-hair syndrome; Cutis laxa, X-linked; X-linked distal spinal muscular atrophy type 3","('ATP7A', 'NM_000052.7(ATP7A):c.2695T>A (p.Ser899Thr)')",0.1343,LBen,False
SCN8A,NM_001330260.2(SCN8A):c.274A>C (p.Lys92Gln),92,Unannotated / linker,83.88,5.109174728393555,16.0,1.0,True,0.6025357037338313,True,agree: both flag,Early-infantile DEE,"('SCN8A', 'NM_001330260.2(SCN8A):c.274A>C (p.Lys92Gln)')",0.3671,Amb,False
COL2A1,NM_001844.5(COL2A1):c.4192G>A (p.Ala1398Thr),1398,Fibrillar collagen NC1,95.38,5.037914276123047,12.0,1.0,True,0.6023773081704017,True,agree: both flag,Spondyloepiphyseal dysplasia congenita,"('COL2A1', 'NM_001844.5(COL2A1):c.4192G>A (p.Ala1398Thr)')",0.8444,LPath,True
MYO7A,NM_000260.4(MYO7A):c.82G>A (p.Val28Met),28,Unannotated / linker,82.69,5.229635238647461,21.0,1.0,True,0.6022523341502869,True,agree: both flag,not provided,"('MYO7A', 'NM_000260.4(MYO7A):c.82G>A (p.Val28Met)')",0.8919,LPath,True
MYBPC3,NM_000256.3(MYBPC3):c.2486T>C (p.Leu829Pro),829,Fibronectin type-III 1,96.44,5.556306838989258,37.0,1.0,True,0.6021486202990325,True,agree: both flag,Hypertrophic cardiomyopathy,"('MYBPC3', 'NM_000256.3(MYBPC3):c.2486T>C (p.Leu829Pro)')",0.4421,Amb,False
SCN1A,NM_001165963.4(SCN1A):c.4226A>G (p.Lys1409Arg),1409,III,89.38,5.502818584442139,34.0,1.0,True,0.6019312388139376,True,agree: both flag,not provided,"('SCN1A', 'NM_001165963.4(SCN1A):c.4226A>G (p.Lys1409Arg)')",0.1331,LBen,False
PTEN,NM_000314.8(PTEN):c.575C>G (p.Ala192Gly),192,C2 (tensin-type) domain,96.88,5.87223482131958,57.0,1.0,True,0.6018753908118932,True,agree: both flag,PTEN hamartoma tumor syndrome,"('PTEN', 'NM_000314.8(PTEN):c.575C>G (p.Ala192Gly)')",0.7526,LPath,True
PTEN,NM_000314.8(PTEN):c.574G>T (p.Ala192Ser),192,C2 (tensin-type) domain,96.88,5.87223482131958,57.0,1.0,True,0.6018753908118932,True,agree: both flag,PTEN hamartoma tumor syndrome,"('PTEN', 'NM_000314.8(PTEN):c.574G>T (p.Ala192Ser)')",0.3888,Amb,False
MLH1,NM_000249.4(MLH1):c.1879T>G (p.Ser627Ala),627,Interaction with EXO1,92.88,5.084880828857422,13.0,1.0,True,0.6017499509107754,True,agree: both flag,Hereditary nonpolyposis colorectal neoplasms,"('MLH1', 'NM_000249.4(MLH1):c.1879T>G (p.Ser627Ala)')",0.1727,LBen,False
MLH1,NM_000249.4(MLH1):c.1879T>A (p.Ser627Thr),627,Interaction with EXO1,92.88,5.084880828857422,13.0,1.0,True,0.6017499509107754,True,agree: both flag,Hereditary cancer-predisposing syndrome,"('MLH1', 'NM_000249.4(MLH1):c.1879T>A (p.Ser627Thr)')",0.4257,Amb,False
MLH1,NM_000249.4(MLH1):c.1879T>C (p.Ser627Pro),627,Interaction with EXO1,92.88,5.084880828857422,13.0,1.0,True,0.6017499509107754,True,agree: both flag,Hereditary cancer-predisposing syndrome,"('MLH1', 'NM_000249.4(MLH1):c.1879T>C (p.Ser627Pro)')",0.9511,LPath,True
MLH1,NM_000249.4(MLH1):c.1880C>T (p.Ser627Phe),627,Interaction with EXO1,92.88,5.084880828857422,13.0,1.0,True,0.6017499509107754,True,agree: both flag,Hereditary cancer-predisposing syndrome; not provided,"('MLH1', 'NM_000249.4(MLH1):c.1880C>T (p.Ser627Phe)')",0.7634,LPath,True
MLH1,NM_000249.4(MLH1):c.1880C>G (p.Ser627Cys),627,Interaction with EXO1,92.88,5.084880828857422,13.0,1.0,True,0.6017499509107754,True,agree: both flag,Hereditary nonpolyposis colorectal neoplasms; Hereditary cancer-predisposing syndrome,"('MLH1', 'NM_000249.4(MLH1):c.1880C>G (p.Ser627Cys)')",0.1489,LBen,False
RET,NM_020975.6(RET):c.1801G>A (p.Gly601Arg),601,Unannotated / linker,91.19,5.165788650512695,16.0,1.0,True,0.6014235138298485,True,agree: both flag,Hereditary cancer-predisposing syndrome,"('RET', 'NM_020975.6(RET):c.1801G>A (p.Gly601Arg)')",0.9095,LPath,True
MSH6,NM_000179.3(MSH6):c.1780G>A (p.Val594Ile),594,Unannotated / linker,98.06,5.834895610809326,53.0,1.0,True,0.6013575284501134,True,agree: both flag,Hereditary nonpolyposis colorectal neoplasms,"('MSH6', 'NM_000179.3(MSH6):c.1780G>A (p.Val594Ile)')",0.066,LBen,False
MSH6,NM_000179.3(MSH6):c.1780G>T (p.Val594Phe),594,Unannotated / linker,98.06,5.834895610809326,53.0,1.0,True,0.6013575284501134,True,agree: both flag,Hereditary cancer-predisposing syndrome,"('MSH6', 'NM_000179.3(MSH6):c.1780G>T (p.Val594Phe)')",0.3499,Amb,False
MSH6,NM_000179.3(MSH6):c.1781T>G (p.Val594Gly),594,Unannotated / linker,98.06,5.834895610809326,53.0,1.0,True,0.6013575284501134,True,agree: both flag,Hereditary nonpolyposis colorectal neoplasms; Hereditary cancer-predisposing syndrome,"('MSH6', 'NM_000179.3(MSH6):c.1781T>G (p.Val594Gly)')",0.6698,LPath,True
MSH6,NM_000179.3(MSH6):c.1780G>C (p.Val594Leu),594,Unannotated / linker,98.06,5.834895610809326,53.0,1.0,True,0.6013575284501134,True,agree: both flag,Hereditary nonpolyposis colorectal neoplasms; Hereditary cancer-predisposing syndrome,"('MSH6', 'NM_000179.3(MSH6):c.1780G>C (p.Val594Leu)')",0.1585,LBen,False
MSH6,NM_000179.3(MSH6):c.1382T>A (p.Phe461Tyr),461,Unannotated / linker,97.38,5.446271896362305,29.0,1.0,True,0.6012993947108001,True,agree: both flag,Hereditary nonpolyposis colorectal neoplasms,"('MSH6', 'NM_000179.3(MSH6):c.1382T>A (p.Phe461Tyr)')",0.8032,LPath,True
MSH6,NM_000179.3(MSH6):c.1382T>G (p.Phe461Cys),461,Unannotated / linker,97.38,5.446271896362305,29.0,1.0,True,0.6012993947108001,True,agree: both flag,Hereditary nonpolyposis colorectal neoplasms; not provided; Hereditary cancer-predisposing syndrome; Endometrial carcinoma,"('MSH6', 'NM_000179.3(MSH6):c.1382T>G (p.Phe461Cys)')",0.989,LPath,True
MSH6,NM_000179.3(MSH6):c.1382T>C (p.Phe461Ser),461,Unannotated / linker,97.38,5.446271896362305,29.0,1.0,True,0.6012993947108001,True,agree: both flag,Hereditary cancer-predisposing syndrome; Hereditary nonpolyposis colorectal neoplasms; not provided,"('MSH6', 'NM_000179.3(MSH6):c.1382T>C (p.Phe461Ser)')",0.9982,LPath,True
MYO7A,NM_000260.4(MYO7A):c.202G>A (p.Glu68Lys),68,Myosin motor,86.88,5.41444206237793,28.0,1.0,True,0.6012632247366686,True,agree: both flag,not provided,"('MYO7A', 'NM_000260.4(MYO7A):c.202G>A (p.Glu68Lys)')",0.4421,Amb,False
MLH1,NM_000249.4(MLH1):c.1610A>T (p.Gln537Leu),537,Interaction with EXO1,91.75,5.151501178741455,15.0,1.0,True,0.6012374701309617,True,agree: both flag,Hereditary cancer-predisposing syndrome,"('MLH1', 'NM_000249.4(MLH1):c.1610A>T (p.Gln537Leu)')",0.1599,LBen,False
MLH1,NM_000249.4(MLH1):c.1611G>T (p.Gln537His),537,Interaction with EXO1,91.75,5.151501178741455,15.0,1.0,True,0.6012374701309617,True,agree: both flag,Hereditary cancer-predisposing syndrome,"('MLH1', 'NM_000249.4(MLH1):c.1611G>T (p.Gln537His)')",0.2708,LBen,False
MLH1,NM_000249.4(MLH1):c.1586C>G (p.Ser529Cys),529,Interaction with EXO1,93.38,5.112128734588623,13.0,1.0,True,0.6011218959154006,True,agree: both flag,Hereditary nonpolyposis colorectal neoplasms; Hereditary cancer-predisposing syndrome,"('MLH1', 'NM_000249.4(MLH1):c.1586C>G (p.Ser529Cys)')",0.1002,LBen,False
MLH1,NM_000249.4(MLH1):c.1586C>T (p.Ser529Phe),529,Interaction with EXO1,93.38,5.112128734588623,13.0,1.0,True,0.6011218959154006,True,agree: both flag,Hereditary nonpolyposis colorectal neoplasms,"('MLH1', 'NM_000249.4(MLH1):c.1586C>T (p.Ser529Phe)')",0.4986,Amb,False
RET,NM_020975.6(RET):c.731C>A (p.Thr244Asn),244,Cadherin,92.12,5.672701358795166,42.0,1.0,True,0.6010423491342266,True,agree: both flag,"Multiple endocrine neoplasia, type 2","('RET', 'NM_020975.6(RET):c.731C>A (p.Thr244Asn)')",0.1451,LBen,False
MYBPC3,NM_000256.3(MYBPC3):c.1456T>C (p.Trp486Arg),486,Ig-like C2-type 3,92.5,5.643965721130371,40.0,1.0,True,0.6009574100462104,True,agree: both flag,not provided; Hypertrophic cardiomyopathy,"('MYBPC3', 'NM_000256.3(MYBPC3):c.1456T>C (p.Trp486Arg)')",0.9991,LPath,True
MYBPC3,NM_000256.3(MYBPC3):c.1456T>G (p.Trp486Gly),486,Ig-like C2-type 3,92.5,5.643965721130371,40.0,1.0,True,0.6009574100462104,True,agree: both flag,Cardiovascular phenotype; not provided; not specified; Cardiomyopathy; Hypertrophic cardiomyopathy,"('MYBPC3', 'NM_000256.3(MYBPC3):c.1456T>G (p.Trp486Gly)')",0.985,LPath,True
MYBPC3,NM_000256.3(MYBPC3):c.1458G>T (p.Trp486Cys),486,Ig-like C2-type 3,92.5,5.643965721130371,40.0,1.0,True,0.6009574100462104,True,agree: both flag,Hypertrophic cardiomyopathy,"('MYBPC3', 'NM_000256.3(MYBPC3):c.1458G>T (p.Trp486Cys)')",0.9979,LPath,True
TSC2,NM_000548.5(TSC2):c.4796T>C (p.Val1599Ala),1599,Rap-GAP,75.81,5.142720699310303,15.0,1.0,True,0.6008730848314205,True,agree: both flag,Tuberous sclerosis 2; Hereditary cancer-predisposing syndrome,"('TSC2', 'NM_000548.5(TSC2):c.4796T>C (p.Val1599Ala)')",0.1639,LBen,False
TSC2,NM_000548.5(TSC2):c.4795G>T (p.Val1599Leu),1599,Rap-GAP,75.81,5.142720699310303,15.0,1.0,True,0.6008730848314205,True,agree: both flag,Tuberous sclerosis 2; Hereditary cancer-predisposing syndrome,"('TSC2', 'NM_000548.5(TSC2):c.4795G>T (p.Val1599Leu)')",0.1859,LBen,False
MSH6,NM_000179.3(MSH6):c.1184C>A (p.Thr395Lys),395,Unannotated / linker,95.81,5.346423149108887,23.0,1.0,True,0.6008154911980185,True,agree: both flag,Hereditary cancer-predisposing syndrome,"('MSH6', 'NM_000179.3(MSH6):c.1184C>A (p.Thr395Lys)')",0.4046,Amb,False
MSH6,NM_000179.3(MSH6):c.1184C>T (p.Thr395Ile),395,Unannotated / linker,95.81,5.346423149108887,23.0,1.0,True,0.6008154911980185,True,agree: both flag,Lynch syndrome; Hereditary nonpolyposis colorectal neoplasms; not provided; Hereditary cancer-predisposing syndrome,"('MSH6', 'NM_000179.3(MSH6):c.1184C>T (p.Thr395Ile)')",0.8175,LPath,True
MSH6,NM_000179.3(MSH6):c.1183A>G (p.Thr395Ala),395,Unannotated / linker,95.81,5.346423149108887,23.0,1.0,True,0.6008154911980185,True,agree: both flag,Hereditary cancer-predisposing syndrome; Hereditary nonpolyposis colorectal neoplasms,"('MSH6', 'NM_000179.3(MSH6):c.1183A>G (p.Thr395Ala)')",0.2716,LBen,False
MYBPC3,NM_000256.3(MYBPC3):c.524C>T (p.Ser175Leu),175,Ig-like C2-type 1,91.69,5.1474151611328125,14.0,1.0,True,0.6007793801044048,True,agree: both flag,Cardiomyopathy,"('MYBPC3', 'NM_000256.3(MYBPC3):c.524C>T (p.Ser175Leu)')",0.2603,LBen,False
ENG,NM_001114753.3(ENG):c.223C>T (p.Pro75Ser),75,Required for interaction with GDF2,89.19,5.479639530181885,30.0,1.0,True,0.6006091299596718,True,agree: both flag,Hereditary hemorrhagic telangiectasia,"('ENG', 'NM_001114753.3(ENG):c.223C>T (p.Pro75Ser)')",0.1033,LBen,False
ENG,NM_001114753.3(ENG):c.223C>A (p.Pro75Thr),75,Required for interaction with GDF2,89.19,5.479639530181885,30.0,1.0,True,0.6006091299596718,True,agree: both flag,Cardiovascular phenotype; Hereditary hemorrhagic telangiectasia,"('ENG', 'NM_001114753.3(ENG):c.223C>A (p.Pro75Thr)')",0.0878,LBen,False
MSH6,NM_000179.3(MSH6):c.1786T>C (p.Phe596Leu),596,Unannotated / linker,97.56,5.897608280181885,55.0,1.0,True,0.600305667329343,True,agree: both flag,Hereditary nonpolyposis colorectal neoplasms; Hereditary cancer-predisposing syndrome; not specified,"('MSH6', 'NM_000179.3(MSH6):c.1786T>C (p.Phe596Leu)')",0.8253,LPath,True
MSH6,NM_000179.3(MSH6):c.1787T>A (p.Phe596Tyr),596,Unannotated / linker,97.56,5.897608280181885,55.0,1.0,True,0.600305667329343,True,agree: both flag,Hereditary nonpolyposis colorectal neoplasms; Hereditary cancer-predisposing syndrome; not specified; Endometrial carcinoma,"('MSH6', 'NM_000179.3(MSH6):c.1787T>A (p.Phe596Tyr)')",0.1444,LBen,False
MSH6,NM_000179.3(MSH6):c.1787T>C (p.Phe596Ser),596,Unannotated / linker,97.56,5.897608280181885,55.0,1.0,True,0.600305667329343,True,agree: both flag,Hereditary cancer-predisposing syndrome; Hereditary nonpolyposis colorectal neoplasms; not provided,"('MSH6', 'NM_000179.3(MSH6):c.1787T>C (p.Phe596Ser)')",0.4329,Amb,False
MSH6,NM_000179.3(MSH6):c.1788T>A (p.Phe596Leu),596,Unannotated / linker,97.56,5.897608280181885,55.0,1.0,True,0.600305667329343,True,agree: both flag,Hereditary cancer-predisposing syndrome,"('MSH6', 'NM_000179.3(MSH6):c.1788T>A (p.Phe596Leu)')",0.8253,LPath,True
MSH6,NM_000179.3(MSH6):c.1787T>G (p.Phe596Cys),596,Unannotated / linker,97.56,5.897608280181885,55.0,1.0,True,0.600305667329343,True,agree: both flag,Hereditary nonpolyposis colorectal neoplasms; Hereditary cancer-predisposing syndrome,"('MSH6', 'NM_000179.3(MSH6):c.1787T>G (p.Phe596Cys)')",0.2846,LBen,False
MLH1,NM_000249.4(MLH1):c.418A>G (p.Lys140Glu),140,Unannotated / linker,95.0,5.150946617126465,13.0,1.0,True,0.6002608260451772,True,agree: both flag,Lynch syndrome,"('MLH1', 'NM_000249.4(MLH1):c.418A>G (p.Lys140Glu)')",0.4203,Amb,False
PMS2,NM_000535.7(PMS2):c.487T>C (p.Phe163Leu),163,Unannotated / linker,91.75,5.749846458435059,45.0,1.0,True,0.6001661117354887,True,agree: both flag,Mismatch repair cancer syndrome 4; Lynch syndrome 4; Hereditary nonpolyposis colorectal neoplasms; Hereditary cancer-predisposing syndrome; not specified; not provided; Lynch syndrome; Lynch syndrome 4; Mismatch repair cancer syndrome 1; Lynch syndrome 4,"('PMS2', 'NM_000535.7(PMS2):c.487T>C (p.Phe163Leu)')",0.9959,LPath,True
PMS2,NM_000535.7(PMS2):c.487T>A (p.Phe163Ile),163,Unannotated / linker,91.75,5.749846458435059,45.0,1.0,True,0.6001661117354887,True,agree: both flag,Hereditary cancer-predisposing syndrome,"('PMS2', 'NM_000535.7(PMS2):c.487T>A (p.Phe163Ile)')",0.9926,LPath,True
PMS2,NM_000535.7(PMS2):c.487T>G (p.Phe163Val),163,Unannotated / linker,91.75,5.749846458435059,45.0,1.0,True,0.6001661117354887,True,agree: both flag,Hereditary nonpolyposis colorectal neoplasms,"('PMS2', 'NM_000535.7(PMS2):c.487T>G (p.Phe163Val)')",0.99,LPath,True
TSC2,NM_000548.5(TSC2):c.3163G>T (p.Gly1055Cys),1055,Unannotated / linker,80.44,5.201613426208496,16.0,1.0,True,0.6001655242414987,True,agree: both flag,Tuberous sclerosis 2,"('TSC2', 'NM_000548.5(TSC2):c.3163G>T (p.Gly1055Cys)')",0.9824,LPath,True
TSC2,NM_000548.5(TSC2):c.3163G>A (p.Gly1055Ser),1055,Unannotated / linker,80.44,5.201613426208496,16.0,1.0,True,0.6001655242414987,True,agree: both flag,Tuberous sclerosis 2,"('TSC2', 'NM_000548.5(TSC2):c.3163G>A (p.Gly1055Ser)')",0.8977,LPath,True
RET,NM_020975.6(RET):c.2264T>C (p.Val755Ala),755,Protein kinase,95.5,5.8204121589660645,49.0,1.0,True,0.5999915791601123,True,agree: both flag,"Multiple endocrine neoplasia, type 2","('RET', 'NM_020975.6(RET):c.2264T>C (p.Val755Ala)')",0.8357,LPath,True
RET,NM_020975.6(RET):c.2263G>T (p.Val755Leu),755,Protein kinase,95.5,5.8204121589660645,49.0,1.0,True,0.5999915791601123,True,agree: both flag,Hereditary cancer-predisposing syndrome,"('RET', 'NM_020975.6(RET):c.2263G>T (p.Val755Leu)')",0.9124,LPath,True
RET,NM_020975.6(RET):c.2263G>A (p.Val755Met),755,Protein kinase,95.5,5.8204121589660645,49.0,1.0,True,0.5999915791601123,True,agree: both flag,"not provided; Hereditary cancer-predisposing syndrome; Multiple endocrine neoplasia, type 2","('RET', 'NM_020975.6(RET):c.2263G>A (p.Val755Met)')",0.8495,LPath,True
MLH1,NM_000249.4(MLH1):c.635C>T (p.Thr212Ile),212,Unannotated / linker,94.62,5.46068811416626,27.0,1.0,True,0.599836594873221,True,agree: both flag,Hereditary nonpolyposis colorectal neoplasms; Hereditary cancer-predisposing syndrome,"('MLH1', 'NM_000249.4(MLH1):c.635C>T (p.Thr212Ile)')",0.0737,LBen,False
MLH1,NM_000249.4(MLH1):c.635C>A (p.Thr212Asn),212,Unannotated / linker,94.62,5.46068811416626,27.0,1.0,True,0.599836594873221,True,agree: both flag,Hereditary nonpolyposis colorectal neoplasms; not provided,"('MLH1', 'NM_000249.4(MLH1):c.635C>A (p.Thr212Asn)')",0.1227,LBen,False
MLH1,NM_000249.4(MLH1):c.338T>C (p.Val113Ala),113,Unannotated / linker,97.0,5.26903772354126,17.0,1.0,True,0.5996606294471201,True,agree: both flag,Hereditary cancer-predisposing syndrome,"('MLH1', 'NM_000249.4(MLH1):c.338T>C (p.Val113Ala)')",0.8419,LPath,True
MYO7A,NM_000260.4(MYO7A):c.4474G>A (p.Ala1492Thr),1492,FERM 1,88.06,5.346245288848877,21.0,1.0,True,0.5995128240864073,True,agree: both flag,Inborn genetic diseases,"('MYO7A', 'NM_000260.4(MYO7A):c.4474G>A (p.Ala1492Thr)')",0.985,LPath,True
TSC2,NM_000548.5(TSC2):c.3166A>G (p.Arg1056Gly),1056,Unannotated / linker,85.88,5.214956283569336,15.0,1.0,True,0.5994980915043434,True,agree: both flag,Tuberous sclerosis syndrome; Hereditary cancer-predisposing syndrome; Tuberous sclerosis 2,"('TSC2', 'NM_000548.5(TSC2):c.3166A>G (p.Arg1056Gly)')",0.6025,LPath,True
TSC2,NM_000548.5(TSC2):c.3167G>A (p.Arg1056Lys),1056,Unannotated / linker,85.88,5.214956283569336,15.0,1.0,True,0.5994980915043434,True,agree: both flag,Isolated focal cortical dysplasia type II,"('TSC2', 'NM_000548.5(TSC2):c.3167G>A (p.Arg1056Lys)')",0.1907,LBen,False
MSH2,NM_000251.3(MSH2):c.694T>C (p.Phe232Leu),232,Unannotated / linker,92.62,5.655238628387451,37.0,1.0,True,0.5992803710341758,True,agree: both flag,Hereditary cancer-predisposing syndrome,"('MSH2', 'NM_000251.3(MSH2):c.694T>C (p.Phe232Leu)')",0.994,LPath,True
PMS2,NM_000535.7(PMS2):c.479A>G (p.Gln160Arg),160,Unannotated / linker,95.75,5.741531848907471,42.0,1.0,True,0.5992291378812554,True,agree: both flag,Hereditary nonpolyposis colorectal neoplasms; Hereditary cancer-predisposing syndrome; Lynch syndrome; Lynch syndrome 4,"('PMS2', 'NM_000535.7(PMS2):c.479A>G (p.Gln160Arg)')",0.0916,LBen,False
PMS2,NM_000535.7(PMS2):c.479A>C (p.Gln160Pro),160,Unannotated / linker,95.75,5.741531848907471,42.0,1.0,True,0.5992291378812554,True,agree: both flag,Hereditary cancer-predisposing syndrome; not specified,"('PMS2', 'NM_000535.7(PMS2):c.479A>C (p.Gln160Pro)')",0.5963,LPath,True
PMS2,NM_000535.7(PMS2):c.478C>A (p.Gln160Lys),160,Unannotated / linker,95.75,5.741531848907471,42.0,1.0,True,0.5992291378812554,True,agree: both flag,Hereditary nonpolyposis colorectal neoplasms,"('PMS2', 'NM_000535.7(PMS2):c.478C>A (p.Gln160Lys)')",0.1062,LBen,False
PMS2,NM_000535.7(PMS2):c.480G>T (p.Gln160His),160,Unannotated / linker,95.75,5.741531848907471,42.0,1.0,True,0.5992291378812554,True,agree: both flag,Hereditary nonpolyposis colorectal neoplasms; Hereditary cancer-predisposing syndrome,"('PMS2', 'NM_000535.7(PMS2):c.480G>T (p.Gln160His)')",0.1966,LBen,False
PMS2,NM_000535.7(PMS2):c.480G>C (p.Gln160His),160,Unannotated / linker,95.75,5.741531848907471,42.0,1.0,True,0.5992291378812554,True,agree: both flag,Hereditary nonpolyposis colorectal neoplasms,"('PMS2', 'NM_000535.7(PMS2):c.480G>C (p.Gln160His)')",0.1966,LBen,False
PMS2,NM_000535.7(PMS2):c.479_480delinsCC (p.Gln160Pro),160,Unannotated / linker,95.75,5.741531848907471,42.0,1.0,True,0.5992291378812554,True,agree: both flag,Hereditary nonpolyposis colorectal neoplasms,"('PMS2', 'NM_000535.7(PMS2):c.479_480delinsCC (p.Gln160Pro)')",0.5963,LPath,True
PMS2,NM_000535.7(PMS2):c.972C>G (p.Asn324Lys),324,Unannotated / linker,95.81,5.906857967376709,53.0,1.0,True,0.5991413315337408,True,agree: both flag,Hereditary nonpolyposis colorectal neoplasms; Hereditary cancer-predisposing syndrome,"('PMS2', 'NM_000535.7(PMS2):c.972C>G (p.Asn324Lys)')",0.8512,LPath,True
PMS2,NM_000535.7(PMS2):c.970A>T (p.Asn324Tyr),324,Unannotated / linker,95.81,5.906857967376709,53.0,1.0,True,0.5991413315337408,True,agree: both flag,Hereditary nonpolyposis colorectal neoplasms; Hereditary cancer-predisposing syndrome; Lynch syndrome,"('PMS2', 'NM_000535.7(PMS2):c.970A>T (p.Asn324Tyr)')",0.3862,Amb,False
PMS2,NM_000535.7(PMS2):c.971A>G (p.Asn324Ser),324,Unannotated / linker,95.81,5.906857967376709,53.0,1.0,True,0.5991413315337408,True,agree: both flag,Hereditary cancer-predisposing syndrome; Hereditary nonpolyposis colorectal neoplasms; Lynch syndrome,"('PMS2', 'NM_000535.7(PMS2):c.971A>G (p.Asn324Ser)')",0.1197,LBen,False
PMS2,NM_000535.7(PMS2):c.971A>C (p.Asn324Thr),324,Unannotated / linker,95.81,5.906857967376709,53.0,1.0,True,0.5991413315337408,True,agree: both flag,Hereditary nonpolyposis colorectal neoplasms; Hereditary cancer-predisposing syndrome,"('PMS2', 'NM_000535.7(PMS2):c.971A>C (p.Asn324Thr)')",0.3766,Amb,False
PMS2,NM_000535.7(PMS2):c.972C>A (p.Asn324Lys),324,Unannotated / linker,95.81,5.906857967376709,53.0,1.0,True,0.5991413315337408,True,agree: both flag,PMS2-related disorder; Hereditary nonpolyposis colorectal neoplasms; not specified; Hereditary cancer-predisposing syndrome; not provided; Lynch syndrome 4,"('PMS2', 'NM_000535.7(PMS2):c.972C>A (p.Asn324Lys)')",0.8512,LPath,True
PMS2,NM_000535.7(PMS2):c.970A>C (p.Asn324His),324,Unannotated / linker,95.81,5.906857967376709,53.0,1.0,True,0.5991413315337408,True,agree: both flag,Hereditary nonpolyposis colorectal neoplasms,"('PMS2', 'NM_000535.7(PMS2):c.970A>C (p.Asn324His)')",0.2004,LBen,False
TSC2,NM_000548.5(TSC2):c.4823A>C (p.Tyr1608Ser),1608,Rap-GAP,91.81,5.522232532501221,29.0,1.0,True,0.5990934039177355,True,agree: both flag,Tuberous sclerosis syndrome; Hereditary cancer-predisposing syndrome; Tuberous sclerosis 2; Lymphangiomyomatosis; Isolated focal cortical dysplasia type II,"('TSC2', 'NM_000548.5(TSC2):c.4823A>C (p.Tyr1608Ser)')",0.9685,LPath,True
MLH1,NM_000249.4(MLH1):c.424T>C (p.Cys142Arg),142,Unannotated / linker,94.88,5.290082931518555,17.0,1.0,True,0.5990708033583139,True,agree: both flag,"Hereditary nonpolyposis colorectal neoplasms; Hereditary cancer-predisposing syndrome; not specified; Colorectal cancer, hereditary nonpolyposis, type 2","('MLH1', 'NM_000249.4(MLH1):c.424T>C (p.Cys142Arg)')",0.8771,LPath,True
MLH1,NM_000249.4(MLH1):c.425G>T (p.Cys142Phe),142,Unannotated / linker,94.88,5.290082931518555,17.0,1.0,True,0.5990708033583139,True,agree: both flag,Hereditary nonpolyposis colorectal neoplasms,"('MLH1', 'NM_000249.4(MLH1):c.425G>T (p.Cys142Phe)')",0.4408,Amb,False
MLH1,NM_000249.4(MLH1):c.424T>A (p.Cys142Ser),142,Unannotated / linker,94.88,5.290082931518555,17.0,1.0,True,0.5990708033583139,True,agree: both flag,Hereditary nonpolyposis colorectal neoplasms; Hereditary cancer-predisposing syndrome,"('MLH1', 'NM_000249.4(MLH1):c.424T>A (p.Cys142Ser)')",0.3399,LBen,False
MLH1,NM_000249.4(MLH1):c.426T>G (p.Cys142Trp),142,Unannotated / linker,94.88,5.290082931518555,17.0,1.0,True,0.5990708033583139,True,agree: both flag,Lynch syndrome; Hereditary cancer-predisposing syndrome,"('MLH1', 'NM_000249.4(MLH1):c.426T>G (p.Cys142Trp)')",0.8934,LPath,True
MLH1,NM_000249.4(MLH1):c.425G>C (p.Cys142Ser),142,Unannotated / linker,94.88,5.290082931518555,17.0,1.0,True,0.5990708033583139,True,agree: both flag,Hereditary nonpolyposis colorectal neoplasms; Hereditary cancer-predisposing syndrome,"('MLH1', 'NM_000249.4(MLH1):c.425G>C (p.Cys142Ser)')",0.3399,LBen,False
MLH1,NM_000249.4(MLH1):c.424T>G (p.Cys142Gly),142,Unannotated / linker,94.88,5.290082931518555,17.0,1.0,True,0.5990708033583139,True,agree: both flag,Hereditary cancer-predisposing syndrome,"('MLH1', 'NM_000249.4(MLH1):c.424T>G (p.Cys142Gly)')",0.3628,Amb,False
MLH1,NM_000249.4(MLH1):c.868C>T (p.Pro290Ser),290,Unannotated / linker,93.75,5.768368721008301,43.0,1.0,True,0.5988368442197177,True,agree: both flag,Hereditary cancer-predisposing syndrome; Hereditary nonpolyposis colorectal neoplasms; not provided,"('MLH1', 'NM_000249.4(MLH1):c.868C>T (p.Pro290Ser)')",0.7966,LPath,True
MLH1,NM_000249.4(MLH1):c.868C>G (p.Pro290Ala),290,Unannotated / linker,93.75,5.768368721008301,43.0,1.0,True,0.5988368442197177,True,agree: both flag,Hereditary cancer-predisposing syndrome; Hereditary nonpolyposis colorectal neoplasms,"('MLH1', 'NM_000249.4(MLH1):c.868C>G (p.Pro290Ala)')",0.3962,Amb,False
MSH2,NM_000251.3(MSH2):c.973T>A (p.Ser325Thr),325,Unannotated / linker,90.44,5.158439636230469,11.0,1.0,True,0.5988129813583569,True,agree: both flag,Hereditary nonpolyposis colorectal neoplasms; Hereditary cancer-predisposing syndrome,"('MSH2', 'NM_000251.3(MSH2):c.973T>A (p.Ser325Thr)')",0.1301,LBen,False
MSH2,NM_000251.3(MSH2):c.973T>C (p.Ser325Pro),325,Unannotated / linker,90.44,5.158439636230469,11.0,1.0,True,0.5988129813583569,True,agree: both flag,Hereditary cancer-predisposing syndrome,"('MSH2', 'NM_000251.3(MSH2):c.973T>C (p.Ser325Pro)')",0.6962,LPath,True
MSH2,NM_000251.3(MSH2):c.973T>G (p.Ser325Ala),325,Unannotated / linker,90.44,5.158439636230469,11.0,1.0,True,0.5988129813583569,True,agree: both flag,Hereditary cancer-predisposing syndrome,"('MSH2', 'NM_000251.3(MSH2):c.973T>G (p.Ser325Ala)')",0.2752,LBen,False
MSH2,NM_000251.3(MSH2):c.974C>G (p.Ser325Cys),325,Unannotated / linker,90.44,5.158439636230469,11.0,1.0,True,0.5988129813583569,True,agree: both flag,Hereditary nonpolyposis colorectal neoplasms; Hereditary cancer-predisposing syndrome,"('MSH2', 'NM_000251.3(MSH2):c.974C>G (p.Ser325Cys)')",0.1605,LBen,False
COL5A1,NM_000093.5(COL5A1):c.5434A>G (p.Ile1812Val),1812,Fibrillar collagen NC1,95.75,5.8052449226379395,45.0,1.0,True,0.5987263546779131,True,agree: both flag,not provided,"('COL5A1', 'NM_000093.5(COL5A1):c.5434A>G (p.Ile1812Val)')",0.066,LBen,False
RET,NM_020975.6(RET):c.359C>T (p.Thr120Ile),120,Cadherin-like region 1 (CLD1),88.31,5.496589183807373,27.0,1.0,True,0.5986733690307331,True,agree: both flag,Hereditary cancer-predisposing syndrome,"('RET', 'NM_020975.6(RET):c.359C>T (p.Thr120Ile)')",0.235,LBen,False
RET,NM_020975.6(RET):c.358A>G (p.Thr120Ala),120,Cadherin-like region 1 (CLD1),88.31,5.496589183807373,27.0,1.0,True,0.5986733690307331,True,agree: both flag,Hereditary cancer-predisposing syndrome,"('RET', 'NM_020975.6(RET):c.358A>G (p.Thr120Ala)')",0.1092,LBen,False
COL2A1,NM_001844.5(COL2A1):c.3826_3827delinsAA (p.Arg1276Asn),1276,Fibrillar collagen NC1,90.44,5.423308849334717,23.0,1.0,True,0.5986666458402751,True,agree: both flag,not provided,"('COL2A1', 'NM_001844.5(COL2A1):c.3826_3827delinsAA (p.Arg1276Asn)')",0.8295,LPath,True
ATP7A,NM_000052.7(ATP7A):c.3836C>T (p.Pro1279Leu),1279,Unannotated / linker,73.5,5.439671039581299,25.0,1.0,True,0.5986297236363679,True,agree: both flag,Menkes kinky-hair syndrome,"('ATP7A', 'NM_000052.7(ATP7A):c.3836C>T (p.Pro1279Leu)')",0.9852,LPath,True
MYBPC3,NM_000256.3(MYBPC3):c.754T>C (p.Phe252Leu),252,Ig-like C2-type 1,91.0,5.262790679931641,15.0,1.0,True,0.5985341354687924,True,agree: both flag,Cardiovascular phenotype; Cardiomyopathy; Hypertrophic cardiomyopathy,"('MYBPC3', 'NM_000256.3(MYBPC3):c.754T>C (p.Phe252Leu)')",0.9744,LPath,True
MYBPC3,NM_000256.3(MYBPC3):c.756C>A (p.Phe252Leu),252,Ig-like C2-type 1,91.0,5.262790679931641,15.0,1.0,True,0.5985341354687924,True,agree: both flag,Cardiovascular phenotype; not provided; Hypertrophic cardiomyopathy,"('MYBPC3', 'NM_000256.3(MYBPC3):c.756C>A (p.Phe252Leu)')",0.9744,LPath,True
MYBPC3,NM_000256.3(MYBPC3):c.3597G>T (p.Met1199Ile),1199,Ig-like C2-type 7,90.5,5.7213921546936035,39.0,1.0,True,0.5982757084977604,True,agree: both flag,Cardiomyopathy,"('MYBPC3', 'NM_000256.3(MYBPC3):c.3597G>T (p.Met1199Ile)')",0.5715,LPath,True
MYBPC3,NM_000256.3(MYBPC3):c.3597G>A (p.Met1199Ile),1199,Ig-like C2-type 7,90.5,5.7213921546936035,39.0,1.0,True,0.5982757084977604,True,agree: both flag,Hypertrophic cardiomyopathy,"('MYBPC3', 'NM_000256.3(MYBPC3):c.3597G>A (p.Met1199Ile)')",0.5715,LPath,True
MYBPC3,NM_000256.3(MYBPC3):c.3596T>C (p.Met1199Thr),1199,Ig-like C2-type 7,90.5,5.7213921546936035,39.0,1.0,True,0.5982757084977604,True,agree: both flag,Cardiomyopathy; Hypertrophic cardiomyopathy,"('MYBPC3', 'NM_000256.3(MYBPC3):c.3596T>C (p.Met1199Thr)')",0.4065,Amb,False
MLH1,NM_000249.4(MLH1):c.693T>G (p.Ile231Met),231,Unannotated / linker,94.44,5.236616611480713,13.0,1.0,True,0.5982142684924616,True,agree: both flag,Hereditary nonpolyposis colorectal neoplasms,"('MLH1', 'NM_000249.4(MLH1):c.693T>G (p.Ile231Met)')",0.1139,LBen,False
MLH1,NM_000249.4(MLH1):c.691A>T (p.Ile231Phe),231,Unannotated / linker,94.44,5.236616611480713,13.0,1.0,True,0.5982142684924616,True,agree: both flag,Hereditary nonpolyposis colorectal neoplasms,"('MLH1', 'NM_000249.4(MLH1):c.691A>T (p.Ile231Phe)')",0.2065,LBen,False
MLH1,NM_000249.4(MLH1):c.692T>C (p.Ile231Thr),231,Unannotated / linker,94.44,5.236616611480713,13.0,1.0,True,0.5982142684924616,True,agree: both flag,Hereditary nonpolyposis colorectal neoplasms,"('MLH1', 'NM_000249.4(MLH1):c.692T>C (p.Ile231Thr)')",0.1412,LBen,False
MLH1,NM_000249.4(MLH1):c.692T>A (p.Ile231Asn),231,Unannotated / linker,94.44,5.236616611480713,13.0,1.0,True,0.5982142684924616,True,agree: both flag,Hereditary cancer-predisposing syndrome,"('MLH1', 'NM_000249.4(MLH1):c.692T>A (p.Ile231Asn)')",0.6923,LPath,True
MLH1,NM_000249.4(MLH1):c.692T>G (p.Ile231Ser),231,Unannotated / linker,94.44,5.236616611480713,13.0,1.0,True,0.5982142684924616,True,agree: both flag,Hereditary cancer-predisposing syndrome,"('MLH1', 'NM_000249.4(MLH1):c.692T>G (p.Ile231Ser)')",0.4327,Amb,False
MYBPC3,NM_000256.3(MYBPC3):c.1159C>G (p.Leu387Val),387,Ig-like C2-type 2,89.62,5.457381725311279,23.0,1.0,True,0.5977728009480545,True,agree: both flag,Hypertrophic cardiomyopathy,"('MYBPC3', 'NM_000256.3(MYBPC3):c.1159C>G (p.Leu387Val)')",0.2278,LBen,False
MLH1,NM_000249.4(MLH1):c.944A>T (p.His315Leu),315,Unannotated / linker,84.75,5.1944146156311035,11.0,1.0,True,0.5977700627573164,True,agree: both flag,Hereditary cancer-predisposing syndrome; Lynch syndrome,"('MLH1', 'NM_000249.4(MLH1):c.944A>T (p.His315Leu)')",0.3874,Amb,False
MLH1,NM_000249.4(MLH1):c.944A>C (p.His315Pro),315,Unannotated / linker,84.75,5.1944146156311035,11.0,1.0,True,0.5977700627573164,True,agree: both flag,Hereditary cancer-predisposing syndrome,"('MLH1', 'NM_000249.4(MLH1):c.944A>C (p.His315Pro)')",0.9409,LPath,True
MLH1,NM_000249.4(MLH1):c.943C>G (p.His315Asp),315,Unannotated / linker,84.75,5.1944146156311035,11.0,1.0,True,0.5977700627573164,True,agree: both flag,Hereditary cancer-predisposing syndrome; Hereditary nonpolyposis colorectal neoplasms; Lynch syndrome,"('MLH1', 'NM_000249.4(MLH1):c.943C>G (p.His315Asp)')",0.9073,LPath,True
BRCA1,NM_007294.4(BRCA1):c.5563A>G (p.Ile1855Val),1855,BRCT domain 2,90.75,5.439825534820557,22.0,1.0,True,0.5977628599718946,True,agree: both flag,"Hereditary breast ovarian cancer syndrome, Breast-ovarian cancer, familial, susceptibility to, 1","('BRCA1', 'NM_007294.4(BRCA1):c.5563A>G (p.Ile1855Val)')",0.1029,LBen,False
BRCA1,NM_007294.4(BRCA1):c.5564T>A (p.Ile1855Lys),1855,BRCT domain 2,90.75,5.439825534820557,22.0,1.0,True,0.5977628599718946,True,agree: both flag,Hereditary cancer-predisposing syndrome,"('BRCA1', 'NM_007294.4(BRCA1):c.5564T>A (p.Ile1855Lys)')",0.6445,LPath,True
MYBPC3,NM_000256.3(MYBPC3):c.2380C>T (p.Pro794Ser),794,Fibronectin type-III 1,95.19,5.3923444747924805,19.0,1.0,True,0.5976049912100255,True,agree: both flag,Cardiovascular phenotype; Hypertrophic cardiomyopathy,"('MYBPC3', 'NM_000256.3(MYBPC3):c.2380C>T (p.Pro794Ser)')",0.344,Amb,False
MYBPC3,NM_000256.3(MYBPC3):c.2380C>A (p.Pro794Thr),794,Fibronectin type-III 1,95.19,5.3923444747924805,19.0,1.0,True,0.5976049912100255,True,agree: both flag,Cardiovascular phenotype; not specified; not provided; Cardiomyopathy; Hypertrophic cardiomyopathy,"('MYBPC3', 'NM_000256.3(MYBPC3):c.2380C>A (p.Pro794Thr)')",0.3496,Amb,False
MYBPC3,NM_000256.3(MYBPC3):c.526_527delinsAG (p.Ala176Ser),176,Ig-like C2-type 1,90.62,5.3089094161987305,15.0,1.0,True,0.5974139213592387,True,agree: both flag,Hypertrophic cardiomyopathy,"('MYBPC3', 'NM_000256.3(MYBPC3):c.526_527delinsAG (p.Ala176Ser)')",0.3175,LBen,False
MYBPC3,NM_000256.3(MYBPC3):c.527C>G (p.Ala176Gly),176,Ig-like C2-type 1,90.62,5.3089094161987305,15.0,1.0,True,0.5974139213592387,True,agree: both flag,Hypertrophic cardiomyopathy,"('MYBPC3', 'NM_000256.3(MYBPC3):c.527C>G (p.Ala176Gly)')",0.392,Amb,False
MYBPC3,NM_000256.3(MYBPC3):c.527C>A (p.Ala176Asp),176,Ig-like C2-type 1,90.62,5.3089094161987305,15.0,1.0,True,0.5974139213592387,True,agree: both flag,Hypertrophic cardiomyopathy,"('MYBPC3', 'NM_000256.3(MYBPC3):c.527C>A (p.Ala176Asp)')",0.9805,LPath,True
MYO7A,NM_000260.4(MYO7A):c.6194C>G (p.Pro2065Arg),2065,FERM 2,91.19,5.795280933380127,41.0,1.0,True,0.5971201277717045,True,agree: both flag,Autosomal recessive nonsyndromic hearing loss 2; Usher syndrome type 1,"('MYO7A', 'NM_000260.4(MYO7A):c.6194C>G (p.Pro2065Arg)')",0.9722,LPath,True
MYO7A,NM_000260.4(MYO7A):c.6193C>A (p.Pro2065Thr),2065,FERM 2,91.19,5.795280933380127,41.0,1.0,True,0.5971201277717045,True,agree: both flag,not provided,"('MYO7A', 'NM_000260.4(MYO7A):c.6193C>A (p.Pro2065Thr)')",0.869,LPath,True
SCN1A,NM_001165963.4(SCN1A):c.5474T>G (p.Phe1825Cys),1825,Unannotated / linker,85.19,5.711905479431152,36.0,1.0,True,0.5970087256199894,True,agree: both flag,Early-infantile DEE,"('SCN1A', 'NM_001165963.4(SCN1A):c.5474T>G (p.Phe1825Cys)')",0.8809,LPath,True
RET,NM_020975.6(RET):c.1820G>A (p.Gly607Asp),607,Unannotated / linker,92.19,5.961410045623779,52.0,1.0,True,0.5969952704146483,True,agree: both flag,"Hirschsprung disease, susceptibility to, 1","('RET', 'NM_020975.6(RET):c.1820G>A (p.Gly607Asp)')",0.8668,LPath,True
RET,NM_020975.6(RET):c.1820G>T (p.Gly607Val),607,Unannotated / linker,92.19,5.961410045623779,52.0,1.0,True,0.5969952704146483,True,agree: both flag,"Multiple endocrine neoplasia, type 2","('RET', 'NM_020975.6(RET):c.1820G>T (p.Gly607Val)')",0.929,LPath,True
RET,NM_020975.6(RET):c.1819G>C (p.Gly607Arg),607,Unannotated / linker,92.19,5.961410045623779,52.0,1.0,True,0.5969952704146483,True,agree: both flag,"not provided; Hereditary cancer-predisposing syndrome; Multiple endocrine neoplasia, type 2","('RET', 'NM_020975.6(RET):c.1819G>C (p.Gly607Arg)')",0.8132,LPath,True
SCN1A,NM_001165963.4(SCN1A):c.4230T>G (p.Asn1410Lys),1410,III,90.81,5.759879112243652,37.0,1.0,True,0.5963450754319117,True,agree: both flag,not provided,"('SCN1A', 'NM_001165963.4(SCN1A):c.4230T>G (p.Asn1410Lys)')",0.9856,LPath,True
MSH6,NM_000179.3(MSH6):c.1378G>A (p.Gly460Ser),460,Unannotated / linker,95.56,5.560874938964844,25.0,1.0,True,0.5963191356392805,True,agree: both flag,Lynch syndrome; Hereditary cancer-predisposing syndrome,"('MSH6', 'NM_000179.3(MSH6):c.1378G>A (p.Gly460Ser)')",0.9886,LPath,True
MSH6,NM_000179.3(MSH6):c.1379G>A (p.Gly460Asp),460,Unannotated / linker,95.56,5.560874938964844,25.0,1.0,True,0.5963191356392805,True,agree: both flag,Hereditary cancer-predisposing syndrome; Hereditary nonpolyposis colorectal neoplasms,"('MSH6', 'NM_000179.3(MSH6):c.1379G>A (p.Gly460Asp)')",0.9995,LPath,True
MSH6,NM_000179.3(MSH6):c.1378G>T (p.Gly460Cys),460,Unannotated / linker,95.56,5.560874938964844,25.0,1.0,True,0.5963191356392805,True,agree: both flag,Hereditary cancer-predisposing syndrome,"('MSH6', 'NM_000179.3(MSH6):c.1378G>T (p.Gly460Cys)')",0.9958,LPath,True
MYBPC3,NM_000256.3(MYBPC3):c.2536G>T (p.Val846Phe),846,Fibronectin type-III 1,97.31,5.301773548126221,12.0,1.0,True,0.5962560807541993,True,agree: both flag,Hypertrophic cardiomyopathy,"('MYBPC3', 'NM_000256.3(MYBPC3):c.2536G>T (p.Val846Phe)')",0.9788,LPath,True
MYBPC3,NM_000256.3(MYBPC3):c.2537T>A (p.Val846Asp),846,Fibronectin type-III 1,97.31,5.301773548126221,12.0,1.0,True,0.5962560807541993,True,agree: both flag,not specified; not provided; Hypertrophic cardiomyopathy,"('MYBPC3', 'NM_000256.3(MYBPC3):c.2537T>A (p.Val846Asp)')",0.9981,LPath,True
MYBPC3,NM_000256.3(MYBPC3):c.2536G>A (p.Val846Ile),846,Fibronectin type-III 1,97.31,5.301773548126221,12.0,1.0,True,0.5962560807541993,True,agree: both flag,Cardiomyopathy; Cardiovascular phenotype; Hypertrophic cardiomyopathy,"('MYBPC3', 'NM_000256.3(MYBPC3):c.2536G>A (p.Val846Ile)')",0.2633,LBen,False
MYBPC3,NM_000256.3(MYBPC3):c.2536G>C (p.Val846Leu),846,Fibronectin type-III 1,97.31,5.301773548126221,12.0,1.0,True,0.5962560807541993,True,agree: both flag,Cardiovascular phenotype; Cardiomyopathy,"('MYBPC3', 'NM_000256.3(MYBPC3):c.2536G>C (p.Val846Leu)')",0.9042,LPath,True
PTEN,NM_000314.8(PTEN):c.647T>A (p.Val216Glu),216,C2 (tensin-type) domain,98.38,5.806030750274658,39.0,1.0,True,0.596220599023222,True,agree: both flag,Hereditary cancer-predisposing syndrome,"('PTEN', 'NM_000314.8(PTEN):c.647T>A (p.Val216Glu)')",0.89,LPath,True
PTEN,NM_000314.8(PTEN):c.647T>C (p.Val216Ala),216,C2 (tensin-type) domain,98.38,5.806030750274658,39.0,1.0,True,0.596220599023222,True,agree: both flag,Hereditary cancer-predisposing syndrome,"('PTEN', 'NM_000314.8(PTEN):c.647T>C (p.Val216Ala)')",0.5584,Amb,False
PTEN,NM_000314.8(PTEN):c.646G>A (p.Val216Met),216,C2 (tensin-type) domain,98.38,5.806030750274658,39.0,1.0,True,0.596220599023222,True,agree: both flag,"Hereditary cancer-predisposing syndrome, PTEN hamartoma tumor syndrome","('PTEN', 'NM_000314.8(PTEN):c.646G>A (p.Val216Met)')",0.2645,LBen,False
MSH6,NM_000179.3(MSH6):c.538G>C (p.Asp180His),180,Unannotated / linker,88.44,5.6180338859558105,27.0,1.0,True,0.5955275824462061,True,agree: both flag,Hereditary nonpolyposis colorectal neoplasms,"('MSH6', 'NM_000179.3(MSH6):c.538G>C (p.Asp180His)')",0.9679,LPath,True
MSH6,NM_000179.3(MSH6):c.538_540delinsAAC (p.Asp180Asn),180,Unannotated / linker,88.44,5.6180338859558105,27.0,1.0,True,0.5955275824462061,True,agree: both flag,Hereditary cancer-predisposing syndrome,"('MSH6', 'NM_000179.3(MSH6):c.538_540delinsAAC (p.Asp180Asn)')",0.4077,Amb,False
MSH6,NM_000179.3(MSH6):c.540T>A (p.Asp180Glu),180,Unannotated / linker,88.44,5.6180338859558105,27.0,1.0,True,0.5955275824462061,True,agree: both flag,Hereditary nonpolyposis colorectal neoplasms,"('MSH6', 'NM_000179.3(MSH6):c.540T>A (p.Asp180Glu)')",0.7642,LPath,True
MSH6,NM_000179.3(MSH6):c.540T>G (p.Asp180Glu),180,Unannotated / linker,88.44,5.6180338859558105,27.0,1.0,True,0.5955275824462061,True,agree: both flag,Hereditary cancer-predisposing syndrome; Hereditary nonpolyposis colorectal neoplasms,"('MSH6', 'NM_000179.3(MSH6):c.540T>G (p.Asp180Glu)')",0.7642,LPath,True
MSH6,NM_000179.3(MSH6):c.538G>A (p.Asp180Asn),180,Unannotated / linker,88.44,5.6180338859558105,27.0,1.0,True,0.5955275824462061,True,agree: both flag,Hereditary nonpolyposis colorectal neoplasms; Hereditary cancer-predisposing syndrome,"('MSH6', 'NM_000179.3(MSH6):c.538G>A (p.Asp180Asn)')",0.4077,Amb,False
MSH6,NM_000179.3(MSH6):c.2943T>G (p.Ile981Met),981,Unannotated / linker,86.31,5.362730503082275,14.0,1.0,True,0.5954560876289584,True,agree: both flag,not provided; Hereditary cancer-predisposing syndrome; Hereditary nonpolyposis colorectal neoplasms,"('MSH6', 'NM_000179.3(MSH6):c.2943T>G (p.Ile981Met)')",0.2774,LBen,False
MSH6,NM_000179.3(MSH6):c.2941A>T (p.Ile981Phe),981,Unannotated / linker,86.31,5.362730503082275,14.0,1.0,True,0.5954560876289584,True,agree: both flag,Hereditary cancer-predisposing syndrome,"('MSH6', 'NM_000179.3(MSH6):c.2941A>T (p.Ile981Phe)')",0.5672,LPath,True
MSH6,NM_000179.3(MSH6):c.2942T>C (p.Ile981Thr),981,Unannotated / linker,86.31,5.362730503082275,14.0,1.0,True,0.5954560876289584,True,agree: both flag,Hereditary cancer-predisposing syndrome; Hereditary nonpolyposis colorectal neoplasms,"('MSH6', 'NM_000179.3(MSH6):c.2942T>C (p.Ile981Thr)')",0.9703,LPath,True
MSH6,NM_000179.3(MSH6):c.2942T>G (p.Ile981Ser),981,Unannotated / linker,86.31,5.362730503082275,14.0,1.0,True,0.5954560876289584,True,agree: both flag,Hereditary cancer-predisposing syndrome,"('MSH6', 'NM_000179.3(MSH6):c.2942T>G (p.Ile981Ser)')",0.9843,LPath,True
ATP7A,NM_000052.7(ATP7A):c.2666T>C (p.Val889Ala),889,Unannotated / linker,90.94,5.677010536193848,30.0,1.0,True,0.5954545222390542,True,agree: both flag,"Menkes kinky-hair syndrome; Cutis laxa, X-linked; X-linked distal spinal muscular atrophy type 3","('ATP7A', 'NM_000052.7(ATP7A):c.2666T>C (p.Val889Ala)')",0.5658,LPath,True
ATP7A,NM_000052.7(ATP7A):c.3952A>G (p.Ile1318Val),1318,Unannotated / linker,85.25,5.424977779388428,17.0,1.0,True,0.5954406840918919,True,agree: both flag,"Menkes kinky-hair syndrome; Cutis laxa, X-linked; X-linked distal spinal muscular atrophy type 3; not provided","('ATP7A', 'NM_000052.7(ATP7A):c.3952A>G (p.Ile1318Val)')",0.1388,LBen,False
PTEN,NM_000314.8(PTEN):c.719A>G (p.Tyr240Cys),240,C2 (tensin-type) domain,98.12,5.880101203918457,42.0,1.0,True,0.5954274996769986,True,agree: both flag,"PTEN hamartoma tumor syndrome, Hereditary cancer-predisposing syndrome","('PTEN', 'NM_000314.8(PTEN):c.719A>G (p.Tyr240Cys)')",0.0702,LBen,False
PTEN,NM_000314.8(PTEN):c.718T>G (p.Tyr240Asp),240,C2 (tensin-type) domain,98.12,5.880101203918457,42.0,1.0,True,0.5954274996769986,True,agree: both flag,Hereditary cancer-predisposing syndrome,"('PTEN', 'NM_000314.8(PTEN):c.718T>G (p.Tyr240Asp)')",0.3275,LBen,False
MYO7A,NM_000260.4(MYO7A):c.2618G>A (p.Arg873Gln),873,SAH,73.06,5.471061706542969,20.0,1.0,True,0.5953537381688336,True,agree: both flag,Inborn genetic diseases; not provided; not specified; Usher syndrome type 1; Autosomal recessive nonsyndromic hearing loss 2; Autosomal dominant nonsyndromic hearing loss 11; Usher syndrome type 1; Autosomal recessive nonsyndromic hearing loss 2; Autosomal dominant nonsyndromic hearing loss 11,"('MYO7A', 'NM_000260.4(MYO7A):c.2618G>A (p.Arg873Gln)')",0.2674,LBen,False
MYBPC3,NM_000256.3(MYBPC3):c.3544A>C (p.Ser1182Arg),1182,Ig-like C2-type 7,89.44,5.533941745758057,22.0,1.0,True,0.5953501679026961,True,agree: both flag,Hypertrophic cardiomyopathy 4; Cardiomyopathy; Hypertrophic cardiomyopathy,"('MYBPC3', 'NM_000256.3(MYBPC3):c.3544A>C (p.Ser1182Arg)')",0.4395,Amb,False
MYBPC3,NM_000256.3(MYBPC3):c.3545G>C (p.Ser1182Thr),1182,Ig-like C2-type 7,89.44,5.533941745758057,22.0,1.0,True,0.5953501679026961,True,agree: both flag,Hypertrophic cardiomyopathy; not provided,"('MYBPC3', 'NM_000256.3(MYBPC3):c.3545G>C (p.Ser1182Thr)')",0.1175,LBen,False
MYBPC3,NM_000256.3(MYBPC3):c.3544A>G (p.Ser1182Gly),1182,Ig-like C2-type 7,89.44,5.533941745758057,22.0,1.0,True,0.5953501679026961,True,agree: both flag,Hypertrophic cardiomyopathy,"('MYBPC3', 'NM_000256.3(MYBPC3):c.3544A>G (p.Ser1182Gly)')",0.2183,LBen,False
MSH6,NM_000179.3(MSH6):c.2269A>G (p.Thr757Ala),757,Unannotated / linker,88.19,5.326990604400635,12.0,1.0,True,0.5953352612979613,True,agree: both flag,Endometrial carcinoma,"('MSH6', 'NM_000179.3(MSH6):c.2269A>G (p.Thr757Ala)')",0.4733,Amb,False
MSH6,NM_000179.3(MSH6):c.2270C>A (p.Thr757Asn),757,Unannotated / linker,88.19,5.326990604400635,12.0,1.0,True,0.5953352612979613,True,agree: both flag,Hereditary nonpolyposis colorectal neoplasms; Hereditary cancer-predisposing syndrome,"('MSH6', 'NM_000179.3(MSH6):c.2270C>A (p.Thr757Asn)')",0.7437,LPath,True
MSH6,NM_000179.3(MSH6):c.2270C>G (p.Thr757Ser),757,Unannotated / linker,88.19,5.326990604400635,12.0,1.0,True,0.5953352612979613,True,agree: both flag,Hereditary cancer-predisposing syndrome,"('MSH6', 'NM_000179.3(MSH6):c.2270C>G (p.Thr757Ser)')",0.2141,LBen,False
MSH6,NM_000179.3(MSH6):c.2270C>T (p.Thr757Ile),757,Unannotated / linker,88.19,5.326990604400635,12.0,1.0,True,0.5953352612979613,True,agree: both flag,Hereditary cancer-predisposing syndrome; Hereditary nonpolyposis colorectal neoplasms,"('MSH6', 'NM_000179.3(MSH6):c.2270C>T (p.Thr757Ile)')",0.9713,LPath,True
MYO7A,NM_000260.4(MYO7A):c.4907A>C (p.Asp1636Ala),1636,SH3,81.88,5.3878560066223145,15.0,1.0,True,0.5952059439771659,True,agree: both flag,not provided,"('MYO7A', 'NM_000260.4(MYO7A):c.4907A>C (p.Asp1636Ala)')",0.4625,Amb,False
MSH2,NM_000251.3(MSH2):c.1645G>T (p.Val549Phe),549,Unannotated / linker,88.25,5.594444751739502,25.0,1.0,True,0.5951956685085025,True,agree: both flag,Hereditary nonpolyposis colorectal neoplasms,"('MSH2', 'NM_000251.3(MSH2):c.1645G>T (p.Val549Phe)')",0.8961,LPath,True
MSH2,NM_000251.3(MSH2):c.1645G>C (p.Val549Leu),549,Unannotated / linker,88.25,5.594444751739502,25.0,1.0,True,0.5951956685085025,True,agree: both flag,Hereditary cancer-predisposing syndrome,"('MSH2', 'NM_000251.3(MSH2):c.1645G>C (p.Val549Leu)')",0.841,LPath,True
ATP7A,NM_000052.7(ATP7A):c.2711C>T (p.Ala904Val),904,Unannotated / linker,92.5,5.932985305786133,45.0,1.0,True,0.5949776612072627,True,agree: both flag,not provided,"('ATP7A', 'NM_000052.7(ATP7A):c.2711C>T (p.Ala904Val)')",0.5219,Amb,False
COL5A1,NM_000093.5(COL5A1):c.4955G>A (p.Gly1652Asp),1652,Fibrillar collagen NC1,94.88,5.51117467880249,19.0,1.0,True,0.5946688137180394,True,agree: both flag,"Ehlers-Danlos syndrome, classic type, 1","('COL5A1', 'NM_000093.5(COL5A1):c.4955G>A (p.Gly1652Asp)')",0.7862,LPath,True
COL5A1,NM_000093.5(COL5A1):c.4955G>C (p.Gly1652Ala),1652,Fibrillar collagen NC1,94.88,5.51117467880249,19.0,1.0,True,0.5946688137180394,True,agree: both flag,not provided,"('COL5A1', 'NM_000093.5(COL5A1):c.4955G>C (p.Gly1652Ala)')",0.6301,LPath,True
COL5A1,NM_000093.5(COL5A1):c.4954G>A (p.Gly1652Ser),1652,Fibrillar collagen NC1,94.88,5.51117467880249,19.0,1.0,True,0.5946688137180394,True,agree: both flag,"Ehlers-Danlos syndrome, classic type, 1","('COL5A1', 'NM_000093.5(COL5A1):c.4954G>A (p.Gly1652Ser)')",0.4605,Amb,False
MSH2,NM_000251.3(MSH2):c.1654A>T (p.Thr552Ser),552,Unannotated / linker,92.56,5.697549343109131,29.0,1.0,True,0.5945239241397882,True,agree: both flag,Hereditary cancer-predisposing syndrome,"('MSH2', 'NM_000251.3(MSH2):c.1654A>T (p.Thr552Ser)')",0.1381,LBen,False
MSH2,NM_000251.3(MSH2):c.1655C>G (p.Thr552Ser),552,Unannotated / linker,92.56,5.697549343109131,29.0,1.0,True,0.5945239241397882,True,agree: both flag,Hereditary cancer-predisposing syndrome; Hereditary nonpolyposis colorectal neoplasms,"('MSH2', 'NM_000251.3(MSH2):c.1655C>G (p.Thr552Ser)')",0.1381,LBen,False
MSH2,NM_000251.3(MSH2):c.1654A>G (p.Thr552Ala),552,Unannotated / linker,92.56,5.697549343109131,29.0,1.0,True,0.5945239241397882,True,agree: both flag,Hereditary nonpolyposis colorectal neoplasms; Hereditary cancer-predisposing syndrome; Lynch syndrome,"('MSH2', 'NM_000251.3(MSH2):c.1654A>G (p.Thr552Ala)')",0.1571,LBen,False
MSH2,NM_000251.3(MSH2):c.2453A>G (p.Lys818Arg),818,Unannotated / linker,90.88,5.489059925079346,17.0,1.0,True,0.5940912806665868,True,agree: both flag,not specified; Hereditary nonpolyposis colorectal neoplasms; Hereditary cancer-predisposing syndrome; Lynch syndrome 1,"('MSH2', 'NM_000251.3(MSH2):c.2453A>G (p.Lys818Arg)')",0.0772,LBen,False
MSH2,NM_000251.3(MSH2):c.2453A>C (p.Lys818Thr),818,Unannotated / linker,90.88,5.489059925079346,17.0,1.0,True,0.5940912806665868,True,agree: both flag,Hereditary nonpolyposis colorectal neoplasms,"('MSH2', 'NM_000251.3(MSH2):c.2453A>C (p.Lys818Thr)')",0.349,Amb,False
SCN2A,NM_001040142.2(SCN2A):c.5552G>A (p.Arg1851Gln),1851,Unannotated / linker,84.88,5.870907783508301,39.0,1.0,True,0.5939442155780066,True,agree: both flag,"Seizures, benign familial infantile, 3; Developmental and epileptic encephalopathy, 11; Episodic ataxia, type 9","('SCN2A', 'NM_001040142.2(SCN2A):c.5552G>A (p.Arg1851Gln)')",0.5898,LPath,True
ENG,NM_001114753.3(ENG):c.1699A>G (p.Thr567Ala),567,Unannotated / linker,89.62,5.51436710357666,18.0,1.0,True,0.5939160951611814,True,agree: both flag,Hereditary hemorrhagic telangiectasia,"('ENG', 'NM_001114753.3(ENG):c.1699A>G (p.Thr567Ala)')",0.0908,LBen,False
MYO7A,NM_000260.4(MYO7A):c.1643A>G (p.Gln548Arg),548,Myosin motor,88.44,5.390913486480713,12.0,1.0,True,0.5938502696430495,True,agree: both flag,not provided,"('MYO7A', 'NM_000260.4(MYO7A):c.1643A>G (p.Gln548Arg)')",0.0833,LBen,False
SCN8A,NM_001330260.2(SCN8A):c.934T>G (p.Phe312Val),312,I,90.75,5.756561279296875,31.0,1.0,True,0.5937991681414401,True,agree: both flag,Cognitive impairment with or without cerebellar ataxia,"('SCN8A', 'NM_001330260.2(SCN8A):c.934T>G (p.Phe312Val)')",0.8457,LPath,True
BRCA1,NM_007294.4(BRCA1):c.5573T>A (p.Ile1858Asn),1858,Unannotated / linker,80.44,5.812371253967285,35.0,1.0,True,0.5936758822658234,True,agree: both flag,Hereditary breast ovarian cancer syndrome,"('BRCA1', 'NM_007294.4(BRCA1):c.5573T>A (p.Ile1858Asn)')",0.0946,LBen,False
BRCA1,NM_007294.4(BRCA1):c.5572A>T (p.Ile1858Phe),1858,Unannotated / linker,80.44,5.812371253967285,35.0,1.0,True,0.5936758822658234,True,agree: both flag,"Hereditary breast ovarian cancer syndrome, not provided, Hereditary cancer-predisposing syndrome","('BRCA1', 'NM_007294.4(BRCA1):c.5572A>T (p.Ile1858Phe)')",0.082,LBen,False
BRCA1,NM_007294.4(BRCA1):c.5572A>G (p.Ile1858Val),1858,Unannotated / linker,80.44,5.812371253967285,35.0,1.0,True,0.5936758822658234,True,agree: both flag,Hereditary breast ovarian cancer syndrome,"('BRCA1', 'NM_007294.4(BRCA1):c.5572A>G (p.Ile1858Val)')",0.0942,LBen,False
RET,NM_020975.6(RET):c.163G>T (p.Ala55Ser),55,Cadherin-like region 1 (CLD1),93.94,5.627085208892822,23.0,1.0,True,0.593644318722296,True,agree: both flag,Hereditary cancer-predisposing syndrome,"('RET', 'NM_020975.6(RET):c.163G>T (p.Ala55Ser)')",0.1442,LBen,False
RET,NM_020975.6(RET):c.164C>T (p.Ala55Val),55,Cadherin-like region 1 (CLD1),93.94,5.627085208892822,23.0,1.0,True,0.593644318722296,True,agree: both flag,Hereditary cancer-predisposing syndrome,"('RET', 'NM_020975.6(RET):c.164C>T (p.Ala55Val)')",0.2067,LBen,False
PMS2,NM_000535.7(PMS2):c.491C>G (p.Ser164Cys),164,Unannotated / linker,90.56,5.993770599365234,46.0,1.0,True,0.5935901282446728,True,agree: both flag,Hereditary cancer-predisposing syndrome; Hereditary nonpolyposis colorectal neoplasms,"('PMS2', 'NM_000535.7(PMS2):c.491C>G (p.Ser164Cys)')",0.048,LBen,False
PMS2,NM_000535.7(PMS2):c.491C>T (p.Ser164Phe),164,Unannotated / linker,90.56,5.993770599365234,46.0,1.0,True,0.5935901282446728,True,agree: both flag,Hereditary cancer-predisposing syndrome,"('PMS2', 'NM_000535.7(PMS2):c.491C>T (p.Ser164Phe)')",0.0905,LBen,False
ABCA4,NM_000350.3(ABCA4):c.3176C>G (p.Ala1059Gly),1059,ABC transporter 1,83.88,5.9002156257629395,40.0,1.0,True,0.5935184365603545,True,agree: both flag,not provided,"('ABCA4', 'NM_000350.3(ABCA4):c.3176C>G (p.Ala1059Gly)')",0.2848,LBen,False
ABCA4,NM_000350.3(ABCA4):c.3175G>T (p.Ala1059Ser),1059,ABC transporter 1,83.88,5.9002156257629395,40.0,1.0,True,0.5935184365603545,True,agree: both flag,not provided,"('ABCA4', 'NM_000350.3(ABCA4):c.3175G>T (p.Ala1059Ser)')",0.126,LBen,False
SCN1A,NM_001165963.4(SCN1A):c.5096T>C (p.Val1699Ala),1699,IV,78.62,5.719350337982178,29.0,1.0,True,0.5934484107154601,True,agree: both flag,Early-infantile DEE,"('SCN1A', 'NM_001165963.4(SCN1A):c.5096T>C (p.Val1699Ala)')",0.1201,LBen,False
TSC2,NM_000548.5(TSC2):c.4816T>G (p.Phe1606Val),1606,Rap-GAP,88.38,5.611316680908203,22.0,1.0,True,0.5933737279784863,True,agree: both flag,Hereditary cancer-predisposing syndrome; Tuberous sclerosis 2,"('TSC2', 'NM_000548.5(TSC2):c.4816T>G (p.Phe1606Val)')",0.9803,LPath,True
TSC2,NM_000548.5(TSC2):c.4818C>A (p.Phe1606Leu),1606,Rap-GAP,88.38,5.611316680908203,22.0,1.0,True,0.5933737279784863,True,agree: both flag,Tuberous sclerosis 2,"('TSC2', 'NM_000548.5(TSC2):c.4818C>A (p.Phe1606Leu)')",0.9981,LPath,True
TSC2,NM_000548.5(TSC2):c.4817T>C (p.Phe1606Ser),1606,Rap-GAP,88.38,5.611316680908203,22.0,1.0,True,0.5933737279784863,True,agree: both flag,Hereditary cancer-predisposing syndrome; not provided,"('TSC2', 'NM_000548.5(TSC2):c.4817T>C (p.Phe1606Ser)')",0.9979,LPath,True
COL2A1,NM_001844.5(COL2A1):c.128A>G (p.Asp43Gly),43,VWFC,84.31,5.452555179595947,14.0,1.0,True,0.5932521362783812,True,agree: both flag,Inborn genetic diseases,"('COL2A1', 'NM_001844.5(COL2A1):c.128A>G (p.Asp43Gly)')",0.5005,Amb,False
COL2A1,NM_001844.5(COL2A1):c.127G>C (p.Asp43His),43,VWFC,84.31,5.452555179595947,14.0,1.0,True,0.5932521362783812,True,agree: both flag,not provided,"('COL2A1', 'NM_001844.5(COL2A1):c.127G>C (p.Asp43His)')",0.5156,Amb,False
MYBPC3,NM_000256.3(MYBPC3):c.2533C>A (p.Arg845Ser),845,Fibronectin type-III 1,97.0,5.452775955200195,13.0,1.0,True,0.5932130052270183,True,agree: both flag,Hypertrophic cardiomyopathy; Hypertrophic cardiomyopathy 4,"('MYBPC3', 'NM_000256.3(MYBPC3):c.2533C>A (p.Arg845Ser)')",0.9934,LPath,True
MYBPC3,NM_000256.3(MYBPC3):c.2534G>C (p.Arg845Pro),845,Fibronectin type-III 1,97.0,5.452775955200195,13.0,1.0,True,0.5932130052270183,True,agree: both flag,not provided; Cardiomyopathy; Hypertrophic cardiomyopathy,"('MYBPC3', 'NM_000256.3(MYBPC3):c.2534G>C (p.Arg845Pro)')",0.9991,LPath,True
MYBPC3,NM_000256.3(MYBPC3):c.2533C>G (p.Arg845Gly),845,Fibronectin type-III 1,97.0,5.452775955200195,13.0,1.0,True,0.5932130052270183,True,agree: both flag,Hypertrophic cardiomyopathy,"('MYBPC3', 'NM_000256.3(MYBPC3):c.2533C>G (p.Arg845Gly)')",0.9852,LPath,True
MYBPC3,NM_000256.3(MYBPC3):c.2533C>T (p.Arg845Cys),845,Fibronectin type-III 1,97.0,5.452775955200195,13.0,1.0,True,0.5932130052270183,True,agree: both flag,not specified; Hypertrophic cardiomyopathy,"('MYBPC3', 'NM_000256.3(MYBPC3):c.2533C>T (p.Arg845Cys)')",0.8231,LPath,True
MYBPC3,NM_000256.3(MYBPC3):c.2534G>T (p.Arg845Leu),845,Fibronectin type-III 1,97.0,5.452775955200195,13.0,1.0,True,0.5932130052270183,True,agree: both flag,Hypertrophic cardiomyopathy,"('MYBPC3', 'NM_000256.3(MYBPC3):c.2534G>T (p.Arg845Leu)')",0.9571,LPath,True
MYBPC3,NM_000256.3(MYBPC3):c.3551C>T (p.Thr1184Ile),1184,Ig-like C2-type 7,85.25,5.5782365798950195,20.0,1.0,True,0.5931448241012629,True,agree: both flag,Cardiovascular phenotype,"('MYBPC3', 'NM_000256.3(MYBPC3):c.3551C>T (p.Thr1184Ile)')",0.3348,LBen,False
MYBPC3,NM_000256.3(MYBPC3):c.3550A>G (p.Thr1184Ala),1184,Ig-like C2-type 7,85.25,5.5782365798950195,20.0,1.0,True,0.5931448241012629,True,agree: both flag,Hypertrophic cardiomyopathy,"('MYBPC3', 'NM_000256.3(MYBPC3):c.3550A>G (p.Thr1184Ala)')",0.1976,LBen,False
PMS2,NM_000535.7(PMS2):c.157A>T (p.Asn53Tyr),53,Unannotated / linker,97.19,5.538962364196777,17.0,1.0,True,0.5931128836911397,True,agree: both flag,Hereditary nonpolyposis colorectal neoplasms,"('PMS2', 'NM_000535.7(PMS2):c.157A>T (p.Asn53Tyr)')",0.1297,LBen,False
PMS2,NM_000535.7(PMS2):c.158A>C (p.Asn53Thr),53,Unannotated / linker,97.19,5.538962364196777,17.0,1.0,True,0.5931128836911397,True,agree: both flag,not provided,"('PMS2', 'NM_000535.7(PMS2):c.158A>C (p.Asn53Thr)')",0.0646,LBen,False
PMS2,NM_000535.7(PMS2):c.157A>C (p.Asn53His),53,Unannotated / linker,97.19,5.538962364196777,17.0,1.0,True,0.5931128836911397,True,agree: both flag,Hereditary nonpolyposis colorectal neoplasms,"('PMS2', 'NM_000535.7(PMS2):c.157A>C (p.Asn53His)')",0.0922,LBen,False
PMS2,NM_000535.7(PMS2):c.157A>G (p.Asn53Asp),53,Unannotated / linker,97.19,5.538962364196777,17.0,1.0,True,0.5931128836911397,True,agree: both flag,Hereditary nonpolyposis colorectal neoplasms; Hereditary cancer-predisposing syndrome,"('PMS2', 'NM_000535.7(PMS2):c.157A>G (p.Asn53Asp)')",0.1794,LBen,False
MSH2,NM_000251.3(MSH2):c.2450T>G (p.Val817Gly),817,Unannotated / linker,92.38,5.517914772033691,16.0,1.0,True,0.5929642592137961,True,agree: both flag,Hereditary cancer-predisposing syndrome,"('MSH2', 'NM_000251.3(MSH2):c.2450T>G (p.Val817Gly)')",0.9417,LPath,True
MSH2,NM_000251.3(MSH2):c.2450T>C (p.Val817Ala),817,Unannotated / linker,92.38,5.517914772033691,16.0,1.0,True,0.5929642592137961,True,agree: both flag,Hereditary cancer-predisposing syndrome,"('MSH2', 'NM_000251.3(MSH2):c.2450T>C (p.Val817Ala)')",0.9549,LPath,True
MSH6,NM_000179.3(MSH6):c.1541G>C (p.Cys514Ser),514,Unannotated / linker,96.88,5.819767951965332,32.0,1.0,True,0.5927877624876541,True,agree: both flag,Lynch syndrome,"('MSH6', 'NM_000179.3(MSH6):c.1541G>C (p.Cys514Ser)')",0.8767,LPath,True
MSH6,NM_000179.3(MSH6):c.1541G>A (p.Cys514Tyr),514,Unannotated / linker,96.88,5.819767951965332,32.0,1.0,True,0.5927877624876541,True,agree: both flag,Hereditary cancer-predisposing syndrome; Hereditary nonpolyposis colorectal neoplasms,"('MSH6', 'NM_000179.3(MSH6):c.1541G>A (p.Cys514Tyr)')",0.9891,LPath,True
MSH6,NM_000179.3(MSH6):c.1542T>G (p.Cys514Trp),514,Unannotated / linker,96.88,5.819767951965332,32.0,1.0,True,0.5927877624876541,True,agree: both flag,Hereditary nonpolyposis colorectal neoplasms; Hereditary cancer-predisposing syndrome,"('MSH6', 'NM_000179.3(MSH6):c.1542T>G (p.Cys514Trp)')",0.9934,LPath,True
ATP7A,NM_000052.7(ATP7A):c.3949G>C (p.Ala1317Pro),1317,Unannotated / linker,89.38,5.52806282043457,16.0,1.0,True,0.592611386220648,True,agree: both flag,"Menkes kinky-hair syndrome; X-linked distal spinal muscular atrophy type 3; Cutis laxa, X-linked","('ATP7A', 'NM_000052.7(ATP7A):c.3949G>C (p.Ala1317Pro)')",0.9992,LPath,True
ATP7A,NM_000052.7(ATP7A):c.3950C>A (p.Ala1317Asp),1317,Unannotated / linker,89.38,5.52806282043457,16.0,1.0,True,0.592611386220648,True,agree: both flag,not provided,"('ATP7A', 'NM_000052.7(ATP7A):c.3950C>A (p.Ala1317Asp)')",0.9993,LPath,True
SCN1A,NM_001165963.4(SCN1A):c.5092G>A (p.Glu1698Lys),1698,IV,84.5,5.841760635375977,34.0,1.0,True,0.5926071050889737,True,agree: both flag,"Migraine, familial hemiplegic, 3; Generalized epilepsy with febrile seizures plus, type 2; Developmental and epileptic encephalopathy 6B; Severe myoclonic epilepsy in infancy; Early-infantile DEE; not provided","('SCN1A', 'NM_001165963.4(SCN1A):c.5092G>A (p.Glu1698Lys)')",0.8825,LPath,True
SCN1A,NM_001165963.4(SCN1A):c.5093A>G (p.Glu1698Gly),1698,IV,84.5,5.841760635375977,34.0,1.0,True,0.5926071050889737,True,agree: both flag,not provided; Early-infantile DEE,"('SCN1A', 'NM_001165963.4(SCN1A):c.5093A>G (p.Glu1698Gly)')",0.5883,LPath,True
MSH6,NM_000179.3(MSH6):c.1537A>C (p.Ile513Leu),513,Unannotated / linker,97.69,5.812234401702881,31.0,1.0,True,0.5925861086498572,True,agree: both flag,Hereditary nonpolyposis colorectal neoplasms,"('MSH6', 'NM_000179.3(MSH6):c.1537A>C (p.Ile513Leu)')",0.1412,LBen,False
MSH6,NM_000179.3(MSH6):c.1538T>G (p.Ile513Ser),513,Unannotated / linker,97.69,5.812234401702881,31.0,1.0,True,0.5925861086498572,True,agree: both flag,Hereditary cancer-predisposing syndrome; Hereditary nonpolyposis colorectal neoplasms; not specified,"('MSH6', 'NM_000179.3(MSH6):c.1538T>G (p.Ile513Ser)')",0.8089,LPath,True
MSH6,NM_000179.3(MSH6):c.1539C>G (p.Ile513Met),513,Unannotated / linker,97.69,5.812234401702881,31.0,1.0,True,0.5925861086498572,True,agree: both flag,Hereditary nonpolyposis colorectal neoplasms; Hereditary cancer-predisposing syndrome,"('MSH6', 'NM_000179.3(MSH6):c.1539C>G (p.Ile513Met)')",0.2009,LBen,False
TSC2,NM_000548.5(TSC2):c.4814A>C (p.Gln1605Pro),1605,Rap-GAP,83.0,5.62052059173584,21.0,1.0,True,0.5924838543758892,True,agree: both flag,Hereditary cancer-predisposing syndrome; Tuberous sclerosis 2,"('TSC2', 'NM_000548.5(TSC2):c.4814A>C (p.Gln1605Pro)')",0.4822,Amb,False
TSC2,NM_000548.5(TSC2):c.4815G>T (p.Gln1605His),1605,Rap-GAP,83.0,5.62052059173584,21.0,1.0,True,0.5924838543758892,True,agree: both flag,Hereditary cancer-predisposing syndrome,"('TSC2', 'NM_000548.5(TSC2):c.4815G>T (p.Gln1605His)')",0.3987,Amb,False
TSC2,NM_000548.5(TSC2):c.2375T>C (p.Leu792Pro),792,Unannotated / linker,89.88,5.455044746398926,12.0,1.0,True,0.5924055988824289,True,agree: both flag,not provided; Tuberous sclerosis 2,"('TSC2', 'NM_000548.5(TSC2):c.2375T>C (p.Leu792Pro)')",0.9971,LPath,True
TSC2,NM_000548.5(TSC2):c.2374C>G (p.Leu792Val),792,Unannotated / linker,89.88,5.455044746398926,12.0,1.0,True,0.5924055988824289,True,agree: both flag,Tuberous sclerosis 2,"('TSC2', 'NM_000548.5(TSC2):c.2374C>G (p.Leu792Val)')",0.4723,Amb,False
MSH2,NM_000251.3(MSH2):c.534C>G (p.Phe178Leu),178,Unannotated / linker,91.44,5.563234806060791,17.0,1.0,True,0.5923168894549773,True,agree: both flag,Hereditary cancer-predisposing syndrome,"('MSH2', 'NM_000251.3(MSH2):c.534C>G (p.Phe178Leu)')",0.9805,LPath,True
MSH2,NM_000251.3(MSH2):c.533T>A (p.Phe178Tyr),178,Unannotated / linker,91.44,5.563234806060791,17.0,1.0,True,0.5923168894549773,True,agree: both flag,Hereditary nonpolyposis colorectal neoplasms; Hereditary cancer-predisposing syndrome; not provided,"('MSH2', 'NM_000251.3(MSH2):c.533T>A (p.Phe178Tyr)')",0.6317,LPath,True
MSH2,NM_000251.3(MSH2):c.534C>A (p.Phe178Leu),178,Unannotated / linker,91.44,5.563234806060791,17.0,1.0,True,0.5923168894549773,True,agree: both flag,Hereditary nonpolyposis colorectal neoplasms; Hereditary cancer-predisposing syndrome,"('MSH2', 'NM_000251.3(MSH2):c.534C>A (p.Phe178Leu)')",0.9805,LPath,True
MSH2,NM_000251.3(MSH2):c.532T>C (p.Phe178Leu),178,Unannotated / linker,91.44,5.563234806060791,17.0,1.0,True,0.5923168894549773,True,agree: both flag,Hereditary cancer-predisposing syndrome,"('MSH2', 'NM_000251.3(MSH2):c.532T>C (p.Phe178Leu)')",0.9805,LPath,True
PMS2,NM_000535.7(PMS2):c.722C>G (p.Pro241Arg),241,Unannotated / linker,95.88,5.824075222015381,30.0,1.0,True,0.5917805611293364,True,agree: both flag,Hereditary cancer-predisposing syndrome; Hereditary nonpolyposis colorectal neoplasms,"('PMS2', 'NM_000535.7(PMS2):c.722C>G (p.Pro241Arg)')",0.1687,LBen,False
PMS2,NM_000535.7(PMS2):c.721C>G (p.Pro241Ala),241,Unannotated / linker,95.88,5.824075222015381,30.0,1.0,True,0.5917805611293364,True,agree: both flag,Hereditary nonpolyposis colorectal neoplasms; Hereditary cancer-predisposing syndrome; Lynch syndrome; not provided,"('PMS2', 'NM_000535.7(PMS2):c.721C>G (p.Pro241Ala)')",0.0912,LBen,False
PMS2,NM_000535.7(PMS2):c.721C>T (p.Pro241Ser),241,Unannotated / linker,95.88,5.824075222015381,30.0,1.0,True,0.5917805611293364,True,agree: both flag,Hereditary cancer-predisposing syndrome,"('PMS2', 'NM_000535.7(PMS2):c.721C>T (p.Pro241Ser)')",0.1,LBen,False
PMS2,NM_000535.7(PMS2):c.721C>A (p.Pro241Thr),241,Unannotated / linker,95.88,5.824075222015381,30.0,1.0,True,0.5917805611293364,True,agree: both flag,Hereditary nonpolyposis colorectal neoplasms,"('PMS2', 'NM_000535.7(PMS2):c.721C>A (p.Pro241Thr)')",0.1174,LBen,False
PMS2,NM_000535.7(PMS2):c.722C>T (p.Pro241Leu),241,Unannotated / linker,95.88,5.824075222015381,30.0,1.0,True,0.5917805611293364,True,agree: both flag,Hereditary nonpolyposis colorectal neoplasms; Hereditary cancer-predisposing syndrome; Lynch syndrome 4,"('PMS2', 'NM_000535.7(PMS2):c.722C>T (p.Pro241Leu)')",0.1686,LBen,False
COL2A1,NM_001844.5(COL2A1):c.135T>G (p.Asp45Glu),45,VWFC,84.75,5.477580547332764,12.0,1.0,True,0.591693228445938,True,agree: both flag,not provided,"('COL2A1', 'NM_001844.5(COL2A1):c.135T>G (p.Asp45Glu)')",0.4352,Amb,False
MYO7A,NM_000260.4(MYO7A):c.6454C>T (p.His2152Tyr),2152,FERM 2,88.56,5.546158313751221,15.0,1.0,True,0.5916689714019525,True,agree: both flag,not provided,"('MYO7A', 'NM_000260.4(MYO7A):c.6454C>T (p.His2152Tyr)')",0.1173,LBen,False
MYO7A,NM_000260.4(MYO7A):c.2629G>C (p.Glu877Gln),877,SAH,67.94,5.55970573425293,16.0,1.0,True,0.5910710689336753,True,agree: both flag,not provided,"('MYO7A', 'NM_000260.4(MYO7A):c.2629G>C (p.Glu877Gln)')",0.4658,Amb,False
MLH1,NM_000249.4(MLH1):c.1582C>T (p.His528Tyr),528,Interaction with EXO1,92.81,5.568564414978027,14.0,1.0,True,0.5908158028418585,True,agree: both flag,Hereditary nonpolyposis colorectal neoplasms; Hereditary cancer-predisposing syndrome; not provided; Lynch syndrome,"('MLH1', 'NM_000249.4(MLH1):c.1582C>T (p.His528Tyr)')",0.2725,LBen,False
MLH1,NM_000249.4(MLH1):c.1583A>G (p.His528Arg),528,Interaction with EXO1,92.81,5.568564414978027,14.0,1.0,True,0.5908158028418585,True,agree: both flag,Hereditary nonpolyposis colorectal neoplasms; Hereditary cancer-predisposing syndrome,"('MLH1', 'NM_000249.4(MLH1):c.1583A>G (p.His528Arg)')",0.6918,LPath,True
MLH1,NM_000249.4(MLH1):c.1584C>G (p.His528Gln),528,Interaction with EXO1,92.81,5.568564414978027,14.0,1.0,True,0.5908158028418585,True,agree: both flag,Hereditary cancer-predisposing syndrome,"('MLH1', 'NM_000249.4(MLH1):c.1584C>G (p.His528Gln)')",0.5726,LPath,True
MSH2,NM_000251.3(MSH2):c.2461G>C (p.Val821Leu),821,Unannotated / linker,81.75,5.670291423797607,20.0,1.0,True,0.5907478607660644,True,agree: both flag,Hereditary cancer-predisposing syndrome; Hereditary nonpolyposis colorectal neoplasms,"('MSH2', 'NM_000251.3(MSH2):c.2461G>C (p.Val821Leu)')",0.5423,Amb,False
MYBPC3,NM_000256.3(MYBPC3):c.758A>G (p.Asn253Ser),253,Ig-like C2-type 1,87.88,5.6152496337890625,16.0,1.0,True,0.5904651898926135,True,agree: both flag,not specified; Cardiomyopathy; Hypertrophic cardiomyopathy,"('MYBPC3', 'NM_000256.3(MYBPC3):c.758A>G (p.Asn253Ser)')",0.1247,LBen,False
MYBPC3,NM_000256.3(MYBPC3):c.757A>G (p.Asn253Asp),253,Ig-like C2-type 1,87.88,5.6152496337890625,16.0,1.0,True,0.5904651898926135,True,agree: both flag,Hypertrophic cardiomyopathy,"('MYBPC3', 'NM_000256.3(MYBPC3):c.757A>G (p.Asn253Asp)')",0.3195,LBen,False
BRCA1,NM_007294.4(BRCA1):c.5374G>C (p.Val1792Leu),1792,BRCT domain 2,93.06,5.815847396850586,26.0,1.0,True,0.5901717087169656,True,agree: both flag,Hereditary cancer-predisposing syndrome,"('BRCA1', 'NM_007294.4(BRCA1):c.5374G>C (p.Val1792Leu)')",0.3969,Amb,False
BRCA1,NM_007294.4(BRCA1):c.5375T>A (p.Val1792Glu),1792,BRCT domain 2,93.06,5.815847396850586,26.0,1.0,True,0.5901717087169656,True,agree: both flag,not specified,"('BRCA1', 'NM_007294.4(BRCA1):c.5375T>A (p.Val1792Glu)')",0.5307,Amb,False
LDLR,NM_000527.5(LDLR):c.1367T>A (p.Leu456His),456,LDL-receptor class B 2,85.62,5.653194427490234,17.0,1.0,True,0.5899331460455289,True,agree: both flag,"Hypercholesterolemia, familial, 1","('LDLR', 'NM_000527.5(LDLR):c.1367T>A (p.Leu456His)')",0.641,LPath,True
LDLR,NM_000527.5(LDLR):c.1367T>C (p.Leu456Pro),456,LDL-receptor class B 2,85.62,5.653194427490234,17.0,1.0,True,0.5899331460455289,True,agree: both flag,"Hypercholesterolemia, familial, 1","('LDLR', 'NM_000527.5(LDLR):c.1367T>C (p.Leu456Pro)')",0.2775,LBen,False
LDLR,NM_000527.5(LDLR):c.1366C>T (p.Leu456Phe),456,LDL-receptor class B 2,85.62,5.653194427490234,17.0,1.0,True,0.5899331460455289,True,agree: both flag,"Hypercholesterolemia, familial, 1","('LDLR', 'NM_000527.5(LDLR):c.1366C>T (p.Leu456Phe)')",0.1794,LBen,False
MSH2,NM_000251.3(MSH2):c.1533T>G (p.Ile511Met),511,Unannotated / linker,88.56,5.589034080505371,13.0,1.0,True,0.5897064065231139,True,agree: both flag,Hereditary cancer-predisposing syndrome; Hereditary nonpolyposis colorectal neoplasms; Lynch syndrome 1,"('MSH2', 'NM_000251.3(MSH2):c.1533T>G (p.Ile511Met)')",0.1947,LBen,False
MSH2,NM_000251.3(MSH2):c.1531A>T (p.Ile511Phe),511,Unannotated / linker,88.56,5.589034080505371,13.0,1.0,True,0.5897064065231139,True,agree: both flag,Hereditary cancer-predisposing syndrome,"('MSH2', 'NM_000251.3(MSH2):c.1531A>T (p.Ile511Phe)')",0.7446,LPath,True
MSH2,NM_000251.3(MSH2):c.1532T>G (p.Ile511Ser),511,Unannotated / linker,88.56,5.589034080505371,13.0,1.0,True,0.5897064065231139,True,agree: both flag,Hereditary nonpolyposis colorectal neoplasms,"('MSH2', 'NM_000251.3(MSH2):c.1532T>G (p.Ile511Ser)')",0.9776,LPath,True
ABCA4,NM_000350.3(ABCA4):c.3695T>C (p.Leu1232Pro),1232,Unannotated / linker,83.19,5.586799144744873,13.0,1.0,True,0.5895630210409213,True,agree: both flag,not provided,"('ABCA4', 'NM_000350.3(ABCA4):c.3695T>C (p.Leu1232Pro)')",0.9371,LPath,True
PMS2,NM_000535.7(PMS2):c.2422G>A (p.Ala808Thr),808,Unannotated / linker,87.56,5.992193698883057,36.0,1.0,True,0.5895159177568511,True,agree: both flag,Hereditary nonpolyposis colorectal neoplasms; Lynch syndrome 4; Mismatch repair cancer syndrome 4; Hereditary cancer-predisposing syndrome,"('PMS2', 'NM_000535.7(PMS2):c.2422G>A (p.Ala808Thr)')",0.9058,LPath,True
PMS2,NM_000535.7(PMS2):c.2423C>T (p.Ala808Val),808,Unannotated / linker,87.56,5.992193698883057,36.0,1.0,True,0.5895159177568511,True,agree: both flag,Hereditary cancer-predisposing syndrome,"('PMS2', 'NM_000535.7(PMS2):c.2423C>T (p.Ala808Val)')",0.9231,LPath,True
RET,NM_020975.6(RET):c.1585G>A (p.Glu529Lys),529,Unannotated / linker,93.56,5.588988780975342,12.0,1.0,True,0.5894188274791861,True,agree: both flag,"Multiple endocrine neoplasia, type 2","('RET', 'NM_020975.6(RET):c.1585G>A (p.Glu529Lys)')",0.2916,LBen,False
RET,NM_020975.6(RET):c.1676C>T (p.Ser559Phe),559,Unannotated / linker,97.25,5.7112555503845215,18.0,1.0,True,0.5894075078663292,True,agree: both flag,Hereditary cancer-predisposing syndrome,"('RET', 'NM_020975.6(RET):c.1676C>T (p.Ser559Phe)')",0.865,LPath,True
RET,NM_020975.6(RET):c.1675T>A (p.Ser559Thr),559,Unannotated / linker,97.25,5.7112555503845215,18.0,1.0,True,0.5894075078663292,True,agree: both flag,Hereditary cancer-predisposing syndrome,"('RET', 'NM_020975.6(RET):c.1675T>A (p.Ser559Thr)')",0.136,LBen,False
ABCA4,NM_000350.3(ABCA4):c.6161G>T (p.Ser2054Ile),2054,ABC transporter 2,85.44,5.880975246429443,28.0,1.0,True,0.5890768658809403,True,agree: both flag,not provided,"('ABCA4', 'NM_000350.3(ABCA4):c.6161G>T (p.Ser2054Ile)')",0.2425,LBen,False
BRCA1,NM_007294.4(BRCA1):c.5032A>G (p.Asn1678Asp),1678,BRCT domain 1,91.56,5.8403449058532715,25.0,1.0,True,0.5890666208169466,True,agree: both flag,Hereditary cancer-predisposing syndrome,"('BRCA1', 'NM_007294.4(BRCA1):c.5032A>G (p.Asn1678Asp)')",0.0696,LBen,False
BRCA1,NM_007294.4(BRCA1):c.5032A>T (p.Asn1678Tyr),1678,BRCT domain 1,91.56,5.8403449058532715,25.0,1.0,True,0.5890666208169466,True,agree: both flag,Hereditary breast ovarian cancer syndrome,"('BRCA1', 'NM_007294.4(BRCA1):c.5032A>T (p.Asn1678Tyr)')",0.1644,LBen,False
BRCA1,NM_007294.4(BRCA1):c.5033A>G (p.Asn1678Ser),1678,BRCT domain 1,91.56,5.8403449058532715,25.0,1.0,True,0.5890666208169466,True,agree: both flag,Hereditary breast ovarian cancer syndrome,"('BRCA1', 'NM_007294.4(BRCA1):c.5033A>G (p.Asn1678Ser)')",0.081,LBen,False
BRCA1,NM_007294.4(BRCA1):c.5034T>G (p.Asn1678Lys),1678,BRCT domain 1,91.56,5.8403449058532715,25.0,1.0,True,0.5890666208169466,True,agree: both flag,Hereditary breast ovarian cancer syndrome,"('BRCA1', 'NM_007294.4(BRCA1):c.5034T>G (p.Asn1678Lys)')",0.2192,LBen,False
MLH1,NM_000249.4(MLH1):c.428C>A (p.Ala143Asp),143,Unannotated / linker,93.25,5.72310209274292,18.0,1.0,True,0.5889745105939489,True,agree: both flag,Hereditary cancer-predisposing syndrome,"('MLH1', 'NM_000249.4(MLH1):c.428C>A (p.Ala143Asp)')",0.9989,LPath,True
MLH1,NM_000249.4(MLH1):c.427G>T (p.Ala143Ser),143,Unannotated / linker,93.25,5.72310209274292,18.0,1.0,True,0.5889745105939489,True,agree: both flag,Hereditary cancer-predisposing syndrome; Hereditary nonpolyposis colorectal neoplasms,"('MLH1', 'NM_000249.4(MLH1):c.427G>T (p.Ala143Ser)')",0.576,LPath,True
MLH1,NM_000249.4(MLH1):c.427G>A (p.Ala143Thr),143,Unannotated / linker,93.25,5.72310209274292,18.0,1.0,True,0.5889745105939489,True,agree: both flag,not provided; Hereditary cancer-predisposing syndrome,"('MLH1', 'NM_000249.4(MLH1):c.427G>A (p.Ala143Thr)')",0.9341,LPath,True
MLH1,NM_000249.4(MLH1):c.428C>T (p.Ala143Val),143,Unannotated / linker,93.25,5.72310209274292,18.0,1.0,True,0.5889745105939489,True,agree: both flag,Hereditary cancer-predisposing syndrome; Hereditary nonpolyposis colorectal neoplasms,"('MLH1', 'NM_000249.4(MLH1):c.428C>T (p.Ala143Val)')",0.951,LPath,True
MLH1,NM_000249.4(MLH1):c.427G>C (p.Ala143Pro),143,Unannotated / linker,93.25,5.72310209274292,18.0,1.0,True,0.5889745105939489,True,agree: both flag,Hereditary cancer-predisposing syndrome,"('MLH1', 'NM_000249.4(MLH1):c.427G>C (p.Ala143Pro)')",0.9308,LPath,True
MSH6,NM_000179.3(MSH6):c.2938G>C (p.Glu980Gln),980,Unannotated / linker,89.81,5.631503105163574,13.0,1.0,True,0.5887564918241964,True,agree: both flag,Hereditary nonpolyposis colorectal neoplasms,"('MSH6', 'NM_000179.3(MSH6):c.2938G>C (p.Glu980Gln)')",0.6764,LPath,True
MSH6,NM_000179.3(MSH6):c.2939A>G (p.Glu980Gly),980,Unannotated / linker,89.81,5.631503105163574,13.0,1.0,True,0.5887564918241964,True,agree: both flag,Hereditary cancer-predisposing syndrome,"('MSH6', 'NM_000179.3(MSH6):c.2939A>G (p.Glu980Gly)')",0.9649,LPath,True
MSH6,NM_000179.3(MSH6):c.2938G>A (p.Glu980Lys),980,Unannotated / linker,89.81,5.631503105163574,13.0,1.0,True,0.5887564918241964,True,agree: both flag,Hereditary cancer-predisposing syndrome,"('MSH6', 'NM_000179.3(MSH6):c.2938G>A (p.Glu980Lys)')",0.9771,LPath,True
RET,NM_020975.6(RET):c.196T>A (p.Phe66Ile),66,Cadherin-like region 1 (CLD1),91.62,5.898731231689453,27.0,1.0,True,0.5884285700070437,True,agree: both flag,Hereditary cancer-predisposing syndrome,"('RET', 'NM_020975.6(RET):c.196T>A (p.Phe66Ile)')",0.7787,LPath,True
MYBPC3,NM_000256.3(MYBPC3):c.752A>T (p.Asn251Ile),251,Ig-like C2-type 1,88.69,5.672264575958252,14.0,1.0,True,0.5882172260245597,True,agree: both flag,not provided; Cardiomyopathy; Hypertrophic cardiomyopathy; Cardiovascular phenotype,"('MYBPC3', 'NM_000256.3(MYBPC3):c.752A>T (p.Asn251Ile)')",0.5671,LPath,True
MLH1,NM_000249.4(MLH1):c.647T>C (p.Ile216Thr),216,Unannotated / linker,94.88,5.977443695068359,31.0,1.0,True,0.5881583551403139,True,agree: both flag,Hereditary nonpolyposis colorectal neoplasms; Hereditary cancer-predisposing syndrome,"('MLH1', 'NM_000249.4(MLH1):c.647T>C (p.Ile216Thr)')",0.9482,LPath,True
MLH1,NM_000249.4(MLH1):c.646A>G (p.Ile216Val),216,Unannotated / linker,94.88,5.977443695068359,31.0,1.0,True,0.5881583551403139,True,agree: both flag,Hereditary nonpolyposis colorectal neoplasms; Hereditary cancer-predisposing syndrome,"('MLH1', 'NM_000249.4(MLH1):c.646A>G (p.Ile216Val)')",0.141,LBen,False
MLH1,NM_000249.4(MLH1):c.646A>C (p.Ile216Leu),216,Unannotated / linker,94.88,5.977443695068359,31.0,1.0,True,0.5881583551403139,True,agree: both flag,Hereditary cancer-predisposing syndrome,"('MLH1', 'NM_000249.4(MLH1):c.646A>C (p.Ile216Leu)')",0.2887,LBen,False
MLH1,NM_000249.4(MLH1):c.647T>A (p.Ile216Asn),216,Unannotated / linker,94.88,5.977443695068359,31.0,1.0,True,0.5881583551403139,True,agree: both flag,Hereditary cancer-predisposing syndrome,"('MLH1', 'NM_000249.4(MLH1):c.647T>A (p.Ile216Asn)')",0.9958,LPath,True
ENG,NM_001114753.3(ENG):c.1273G>A (p.Ala425Thr),425,ZP,90.25,5.654905319213867,12.0,1.0,True,0.5877648643618965,True,agree: both flag,Hereditary hemorrhagic telangiectasia,"('ENG', 'NM_001114753.3(ENG):c.1273G>A (p.Ala425Thr)')",0.1615,LBen,False
ENG,NM_001114753.3(ENG):c.1274C>A (p.Ala425Glu),425,ZP,90.25,5.654905319213867,12.0,1.0,True,0.5877648643618965,True,agree: both flag,Cardiovascular phenotype; Hereditary hemorrhagic telangiectasia,"('ENG', 'NM_001114753.3(ENG):c.1274C>A (p.Ala425Glu)')",0.6952,LPath,True
ENG,NM_001114753.3(ENG):c.1274C>T (p.Ala425Val),425,ZP,90.25,5.654905319213867,12.0,1.0,True,0.5877648643618965,True,agree: both flag,"Hereditary hemorrhagic telangiectasia; Telangiectasia, hereditary hemorrhagic, type 1","('ENG', 'NM_001114753.3(ENG):c.1274C>T (p.Ala425Val)')",0.0513,LBen,False
MYO7A,NM_000260.4(MYO7A):c.205G>A (p.Asp69Asn),69,Myosin motor,85.19,5.924177646636963,27.0,1.0,True,0.5875440107768453,True,agree: both flag,Inborn genetic diseases,"('MYO7A', 'NM_000260.4(MYO7A):c.205G>A (p.Asp69Asn)')",0.9465,LPath,True
PTEN,NM_000314.8(PTEN):c.260A>T (p.Gln87Leu),87,Phosphatase (tensin-type) domain,98.25,5.815716743469238,19.0,1.0,True,0.5873472957334613,True,agree: both flag,"Prostate cancer, hereditary, 1","('PTEN', 'NM_000314.8(PTEN):c.260A>T (p.Gln87Leu)')",0.2077,LBen,False
MLH1,NM_000249.4(MLH1):c.341C>T (p.Thr114Ile),114,Unannotated / linker,97.06,5.723090648651123,14.0,1.0,True,0.5873248090662612,True,agree: both flag,Hereditary nonpolyposis colorectal neoplasms; Hereditary cancer-predisposing syndrome,"('MLH1', 'NM_000249.4(MLH1):c.341C>T (p.Thr114Ile)')",0.3171,LBen,False
MLH1,NM_000249.4(MLH1):c.340A>G (p.Thr114Ala),114,Unannotated / linker,97.06,5.723090648651123,14.0,1.0,True,0.5873248090662612,True,agree: both flag,Hereditary nonpolyposis colorectal neoplasms; not provided; Hereditary cancer-predisposing syndrome,"('MLH1', 'NM_000249.4(MLH1):c.340A>G (p.Thr114Ala)')",0.1133,LBen,False
MSH2,NM_000251.3(MSH2):c.677A>G (p.Glu226Gly),226,Unannotated / linker,89.81,5.925457000732422,26.0,1.0,True,0.5872670219809124,True,agree: both flag,Hereditary nonpolyposis colorectal neoplasms,"('MSH2', 'NM_000251.3(MSH2):c.677A>G (p.Glu226Gly)')",0.2726,LBen,False
VHL,NM_000551.4(VHL):c.413C>T (p.Pro138Leu),138,Involved in binding to CCT complex,97.69,5.90603494644165,24.0,1.0,True,0.5872151400458776,True,agree: both flag,Hereditary cancer-predisposing syndrome; Chuvash polycythemia; Von Hippel-Lindau syndrome; not provided; Von Hippel-Lindau syndrome,"('VHL', 'NM_000551.4(VHL):c.413C>T (p.Pro138Leu)')",0.9268,LPath,True
MYO7A,NM_000260.4(MYO7A):c.5786A>G (p.Gln1929Arg),1929,FERM 2,90.25,5.660947799682617,11.0,1.0,True,0.5871658165856933,True,agree: both flag,not provided; Hearing impairment,"('MYO7A', 'NM_000260.4(MYO7A):c.5786A>G (p.Gln1929Arg)')",0.1236,LBen,False
ENG,NM_001114753.3(ENG):c.1528C>T (p.Arg510Trp),510,ZP,87.62,5.835883140563965,20.0,1.0,True,0.5868965595627104,True,agree: both flag,Hereditary hemorrhagic telangiectasia,"('ENG', 'NM_001114753.3(ENG):c.1528C>T (p.Arg510Trp)')",0.111,LBen,False
ENG,NM_001114753.3(ENG):c.1529G>T (p.Arg510Leu),510,ZP,87.62,5.835883140563965,20.0,1.0,True,0.5868965595627104,True,agree: both flag,Cardiovascular phenotype,"('ENG', 'NM_001114753.3(ENG):c.1529G>T (p.Arg510Leu)')",0.1541,LBen,False
MYO7A,NM_000260.4(MYO7A):c.1611C>A (p.Asn537Lys),537,Myosin motor,88.69,5.730495452880859,14.0,1.0,True,0.5868446159282651,True,agree: both flag,not provided; Inborn genetic diseases,"('MYO7A', 'NM_000260.4(MYO7A):c.1611C>A (p.Asn537Lys)')",0.4365,Amb,False
MYO7A,NM_000260.4(MYO7A):c.1610A>G (p.Asn537Ser),537,Myosin motor,88.69,5.730495452880859,14.0,1.0,True,0.5868446159282651,True,agree: both flag,not provided,"('MYO7A', 'NM_000260.4(MYO7A):c.1610A>G (p.Asn537Ser)')",0.0828,LBen,False
MSH6,NM_000179.3(MSH6):c.1673T>G (p.Val558Gly),558,Unannotated / linker,98.12,5.809812545776367,17.0,1.0,True,0.586621100424393,True,agree: both flag,Hereditary cancer-predisposing syndrome,"('MSH6', 'NM_000179.3(MSH6):c.1673T>G (p.Val558Gly)')",0.7499,LPath,True
MSH6,NM_000179.3(MSH6):c.1673T>C (p.Val558Ala),558,Unannotated / linker,98.12,5.809812545776367,17.0,1.0,True,0.586621100424393,True,agree: both flag,Hereditary nonpolyposis colorectal neoplasms; Hereditary cancer-predisposing syndrome,"('MSH6', 'NM_000179.3(MSH6):c.1673T>C (p.Val558Ala)')",0.5558,Amb,False
MSH6,NM_000179.3(MSH6):c.1672G>A (p.Val558Met),558,Unannotated / linker,98.12,5.809812545776367,17.0,1.0,True,0.586621100424393,True,agree: both flag,Hereditary nonpolyposis colorectal neoplasms; Hereditary cancer-predisposing syndrome,"('MSH6', 'NM_000179.3(MSH6):c.1672G>A (p.Val558Met)')",0.4568,Amb,False
MSH6,NM_000179.3(MSH6):c.1672G>T (p.Val558Leu),558,Unannotated / linker,98.12,5.809812545776367,17.0,1.0,True,0.586621100424393,True,agree: both flag,Hereditary cancer-predisposing syndrome,"('MSH6', 'NM_000179.3(MSH6):c.1672G>T (p.Val558Leu)')",0.4653,Amb,False
ATP7A,NM_000052.7(ATP7A):c.3974C>T (p.Ala1325Val),1325,Unannotated / linker,73.81,5.897475242614746,24.0,1.0,True,0.5865573123446975,True,agree: both flag,Menkes kinky-hair syndrome,"('ATP7A', 'NM_000052.7(ATP7A):c.3974C>T (p.Ala1325Val)')",0.9904,LPath,True
MYO7A,NM_000260.4(MYO7A):c.25C>A (p.His9Asn),9,Unannotated / linker,82.0,5.809078216552734,17.0,1.0,True,0.58604955650622,True,agree: both flag,Usher syndrome type 1B,"('MYO7A', 'NM_000260.4(MYO7A):c.25C>A (p.His9Asn)')",0.2116,LBen,False
MLH1,NM_000249.4(MLH1):c.180G>T (p.Gln60His),60,Unannotated / linker,97.31,5.749851226806641,11.0,1.0,True,0.5853739941174594,True,agree: both flag,Hereditary nonpolyposis colorectal neoplasms,"('MLH1', 'NM_000249.4(MLH1):c.180G>T (p.Gln60His)')",0.566,LPath,True
RET,NM_020975.6(RET):c.161A>G (p.His54Arg),54,Cadherin-like region 1 (CLD1),95.0,5.9430084228515625,22.0,1.0,True,0.5853694419683267,True,agree: both flag,"Hereditary cancer-predisposing syndrome; not provided; Multiple endocrine neoplasia, type 2","('RET', 'NM_020975.6(RET):c.161A>G (p.His54Arg)')",0.1367,LBen,False
RET,NM_020975.6(RET):c.160C>T (p.His54Tyr),54,Cadherin-like region 1 (CLD1),95.0,5.9430084228515625,22.0,1.0,True,0.5853694419683267,True,agree: both flag,"Hereditary cancer-predisposing syndrome; Multiple endocrine neoplasia, type 2","('RET', 'NM_020975.6(RET):c.160C>T (p.His54Tyr)')",0.151,LBen,False
SCN2A,NM_001040142.2(SCN2A):c.5195A>C (p.Asp1732Ala),1732,IV,89.94,5.7772440910339355,12.0,1.0,True,0.5849121211026279,True,agree: both flag,Inborn genetic diseases,"('SCN2A', 'NM_001040142.2(SCN2A):c.5195A>C (p.Asp1732Ala)')",0.3139,LBen,False
SCN2A,NM_001040142.2(SCN2A):c.5196C>A (p.Asp1732Glu),1732,IV,89.94,5.7772440910339355,12.0,1.0,True,0.5849121211026279,True,agree: both flag,"Seizures, benign familial infantile, 3; Developmental and epileptic encephalopathy, 11","('SCN2A', 'NM_001040142.2(SCN2A):c.5196C>A (p.Asp1732Glu)')",0.3487,Amb,False
ABCA4,NM_000350.3(ABCA4):c.4907A>G (p.Asn1636Ser),1636,Unannotated / linker,90.5,5.873465538024902,17.0,1.0,True,0.5848152843380987,True,agree: both flag,Retinal dystrophy,"('ABCA4', 'NM_000350.3(ABCA4):c.4907A>G (p.Asn1636Ser)')",0.1761,LBen,False
MLH1,NM_000249.4(MLH1):c.421C>A (p.Pro141Thr),141,Unannotated / linker,95.69,5.866688251495361,16.0,1.0,True,0.5847440996033867,True,agree: both flag,Hereditary nonpolyposis colorectal neoplasms,"('MLH1', 'NM_000249.4(MLH1):c.421C>A (p.Pro141Thr)')",0.299,LBen,False
MLH1,NM_000249.4(MLH1):c.422C>G (p.Pro141Arg),141,Unannotated / linker,95.69,5.866688251495361,16.0,1.0,True,0.5847440996033867,True,agree: both flag,Hereditary nonpolyposis colorectal neoplasms; Hereditary cancer-predisposing syndrome; Lynch syndrome,"('MLH1', 'NM_000249.4(MLH1):c.422C>G (p.Pro141Arg)')",0.414,Amb,False
MLH1,NM_000249.4(MLH1):c.422C>T (p.Pro141Leu),141,Unannotated / linker,95.69,5.866688251495361,16.0,1.0,True,0.5847440996033867,True,agree: both flag,Hereditary nonpolyposis colorectal neoplasms; Hereditary cancer-predisposing syndrome; not provided; Lynch syndrome,"('MLH1', 'NM_000249.4(MLH1):c.422C>T (p.Pro141Leu)')",0.2162,LBen,False
MLH1,NM_000249.4(MLH1):c.421C>T (p.Pro141Ser),141,Unannotated / linker,95.69,5.866688251495361,16.0,1.0,True,0.5847440996033867,True,agree: both flag,Hereditary nonpolyposis colorectal neoplasms,"('MLH1', 'NM_000249.4(MLH1):c.421C>T (p.Pro141Ser)')",0.2721,LBen,False
TSC2,NM_000548.5(TSC2):c.5089A>G (p.Thr1697Ala),1697,Rap-GAP,75.94,5.779774188995361,11.0,1.0,True,0.5839024633788148,True,agree: both flag,Hereditary cancer-predisposing syndrome; Tuberous sclerosis 2,"('TSC2', 'NM_000548.5(TSC2):c.5089A>G (p.Thr1697Ala)')",0.1267,LBen,False
TSC2,NM_000548.5(TSC2):c.5090C>G (p.Thr1697Ser),1697,Rap-GAP,75.94,5.779774188995361,11.0,1.0,True,0.5839024633788148,True,agree: both flag,Isolated focal cortical dysplasia type II; Tuberous sclerosis syndrome; Tuberous sclerosis 2,"('TSC2', 'NM_000548.5(TSC2):c.5090C>G (p.Thr1697Ser)')",0.1932,LBen,False
MYBPC3,NM_000256.3(MYBPC3):c.2423T>C (p.Leu808Pro),808,Fibronectin type-III 1,95.31,5.836622714996338,12.0,1.0,True,0.5837315229006522,True,agree: both flag,Cardiomyopathy,"('MYBPC3', 'NM_000256.3(MYBPC3):c.2423T>C (p.Leu808Pro)')",0.9955,LPath,True
MYO7A,NM_000260.4(MYO7A):c.701A>G (p.Gln234Arg),234,Myosin motor,85.69,5.967069149017334,20.0,1.0,True,0.5836197418842235,True,agree: both flag,Autosomal dominant nonsyndromic hearing loss 11; Autosomal recessive nonsyndromic hearing loss 2; Usher syndrome type 1,"('MYO7A', 'NM_000260.4(MYO7A):c.701A>G (p.Gln234Arg)')",0.8655,LPath,True
MYO7A,NM_000260.4(MYO7A):c.1615A>T (p.Ile539Phe),539,Myosin motor,90.38,5.8638997077941895,12.0,1.0,True,0.5829187240430427,True,agree: both flag,not provided,"('MYO7A', 'NM_000260.4(MYO7A):c.1615A>T (p.Ile539Phe)')",0.1088,LBen,False
MYO7A,NM_000260.4(MYO7A):c.1617C>G (p.Ile539Met),539,Myosin motor,90.38,5.8638997077941895,12.0,1.0,True,0.5829187240430427,True,agree: both flag,not specified; not provided,"('MYO7A', 'NM_000260.4(MYO7A):c.1617C>G (p.Ile539Met)')",0.1067,LBen,False
MYO7A,NM_000260.4(MYO7A):c.1615A>G (p.Ile539Val),539,Myosin motor,90.38,5.8638997077941895,12.0,1.0,True,0.5829187240430427,True,agree: both flag,not provided,"('MYO7A', 'NM_000260.4(MYO7A):c.1615A>G (p.Ile539Val)')",0.0768,LBen,False
MSH6,NM_000179.3(MSH6):c.2275C>G (p.Leu759Val),759,Unannotated / linker,91.5,5.91174840927124,14.0,1.0,True,0.5826848750447242,True,agree: both flag,not provided; Lynch syndrome 5; Hereditary nonpolyposis colorectal neoplasms; Endometrial carcinoma; Hereditary cancer-predisposing syndrome,"('MSH6', 'NM_000179.3(MSH6):c.2275C>G (p.Leu759Val)')",0.1558,LBen,False
ENG,NM_001114753.3(ENG):c.839A>G (p.Lys280Arg),280,Required for interaction with GDF2,88.56,5.963763236999512,17.0,1.0,True,0.5825814567777005,True,agree: both flag,Cardiovascular phenotype; Hereditary hemorrhagic telangiectasia,"('ENG', 'NM_001114753.3(ENG):c.839A>G (p.Lys280Arg)')",0.1286,LBen,False
MLH1,NM_000249.4(MLH1):c.686T>G (p.Ile229Arg),229,Unannotated / linker,93.62,5.997897148132324,18.0,1.0,True,0.5823533110178044,True,agree: both flag,Hereditary nonpolyposis colorectal neoplasms,"('MLH1', 'NM_000249.4(MLH1):c.686T>G (p.Ile229Arg)')",0.5759,LPath,True
MLH1,NM_000249.4(MLH1):c.684_685delinsTT (p.Ile229Leu),229,Unannotated / linker,93.62,5.997897148132324,18.0,1.0,True,0.5823533110178044,True,agree: both flag,Hereditary nonpolyposis colorectal neoplasms,"('MLH1', 'NM_000249.4(MLH1):c.684_685delinsTT (p.Ile229Leu)')",0.0714,LBen,False
MLH1,NM_000249.4(MLH1):c.687A>G (p.Ile229Met),229,Unannotated / linker,93.62,5.997897148132324,18.0,1.0,True,0.5823533110178044,True,agree: both flag,Hereditary cancer-predisposing syndrome,"('MLH1', 'NM_000249.4(MLH1):c.687A>G (p.Ile229Met)')",0.0723,LBen,False
MLH1,NM_000249.4(MLH1):c.686T>C (p.Ile229Thr),229,Unannotated / linker,93.62,5.997897148132324,18.0,1.0,True,0.5823533110178044,True,agree: both flag,Hereditary cancer-predisposing syndrome; Hereditary nonpolyposis colorectal neoplasms,"('MLH1', 'NM_000249.4(MLH1):c.686T>C (p.Ile229Thr)')",0.1653,LBen,False
MLH1,NM_000249.4(MLH1):c.685A>C (p.Ile229Leu),229,Unannotated / linker,93.62,5.997897148132324,18.0,1.0,True,0.5823533110178044,True,agree: both flag,not provided; Hereditary nonpolyposis colorectal neoplasms,"('MLH1', 'NM_000249.4(MLH1):c.685A>C (p.Ile229Leu)')",0.0714,LBen,False
MLH1,NM_000249.4(MLH1):c.685A>G (p.Ile229Val),229,Unannotated / linker,93.62,5.997897148132324,18.0,1.0,True,0.5823533110178044,True,agree: both flag,Hereditary nonpolyposis colorectal neoplasms,"('MLH1', 'NM_000249.4(MLH1):c.685A>G (p.Ile229Val)')",0.0892,LBen,False
PTEN,NM_000314.8(PTEN):c.771C>A (p.Phe257Leu),257,C2 (tensin-type) domain,98.56,5.979287147521973,15.0,1.0,True,0.581765029555948,True,agree: both flag,Hereditary cancer-predisposing syndrome,"('PTEN', 'NM_000314.8(PTEN):c.771C>A (p.Phe257Leu)')",0.9959,LPath,True
LDLR,NM_000527.5(LDLR):c.1393T>A (p.Tyr465Asn),465,LDL-receptor class B 2,84.81,5.907573699951172,11.0,1.0,True,0.5812849349656312,True,agree: both flag,"Hypercholesterolemia, familial, 1","('LDLR', 'NM_000527.5(LDLR):c.1393T>A (p.Tyr465Asn)')",0.1243,LBen,False
LDLR,NM_000527.5(LDLR):c.1394A>G (p.Tyr465Cys),465,LDL-receptor class B 2,84.81,5.907573699951172,11.0,1.0,True,0.5812849349656312,True,agree: both flag,"Hypercholesterolemia, familial, 1","('LDLR', 'NM_000527.5(LDLR):c.1394A>G (p.Tyr465Cys)')",0.1748,LBen,False
RET,NM_020975.6(RET):c.2335C>G (p.Leu779Val),779,Protein kinase,93.75,5.9234299659729,11.0,1.0,True,0.581248134348159,True,agree: both flag,Hereditary cancer-predisposing syndrome,"('RET', 'NM_020975.6(RET):c.2335C>G (p.Leu779Val)')",0.6915,LPath,True
MLH1,NM_000249.4(MLH1):c.948C>G (p.Phe316Leu),316,Unannotated / linker,85.88,5.950472831726074,12.0,1.0,True,0.580748467432863,True,agree: both flag,Lynch syndrome,"('MLH1', 'NM_000249.4(MLH1):c.948C>G (p.Phe316Leu)')",0.9845,LPath,True
MLH1,NM_000249.4(MLH1):c.946T>C (p.Phe316Leu),316,Unannotated / linker,85.88,5.950472831726074,12.0,1.0,True,0.580748467432863,True,agree: both flag,Hereditary nonpolyposis colorectal neoplasms,"('MLH1', 'NM_000249.4(MLH1):c.946T>C (p.Phe316Leu)')",0.9845,LPath,True
MYO7A,NM_000260.4(MYO7A):c.112G>A (p.Val38Met),38,Unannotated / linker,83.31,5.999650478363037,12.0,1.0,True,0.579515974760615,True,agree: both flag,Inborn genetic diseases,"('MYO7A', 'NM_000260.4(MYO7A):c.112G>A (p.Val38Met)')",0.6066,LPath,True
